{
"type": "FeatureCollection",
"name": "regions",
"crs": { "type": "name", "properties": { "name": "urn:ogc:def:crs:OGC:1.3:CRS84" } },
"features": [
{ "type": "Feature", "properties": { "region": "강원", "region_full": "강원 권역", "sheet_count": 2478 }, "geometry": { "type": "MultiPolygon", "coordinates": [ [ [ [ 128.000000004991136, 36.900000003807463 ], [ 127.999999999763261, 36.925000004521252 ], [ 128.000000004649763, 36.950000001486991 ], [ 127.999999999419288, 36.974999996565607 ], [ 128.000000004302194, 36.999999995954923 ], [ 127.99999999905981, 37.025000002417379 ], [ 128.000000003764455, 37.049999996010115 ], [ 127.999999998323545, 37.075000003833736 ], [ 128.000000002781007, 37.099999999635742 ], [ 127.999999995846224, 37.125000001507622 ], [ 128.000000001065644, 37.150000000309355 ], [ 128.00000000495686, 37.175000004183914 ], [ 127.999999996106979, 37.199999996026378 ], [ 127.999999999443247, 37.225000001845906 ], [ 128.000000001243905, 37.249999995533479 ], [ 128.00000000391131, 37.275000004094672 ], [ 128.00000000384594, 37.29999999957537 ], [ 128.000000004525674, 37.325000000864058 ], [ 128.00000000359671, 37.349999998029489 ], [ 128.000000002221896, 37.375000000956049 ], [ 127.999999999180304, 37.400000000609317 ], [ 127.99999999556367, 37.424999996057657 ], [ 128.000000002711971, 37.449999997142491 ], [ 127.999999996855678, 37.47500000393876 ], [ 128.000000000450825, 37.499999997397396 ], [ 128.000000004548667, 37.524999996459442 ], [ 127.999999994401946, 37.550000001161976 ], [ 127.999999994812896, 37.575000001459863 ], [ 128.000000004634188, 37.599999998234168 ], [ 128.000000002367813, 37.624999999662961 ], [ 127.999999998118383, 37.649999997566404 ], [ 128.000000003252808, 37.675000000884729 ], [ 127.999999995002156, 37.70000000067629 ], [ 127.999999997199282, 37.725000004025908 ], [ 127.999999997234397, 37.749999995639882 ], [ 127.999999995243897, 37.775000000730046 ], [ 128.000000003573717, 37.800000002094386 ], [ 127.999999997205521, 37.824999999814665 ], [ 128.000000001153751, 37.850000001872154 ], [ 128.000000001698538, 37.875000000189054 ], [ 128.000000001134708, 37.900000002843129 ], [ 127.99999999824314, 37.92500000260506 ], [ 128.000000004353438, 37.949999996698828 ], [ 127.999999995612995, 37.974999996918626 ], [ 128.024999996964596, 37.974999998379708 ], [ 128.049999996568886, 37.975000000116466 ], [ 128.075000003505238, 37.975000002025823 ], [ 128.100000005213218, 37.975000003203213 ], [ 128.125000001670514, 37.975000004487967 ], [ 128.150000001868762, 37.974999995851483 ], [ 128.174999994556657, 37.974999996211849 ], [ 128.200000001337429, 37.975000004470168 ], [ 128.224999995826636, 37.975000002678016 ], [ 128.250000003132897, 37.975000000517838 ], [ 128.274999997022007, 37.974999996269666 ], [ 128.299999999211423, 37.975000000524702 ], [ 128.324999998184666, 37.975000003356726 ], [ 128.325000003389789, 37.999999997348155 ], [ 128.349999995064934, 37.999999999310326 ], [ 128.375000002959553, 37.99999999836232 ], [ 128.400000004367826, 38.000000002682974 ], [ 128.424999996788927, 37.999999995974612 ], [ 128.450000003289091, 38.000000003190436 ], [ 128.474999999596207, 37.999999998281794 ], [ 128.475000002827699, 38.024999996688194 ], [ 128.500000002267228, 38.025000000264257 ], [ 128.499999998867708, 38.050000001830931 ], [ 128.524999995006368, 38.050000002668128 ], [ 128.52499999562761, 38.074999996535674 ], [ 128.550000003935082, 38.075000001252747 ], [ 128.549999995586006, 38.099999997507197 ], [ 128.574999996076201, 38.100000003132706 ], [ 128.574999999801747, 38.124999999853245 ], [ 128.599999998617307, 38.12499999688481 ], [ 128.600000001406102, 38.150000002381994 ], [ 128.625000000368146, 38.149999996686844 ], [ 128.649999994970472, 38.149999997258959 ], [ 128.650000001888969, 38.125000004219615 ], [ 128.675000006059946, 38.124999996249237 ], [ 128.67499999483033, 38.100000000204311 ], [ 128.699999999429082, 38.0999999960381 ], [ 128.700000003423526, 38.074999997299507 ], [ 128.70000000179931, 38.050000000302354 ], [ 128.724999994746383, 38.049999999747961 ], [ 128.724999998702685, 38.025000002830964 ], [ 128.75000000298553, 38.025000003016501 ], [ 128.749999999012658, 37.999999998883013 ], [ 128.774999995063695, 38.000000002392284 ], [ 128.775000005269789, 37.975000001404695 ], [ 128.799999994989918, 37.975000000691388 ], [ 128.800000004731487, 37.949999995591611 ], [ 128.799999994403379, 37.925000004135207 ], [ 128.824999999963069, 37.924999996239535 ], [ 128.850000000268807, 37.924999995823036 ], [ 128.850000003406194, 37.899999998222505 ], [ 128.849999996016066, 37.875000003823594 ], [ 128.875000003746578, 37.875000004813678 ], [ 128.874999995883684, 37.850000003305581 ], [ 128.900000002990367, 37.850000002034641 ], [ 128.90000000180757, 37.82499999588395 ], [ 128.925000000084566, 37.824999995790527 ], [ 128.925000005092983, 37.800000003786323 ], [ 128.949999997503767, 37.79999999827362 ], [ 128.94999999490085, 37.774999996121117 ], [ 128.974999994951759, 37.774999996494721 ], [ 128.974999994479958, 37.750000002885017 ], [ 128.999999994883126, 37.750000002685752 ], [ 129.000000005601549, 37.725000002076875 ], [ 129.024999996967296, 37.725000003898359 ], [ 129.025000005582172, 37.699999998167506 ], [ 129.050000002336162, 37.700000004309857 ], [ 129.075000003155083, 37.699999998250078 ], [ 129.075000000587693, 37.674999999258951 ], [ 129.074999998251087, 37.649999998467955 ], [ 129.074999995281644, 37.62500000402315 ], [ 129.100000004330894, 37.625000001959968 ], [ 129.09999999699852, 37.599999998895726 ], [ 129.125000002279137, 37.600000002143361 ], [ 129.125000001319819, 37.575000001989046 ], [ 129.124999998080625, 37.550000000678097 ], [ 129.149999995349845, 37.549999998855661 ], [ 129.150000001425752, 37.525000002471863 ], [ 129.149999999817652, 37.49999999630532 ], [ 129.174999994593378, 37.499999996038802 ], [ 129.175000004114537, 37.474999996851835 ], [ 129.200000001657514, 37.475000002516559 ], [ 129.199999997594034, 37.450000004353861 ], [ 129.199999995709106, 37.424999996879315 ], [ 129.225000002181247, 37.424999995846242 ], [ 129.225000002312925, 37.400000000302171 ], [ 129.249999996944638, 37.400000003076933 ], [ 129.275000003823635, 37.399999998707536 ], [ 129.275000004913892, 37.375000003996981 ], [ 129.27500000138312, 37.35000000188591 ], [ 129.275000002540537, 37.32499999946824 ], [ 129.299999995714643, 37.324999999910879 ], [ 129.324999995671732, 37.32500000478376 ], [ 129.325000002265483, 37.300000003321429 ], [ 129.350000001715443, 37.300000004242627 ], [ 129.349999999027403, 37.274999998028363 ], [ 129.35000000579214, 37.250000003190372 ], [ 129.374999999643961, 37.249999998257337 ], [ 129.374999998966899, 37.224999999953496 ], [ 129.349999997991745, 37.225000001200897 ], [ 129.349999999626107, 37.200000000721253 ], [ 129.349999999562328, 37.175000002850496 ], [ 129.374999996238017, 37.175000002050581 ], [ 129.375000004546621, 37.150000002334963 ], [ 129.375000004680942, 37.124999996664869 ], [ 129.400000005226531, 37.125000002539785 ], [ 129.399999994225084, 37.099999997581982 ], [ 129.425000001231155, 37.099999999070661 ], [ 129.425000000850986, 37.074999997312851 ], [ 129.450000004748318, 37.074999995459088 ], [ 129.450000000732359, 37.04999999907816 ], [ 129.425000001278249, 37.049999998251174 ], [ 129.425000003775779, 37.025000002790421 ], [ 129.424999996976311, 37.000000001224784 ], [ 129.425000004859584, 36.975000004004841 ], [ 129.425000002560438, 36.950000000742563 ], [ 129.425000003921269, 36.925000001151943 ], [ 129.424999995344791, 36.899999995563327 ], [ 129.425000002104156, 36.87500000251903 ], [ 129.449999995576121, 36.874999999751111 ], [ 129.450000003721073, 36.84999999755226 ], [ 129.474999998733438, 36.84999999906281 ], [ 129.47499999542552, 36.824999998925399 ], [ 129.475000005880332, 36.800000002135413 ], [ 129.475000005357032, 36.775000001016537 ], [ 129.500000002161102, 36.775000000576249 ], [ 129.499999999251457, 36.750000004057107 ], [ 129.474999996456006, 36.75000000456324 ], [ 129.450000004592312, 36.750000000266304 ], [ 129.425000001765596, 36.750000001668148 ], [ 129.400000001450309, 36.750000000657714 ], [ 129.37500000499125, 36.749999996534271 ], [ 129.350000001634584, 36.749999997796934 ], [ 129.325000004906229, 36.749999998138854 ], [ 129.300000005122229, 36.75000000423185 ], [ 129.27500000326765, 36.750000000043599 ], [ 129.24999999998613, 36.750000002894886 ], [ 129.22499999737164, 36.749999995831516 ], [ 129.199999996076286, 36.749999997071903 ], [ 129.174999999480576, 36.74999999685145 ], [ 129.149999995532539, 36.749999996435918 ], [ 129.124999996794656, 36.749999995840497 ], [ 129.099999995860514, 36.750000004370406 ], [ 129.075000002675779, 36.750000004050641 ], [ 129.049999996380478, 36.750000003453053 ], [ 129.025000003011343, 36.750000004218251 ], [ 128.999999997982286, 36.749999996926078 ], [ 128.974999997568915, 36.749999999569361 ], [ 128.950000001836742, 36.750000003307562 ], [ 128.924999999680665, 36.750000000332399 ], [ 128.90000000381815, 36.749999998768224 ], [ 128.874999995454118, 36.749999998998859 ], [ 128.849999996125803, 36.750000001833165 ], [ 128.824999995841097, 36.749999998530875 ], [ 128.799999997227502, 36.749999997329311 ], [ 128.775000001662647, 36.749999999267303 ], [ 128.749999999293891, 36.75000000369706 ], [ 128.725000001448677, 36.750000003431651 ], [ 128.699999999388353, 36.749999996901643 ], [ 128.674999994786077, 36.75000000405872 ], [ 128.649999998642954, 36.749999996086061 ], [ 128.625000002666326, 36.75000000114543 ], [ 128.599999996763529, 36.750000002334055 ], [ 128.575000003571176, 36.749999998667725 ], [ 128.550000003300852, 36.749999999468606 ], [ 128.524999996085, 36.749999996740449 ], [ 128.49999999570602, 36.749999997694005 ], [ 128.475000003445501, 36.749999996129496 ], [ 128.449999997237967, 36.749999999553438 ], [ 128.425000001856944, 36.749999998860787 ], [ 128.399999996279917, 36.749999995226695 ], [ 128.375000003259032, 36.749999997596952 ], [ 128.350000002771708, 36.749999997210139 ], [ 128.324999996272368, 36.750000002263818 ], [ 128.299999995033232, 36.749999996548624 ], [ 128.275000001713039, 36.749999996370242 ], [ 128.250000005367383, 36.750000003696208 ], [ 128.224999997085945, 36.749999998834596 ], [ 128.200000000828595, 36.7500000015539 ], [ 128.174999994342784, 36.750000002153868 ], [ 128.150000002526497, 36.75000000147265 ], [ 128.125000004328029, 36.749999997903323 ], [ 128.100000000079064, 36.750000002331177 ], [ 128.075000003324249, 36.749999996728107 ], [ 128.050000004358679, 36.74999999833917 ], [ 128.02500000336488, 36.749999999113719 ], [ 128.000000001708571, 36.749999999106571 ], [ 128.000000005741526, 36.77499999980521 ], [ 127.999999997643698, 36.799999997915286 ], [ 128.000000002094225, 36.825000001418594 ], [ 127.999999995467661, 36.850000002273752 ], [ 128.00000000016334, 36.875000000359144 ], [ 128.000000004991136, 36.900000003807463 ] ] ], [ [ [ 131.875000000928395, 37.224999998331839 ], [ 131.850000005299847, 37.224999996172379 ], [ 131.850000005950619, 37.249999999052157 ], [ 131.875000002372701, 37.249999996440707 ], [ 131.875000000928395, 37.224999998331839 ] ] ], [ [ [ 130.7999999997202, 37.525000003709835 ], [ 130.799999997216617, 37.549999997416933 ], [ 130.82499999753523, 37.549999996220883 ], [ 130.850000002057641, 37.550000002997798 ], [ 130.874999998573941, 37.549999999698429 ], [ 130.899999996788665, 37.550000002786767 ], [ 130.900000005049236, 37.575000000290395 ], [ 130.925000002514508, 37.574999998600582 ], [ 130.92499999623314, 37.550000003784383 ], [ 130.950000005800121, 37.550000001144191 ], [ 130.949999994228961, 37.525000000408987 ], [ 130.925000002189876, 37.524999998023823 ], [ 130.924999998741498, 37.499999998180904 ], [ 130.924999998200292, 37.47499999670714 ], [ 130.925000000018258, 37.450000001743689 ], [ 130.900000005586975, 37.450000002140882 ], [ 130.874999996561911, 37.450000004004856 ], [ 130.849999998699957, 37.449999999771116 ], [ 130.825000001240994, 37.449999999140061 ], [ 130.800000004302774, 37.450000002486512 ], [ 130.799999997817366, 37.475000002775779 ], [ 130.800000004362033, 37.499999996656769 ], [ 130.774999996645533, 37.500000001703214 ], [ 130.77499999571117, 37.524999998264967 ], [ 130.7999999997202, 37.525000003709835 ] ] ] ] } },
{ "type": "Feature", "properties": { "region": "경남", "region_full": "경남 권역", "sheet_count": 1950 }, "geometry": { "type": "MultiPolygon", "coordinates": [ [ [ [ 127.999999998027832, 34.800000003972158 ], [ 128.000000005393701, 34.825000003595527 ], [ 127.99999999550613, 34.850000003046283 ], [ 128.000000001146475, 34.875000002156021 ], [ 128.000000000405322, 34.900000000079352 ], [ 128.000000005297437, 34.924999997635098 ], [ 128.000000003802256, 34.950000002954837 ], [ 127.999999995781906, 34.974999998872718 ], [ 128.000000003228394, 35.000000003299583 ], [ 128.000000004089202, 35.024999997356566 ], [ 127.999999998439947, 35.049999999044857 ], [ 127.999999997170804, 35.075000001072553 ], [ 128.000000001338208, 35.10000000069715 ], [ 127.999999997765315, 35.125000000645166 ], [ 127.999999999574214, 35.149999998124514 ], [ 128.000000004561741, 35.174999995816613 ], [ 128.00000000286002, 35.200000000943056 ], [ 127.999999994324014, 35.22499999543782 ], [ 128.000000001024347, 35.249999999014548 ], [ 128.000000000884256, 35.275000000009889 ], [ 128.000000004878586, 35.300000000149481 ], [ 128.000000000880561, 35.324999999451094 ], [ 128.000000002060602, 35.349999997828093 ], [ 127.999999995234518, 35.375000003417917 ], [ 128.000000002279364, 35.399999998064416 ], [ 128.000000003468301, 35.425000000752355 ], [ 127.999999996507782, 35.450000002442586 ], [ 128.000000004502937, 35.475000002105908 ], [ 128.000000004290428, 35.500000000708134 ], [ 127.999999996931194, 35.524999997311561 ], [ 128.000000004516664, 35.550000001711147 ], [ 128.000000003744304, 35.574999995938953 ], [ 127.999999994684003, 35.599999997094542 ], [ 128.0000000015431, 35.62499999693128 ], [ 127.999999998951594, 35.650000003637835 ], [ 128.000000000024784, 35.674999999997404 ], [ 128.000000004843969, 35.700000003109615 ], [ 128.00000000001441, 35.724999996769675 ], [ 127.999999998865988, 35.749999996218875 ], [ 128.024999998311159, 35.750000002496137 ], [ 128.050000001100472, 35.750000001737952 ], [ 128.07499999472094, 35.750000004758149 ], [ 128.100000000789976, 35.749999999667317 ], [ 128.125000005694346, 35.749999997278593 ], [ 128.149999996852586, 35.749999997588503 ], [ 128.174999995961144, 35.749999999507132 ], [ 128.200000001497301, 35.75000000296027 ], [ 128.224999998584849, 35.749999998936495 ], [ 128.250000000154785, 35.74999999629258 ], [ 128.275000001375048, 35.749999995871555 ], [ 128.300000002917471, 35.749999995776093 ], [ 128.325000003276728, 35.749999997726725 ], [ 128.349999999805476, 35.749999999843908 ], [ 128.375000003154923, 35.750000002855472 ], [ 128.399999998428996, 35.749999997750983 ], [ 128.424999998681585, 35.750000002362476 ], [ 128.449999998854906, 35.749999997685705 ], [ 128.475000000964627, 35.750000002527393 ], [ 128.499999999941053, 35.749999997881595 ], [ 128.524999996705617, 35.750000002559446 ], [ 128.550000000553069, 35.749999997428489 ], [ 128.574999998039999, 35.750000001415479 ], [ 128.599999998560634, 35.750000003494222 ], [ 128.625000001593236, 35.749999996326977 ], [ 128.650000005851467, 35.749999996923286 ], [ 128.674999996415977, 35.749999996278312 ], [ 128.699999997317263, 35.750000002137959 ], [ 128.725000003471024, 35.749999998179341 ], [ 128.750000005871044, 35.75000000147967 ], [ 128.774999999524653, 35.750000002031143 ], [ 128.799999996189172, 35.750000000464873 ], [ 128.825000005396049, 35.749999996522263 ], [ 128.850000002534983, 35.749999998431001 ], [ 128.874999997005403, 35.749999997819515 ], [ 128.89999999958593, 35.750000002517346 ], [ 128.924999996449827, 35.750000004405749 ], [ 128.949999998200497, 35.750000001390916 ], [ 128.975000002253267, 35.749999996036728 ], [ 128.999999997418314, 35.750000003634931 ], [ 129.025000002692764, 35.749999997630411 ], [ 129.04999999589927, 35.749999997056548 ], [ 129.074999996490646, 35.749999999681762 ], [ 129.100000003906956, 35.74999999811255 ], [ 129.125000004604829, 35.749999999552614 ], [ 129.149999997081892, 35.750000004738197 ], [ 129.175000003932752, 35.750000003249994 ], [ 129.19999999823699, 35.749999997066723 ], [ 129.225000003138774, 35.750000001892339 ], [ 129.250000005674025, 35.749999999676916 ], [ 129.27500000342684, 35.750000000169223 ], [ 129.299999994875776, 35.750000003187232 ], [ 129.325000001467743, 35.749999997380741 ], [ 129.349999998913887, 35.750000002733024 ], [ 129.374999997417063, 35.74999999994283 ], [ 129.39999999565967, 35.749999997825569 ], [ 129.425000002089035, 35.749999996925112 ], [ 129.450000004083819, 35.74999999541253 ], [ 129.475000001469994, 35.750000002981054 ], [ 129.500000002229541, 35.750000001240174 ], [ 129.499999998091738, 35.72499999636041 ], [ 129.500000005282288, 35.699999997228588 ], [ 129.500000003803308, 35.674999995190035 ], [ 129.474999996608062, 35.675000001282264 ], [ 129.475000003208379, 35.649999995672388 ], [ 129.450000004817269, 35.649999998057815 ], [ 129.450000000079399, 35.625000000948589 ], [ 129.474999996850528, 35.62499999688157 ], [ 129.474999998579591, 35.600000002789493 ], [ 129.474999998154743, 35.574999996463788 ], [ 129.474999996134699, 35.549999995952824 ], [ 129.475000002533392, 35.525000000219073 ], [ 129.47499999632069, 35.500000001521705 ], [ 129.450000000883961, 35.499999998647816 ], [ 129.449999998162639, 35.474999996601525 ], [ 129.424999999245955, 35.475000000659115 ], [ 129.425000002566009, 35.450000003410686 ], [ 129.39999999484246, 35.450000000403712 ], [ 129.400000005262712, 35.424999999910227 ], [ 129.374999996138712, 35.425000000892076 ], [ 129.375000002865448, 35.400000000125793 ], [ 129.374999999582428, 35.37500000338693 ], [ 129.374999998297682, 35.350000001502593 ], [ 129.3499999943148, 35.34999999915258 ], [ 129.350000004347578, 35.324999995441544 ], [ 129.325000001961996, 35.32499999674598 ], [ 129.325000001686931, 35.300000001586575 ], [ 129.299999998031126, 35.300000000674821 ], [ 129.275000002851783, 35.300000001906149 ], [ 129.275000001632833, 35.274999996776714 ], [ 129.274999996241604, 35.250000003593257 ], [ 129.274999995176984, 35.225000004229486 ], [ 129.249999997069011, 35.224999996942579 ], [ 129.249999996717861, 35.199999999867963 ], [ 129.249999996102531, 35.174999995561066 ], [ 129.225000001177506, 35.174999997391993 ], [ 129.224999997847249, 35.149999995363665 ], [ 129.199999997327637, 35.1500000012066 ], [ 129.17499999758266, 35.150000001728834 ], [ 129.149999999156734, 35.149999998026466 ], [ 129.150000005209989, 35.124999996791026 ], [ 129.150000003390915, 35.099999997366794 ], [ 129.149999995993028, 35.074999999752862 ], [ 129.124999998602703, 35.074999998513405 ], [ 129.100000003904825, 35.074999998290558 ], [ 129.10000000506804, 35.05000000394481 ], [ 129.099999999890827, 35.025000001952471 ], [ 129.074999999219727, 35.025000000294419 ], [ 129.075000000974768, 35.050000004286574 ], [ 129.050000004605579, 35.049999998574904 ], [ 129.024999994732383, 35.049999995382969 ], [ 129.024999995998257, 35.025000003162894 ], [ 128.999999997635513, 35.024999998090038 ], [ 128.974999999777168, 35.024999998260377 ], [ 128.95000000391363, 35.024999995719796 ], [ 128.925000000852293, 35.024999997965651 ], [ 128.924999998519468, 35.050000002874249 ], [ 128.900000001296632, 35.050000001344223 ], [ 128.875000000247354, 35.049999996052996 ], [ 128.875000002473797, 35.02500000452887 ], [ 128.849999998199451, 35.024999998464416 ], [ 128.85000000025056, 34.999999999762281 ], [ 128.850000005562038, 34.974999999159266 ], [ 128.824999994722674, 34.975000002329423 ], [ 128.799999996239876, 34.974999997943847 ], [ 128.800000003093089, 35.000000004009138 ], [ 128.774999995019016, 35.000000001364661 ], [ 128.774999998889342, 34.97500000341693 ], [ 128.775000001643377, 34.950000003031441 ], [ 128.75000000255352, 34.950000002076102 ], [ 128.750000005087827, 34.924999998836064 ], [ 128.750000002019533, 34.900000002087367 ], [ 128.775000005271892, 34.900000000469504 ], [ 128.774999995379375, 34.875000000273452 ], [ 128.75000000529343, 34.875000000919037 ], [ 128.750000001877964, 34.849999997300749 ], [ 128.774999995575314, 34.849999995846808 ], [ 128.774999995156179, 34.824999998154375 ], [ 128.77499999513401, 34.799999997299288 ], [ 128.750000003918359, 34.799999996972872 ], [ 128.74999999641085, 34.775000001363075 ], [ 128.725000001738039, 34.77499999765741 ], [ 128.725000000985546, 34.749999999445208 ], [ 128.699999999512045, 34.750000004716505 ], [ 128.700000004445656, 34.724999995324154 ], [ 128.675000003482097, 34.72500000289596 ], [ 128.649999997488464, 34.725000002601057 ], [ 128.650000000562954, 34.699999998791249 ], [ 128.650000001411399, 34.675000000077929 ], [ 128.624999999479343, 34.674999996101612 ], [ 128.599999996758811, 34.674999996887358 ], [ 128.599999998043046, 34.649999998653094 ], [ 128.599999998480428, 34.624999996200074 ], [ 128.599999999330294, 34.59999999766589 ], [ 128.574999996591629, 34.59999999630103 ], [ 128.575000004830258, 34.575000002278813 ], [ 128.549999999887234, 34.575000002552656 ], [ 128.549999996918331, 34.549999996574407 ], [ 128.524999997301421, 34.550000003601284 ], [ 128.524999998355355, 34.574999997610199 ], [ 128.524999996643913, 34.600000004153017 ], [ 128.525000001603047, 34.624999996965961 ], [ 128.525000002592634, 34.650000002255595 ], [ 128.549999997593943, 34.649999999995075 ], [ 128.549999995593964, 34.675000004201927 ], [ 128.525000000432669, 34.675000002848336 ], [ 128.524999995052042, 34.699999997809698 ], [ 128.524999995238261, 34.724999996049817 ], [ 128.500000003860094, 34.724999996964243 ], [ 128.500000001200675, 34.700000004369116 ], [ 128.475000004053925, 34.699999997530362 ], [ 128.449999994694508, 34.700000003630365 ], [ 128.424999996343985, 34.699999996450678 ], [ 128.424999997632568, 34.674999999265978 ], [ 128.400000005325637, 34.67500000020793 ], [ 128.375000005528648, 34.674999998043276 ], [ 128.374999997541806, 34.700000004299007 ], [ 128.375000001341704, 34.725000003889029 ], [ 128.374999995041463, 34.749999996937007 ], [ 128.349999997922652, 34.749999997671203 ], [ 128.349999996421758, 34.775000003192936 ], [ 128.350000000704171, 34.800000000956388 ], [ 128.324999994419443, 34.800000003318864 ], [ 128.325000000077551, 34.825000003324973 ], [ 128.299999999796256, 34.825000000910073 ], [ 128.299999997354405, 34.849999999456323 ], [ 128.324999995815205, 34.850000004500323 ], [ 128.32500000446305, 34.874999997639463 ], [ 128.300000002057203, 34.874999999799016 ], [ 128.275000001204205, 34.875000003814591 ], [ 128.250000002404704, 34.87500000256474 ], [ 128.25000000313986, 34.850000003645029 ], [ 128.250000001397382, 34.824999997324383 ], [ 128.274999999657211, 34.824999996477239 ], [ 128.275000002558244, 34.800000003063886 ], [ 128.274999997996503, 34.775000002467813 ], [ 128.250000002987434, 34.774999996803068 ], [ 128.249999996568533, 34.750000002729585 ], [ 128.224999999152772, 34.749999995947768 ], [ 128.199999996790467, 34.750000001495827 ], [ 128.200000004777564, 34.774999997375168 ], [ 128.20000000212724, 34.800000003808485 ], [ 128.175000002196242, 34.799999998558896 ], [ 128.150000000884575, 34.800000002431482 ], [ 128.124999999721467, 34.799999997462116 ], [ 128.124999996438532, 34.825000002960238 ], [ 128.100000003706811, 34.824999999476965 ], [ 128.07500000376038, 34.825000002802447 ], [ 128.075000001582481, 34.800000003666163 ], [ 128.07499999539624, 34.775000003689172 ], [ 128.074999999452444, 34.750000004641478 ], [ 128.074999999500704, 34.724999995803046 ], [ 128.074999997891609, 34.699999996133833 ], [ 128.075000004413567, 34.674999995702237 ], [ 128.04999999625943, 34.675000001663847 ], [ 128.025000003190826, 34.674999998402363 ], [ 127.999999995357939, 34.675000003248037 ], [ 127.999999998856254, 34.699999997283882 ], [ 127.999999996235033, 34.724999999387094 ], [ 127.999999999429747, 34.750000001358579 ], [ 127.99999999639644, 34.775000003213741 ], [ 127.999999998027832, 34.800000003972158 ] ], [ [ 128.700000001491901, 34.775000000481086 ], [ 128.674999995030817, 34.775000000965662 ], [ 128.675000003510974, 34.749999999294261 ], [ 128.699999999512045, 34.750000004716505 ], [ 128.700000001491901, 34.775000000481086 ] ], [ [ 128.575000004180794, 35.049999995913929 ], [ 128.549999996495131, 35.049999997597716 ], [ 128.524999996912584, 35.04999999745575 ], [ 128.525000000869255, 35.074999998183387 ], [ 128.50000000041635, 35.074999996693847 ], [ 128.499999996105686, 35.049999995693987 ], [ 128.500000002783253, 35.024999998212962 ], [ 128.524999997742185, 35.024999999553984 ], [ 128.524999994645952, 35.000000004584074 ], [ 128.549999997827229, 34.999999998173699 ], [ 128.574999997947145, 35.000000003227633 ], [ 128.574999996580999, 34.974999999569832 ], [ 128.599999994954516, 34.975000001792608 ], [ 128.600000004077117, 35.000000000602753 ], [ 128.600000001746281, 35.025000003848533 ], [ 128.599999996527373, 35.050000001501644 ], [ 128.575000004180794, 35.049999995913929 ] ], [ [ 128.550000004153304, 34.974999999430075 ], [ 128.549999999288985, 34.949999995793874 ], [ 128.549999995563411, 34.925000004323188 ], [ 128.574999997965733, 34.925000002126936 ], [ 128.574999999852508, 34.949999999163225 ], [ 128.574999996580999, 34.974999999569832 ], [ 128.550000004153304, 34.974999999430075 ] ], [ [ 128.550000001028053, 34.825000001971311 ], [ 128.549999998606495, 34.800000002425136 ], [ 128.574999994494391, 34.799999997570175 ], [ 128.575000004033939, 34.825000000870823 ], [ 128.550000001028053, 34.825000001971311 ] ], [ [ 128.100000001071493, 34.849999998230921 ], [ 128.125000000775628, 34.849999999597543 ], [ 128.150000002569129, 34.849999997868132 ], [ 128.150000004598724, 34.875000000047578 ], [ 128.125000000737231, 34.874999996419639 ], [ 128.124999997447048, 34.90000000240466 ], [ 128.100000000046748, 34.899999995884073 ], [ 128.09999999913282, 34.874999997048022 ], [ 128.075000001437303, 34.875000001098101 ], [ 128.075000004087997, 34.850000001955848 ], [ 128.100000001071493, 34.849999998230921 ] ], [ [ 128.249999994639722, 34.925000002408233 ], [ 128.225000003217104, 34.924999996372456 ], [ 128.224999999123071, 34.900000004145852 ], [ 128.249999999221188, 34.900000002165719 ], [ 128.249999994639722, 34.925000002408233 ] ], [ [ 128.449999998779049, 34.949999999163921 ], [ 128.475000003708431, 34.94999999875683 ], [ 128.47500000209871, 34.974999995255118 ], [ 128.450000004950141, 34.975000001331026 ], [ 128.449999998779049, 34.949999999163921 ] ], [ [ 128.750000001641922, 35.049999999289724 ], [ 128.750000003495302, 35.075000002614352 ], [ 128.725000002849953, 35.074999998226907 ], [ 128.725000002483455, 35.049999997967944 ], [ 128.750000001641922, 35.049999999289724 ] ], [ [ 128.750000004759784, 35.025000000384438 ], [ 128.775000000904697, 35.024999995826875 ], [ 128.774999995794275, 35.049999996006491 ], [ 128.750000001641922, 35.049999999289724 ], [ 128.750000004759784, 35.025000000384438 ] ] ], [ [ [ 128.099999998908004, 34.474999995285074 ], [ 128.075000005125162, 34.475000003000289 ], [ 128.075000003315949, 34.50000000075331 ], [ 128.10000000273007, 34.500000000332619 ], [ 128.099999998908004, 34.474999995285074 ] ] ], [ [ [ 128.125000004292446, 34.599999998961046 ], [ 128.099999996410531, 34.599999995965057 ], [ 128.100000004625031, 34.62500000246434 ], [ 128.124999998413017, 34.625000002589339 ], [ 128.125000004292446, 34.599999998961046 ] ] ], [ [ [ 128.149999994751454, 34.725000000576344 ], [ 128.175000004213217, 34.724999995803771 ], [ 128.199999999890139, 34.72499999624069 ], [ 128.225000001944494, 34.725000001692813 ], [ 128.224999997689196, 34.699999998312641 ], [ 128.249999997684455, 34.700000000799491 ], [ 128.275000000480333, 34.699999999912649 ], [ 128.300000005554239, 34.700000003677808 ], [ 128.29999999911962, 34.674999997114611 ], [ 128.325000000187572, 34.674999996410058 ], [ 128.349999998947425, 34.675000002788728 ], [ 128.375000005528648, 34.674999998043276 ], [ 128.375000001525365, 34.650000003361292 ], [ 128.400000003257617, 34.649999999849065 ], [ 128.39999999611328, 34.625000002169848 ], [ 128.374999999582201, 34.625000002150792 ], [ 128.349999995894251, 34.625000002518732 ], [ 128.350000004064384, 34.600000000042691 ], [ 128.374999997650235, 34.600000002576103 ], [ 128.374999995702439, 34.574999997457134 ], [ 128.374999995047176, 34.550000003050336 ], [ 128.349999997630562, 34.550000003496585 ], [ 128.32499999646285, 34.550000001410965 ], [ 128.324999995040457, 34.575000000320692 ], [ 128.324999996177553, 34.600000000652173 ], [ 128.299999995320491, 34.600000004357035 ], [ 128.275000004193714, 34.600000001322968 ], [ 128.250000002795616, 34.600000002595195 ], [ 128.225000003645988, 34.599999998265481 ], [ 128.225000000382124, 34.624999996539024 ], [ 128.199999994884564, 34.624999996497529 ], [ 128.20000000459882, 34.649999998009775 ], [ 128.20000000379639, 34.674999999423449 ], [ 128.175000004211796, 34.675000000795357 ], [ 128.150000002566657, 34.675000000770645 ], [ 128.149999997809402, 34.700000000445861 ], [ 128.149999994751454, 34.725000000576344 ] ] ], [ [ [ 128.199999999107945, 34.550000000174862 ], [ 128.175000000686396, 34.550000003679258 ], [ 128.175000000591865, 34.575000001157697 ], [ 128.199999997563765, 34.574999998416509 ], [ 128.199999999107945, 34.550000000174862 ] ] ], [ [ [ 128.299999997473492, 34.725000004265034 ], [ 128.274999996324397, 34.724999995902927 ], [ 128.274999995930159, 34.750000002774819 ], [ 128.274999997996503, 34.775000002467813 ], [ 128.300000005408606, 34.774999999557416 ], [ 128.325000001763414, 34.77499999624424 ], [ 128.324999998289542, 34.750000000330886 ], [ 128.324999998071775, 34.72499999748203 ], [ 128.299999997473492, 34.725000004265034 ] ] ], [ [ [ 128.500000003550809, 34.500000002621007 ], [ 128.500000003007415, 34.474999996442158 ], [ 128.475000003694674, 34.474999995290027 ], [ 128.474999994290897, 34.500000004639588 ], [ 128.500000003550809, 34.500000002621007 ] ] ], [ [ [ 128.450000000242483, 34.525000001698579 ], [ 128.425000005324961, 34.525000002964518 ], [ 128.424999998001852, 34.550000001219182 ], [ 128.450000001213738, 34.550000000533402 ], [ 128.450000000242483, 34.525000001698579 ] ] ], [ [ [ 128.474999997717134, 34.625000000363102 ], [ 128.449999996835885, 34.624999997318007 ], [ 128.450000002984353, 34.649999999154566 ], [ 128.47499999867938, 34.650000001769143 ], [ 128.474999997717134, 34.625000000363102 ] ] ], [ [ [ 128.750000004906184, 34.525000003166113 ], [ 128.724999998145933, 34.525000002084219 ], [ 128.72499999445688, 34.550000002266728 ], [ 128.750000000898581, 34.550000002374126 ], [ 128.750000004906184, 34.525000003166113 ] ] ], [ [ [ 128.974999994945449, 34.874999998121737 ], [ 128.949999999376871, 34.875000002799531 ], [ 128.949999998693016, 34.900000004045864 ], [ 128.97499999851297, 34.900000004155913 ], [ 128.974999994945449, 34.874999998121737 ] ] ], [ [ [ 128.949999997672847, 34.925000004434743 ], [ 128.949999997329257, 34.950000003922476 ], [ 128.974999998869151, 34.949999997245534 ], [ 129.000000001851731, 34.950000000901582 ], [ 128.999999996405876, 34.925000000655579 ], [ 128.97499999652274, 34.925000001509957 ], [ 128.949999997672847, 34.925000004434743 ] ] ], [ [ [ 128.999999994441794, 34.975000000843615 ], [ 128.974999994699061, 34.975000001381119 ], [ 128.974999994555134, 34.999999995724323 ], [ 128.999999997068613, 34.999999999265938 ], [ 128.999999994441794, 34.975000000843615 ] ] ] ] } },
{ "type": "Feature", "properties": { "region": "경북", "region_full": "경북 권역", "sheet_count": 2313 }, "geometry": { "type": "Polygon", "coordinates": [ [ [ 128.00000000143632, 35.84999999641343 ], [ 128.000000003719407, 35.874999995556074 ], [ 127.999999997343068, 35.900000002157789 ], [ 128.000000003216968, 35.924999998069133 ], [ 128.000000002581828, 35.950000000468158 ], [ 128.00000000311519, 35.975000001178273 ], [ 127.99999999480346, 36.00000000021096 ], [ 127.999999999800181, 36.024999996542213 ], [ 127.999999997057657, 36.050000000147044 ], [ 127.999999995360923, 36.075000001041502 ], [ 127.999999996909068, 36.100000000088066 ], [ 127.99999999944761, 36.124999996364771 ], [ 128.000000005234199, 36.149999999749639 ], [ 128.000000000841823, 36.175000001253416 ], [ 127.999999998461021, 36.199999999894075 ], [ 127.999999998069896, 36.224999996543751 ], [ 127.999999999698275, 36.250000000188408 ], [ 128.000000003255366, 36.275000000881974 ], [ 127.999999996462435, 36.299999998646562 ], [ 128.000000002744827, 36.325000004173468 ], [ 127.999999999664141, 36.349999996792093 ], [ 127.999999998462286, 36.374999997161666 ], [ 127.999999997984773, 36.400000003454913 ], [ 127.999999999208356, 36.424999998509882 ], [ 128.000000002214705, 36.449999999426403 ], [ 127.999999994645265, 36.474999998113816 ], [ 127.999999999960508, 36.500000002558771 ], [ 127.999999994577024, 36.524999995702878 ], [ 128.000000002034085, 36.549999995449149 ], [ 127.999999998837453, 36.575000000966078 ], [ 127.999999997193001, 36.600000004060632 ], [ 127.999999995895607, 36.624999995694743 ], [ 127.999999996203343, 36.650000001978206 ], [ 127.999999995680497, 36.674999996749975 ], [ 127.999999997765542, 36.69999999709583 ], [ 128.000000000197161, 36.725000003898707 ], [ 128.000000001708571, 36.749999999106571 ], [ 128.02500000336488, 36.749999999113719 ], [ 128.050000004358679, 36.74999999833917 ], [ 128.075000003324249, 36.749999996728107 ], [ 128.100000000079064, 36.750000002331177 ], [ 128.125000004328029, 36.749999997903323 ], [ 128.150000002526497, 36.75000000147265 ], [ 128.174999994342784, 36.750000002153868 ], [ 128.200000000828595, 36.7500000015539 ], [ 128.224999997085945, 36.749999998834596 ], [ 128.250000005367383, 36.750000003696208 ], [ 128.275000001713039, 36.749999996370242 ], [ 128.299999995033232, 36.749999996548624 ], [ 128.324999996272368, 36.750000002263818 ], [ 128.350000002771708, 36.749999997210139 ], [ 128.375000003259032, 36.749999997596952 ], [ 128.399999996279917, 36.749999995226695 ], [ 128.425000001856944, 36.749999998860787 ], [ 128.449999997237967, 36.749999999553438 ], [ 128.475000003445501, 36.749999996129496 ], [ 128.49999999570602, 36.749999997694005 ], [ 128.524999996085, 36.749999996740449 ], [ 128.550000003300852, 36.749999999468606 ], [ 128.575000003571176, 36.749999998667725 ], [ 128.599999996763529, 36.750000002334055 ], [ 128.625000002666326, 36.75000000114543 ], [ 128.649999998642954, 36.749999996086061 ], [ 128.674999994786077, 36.75000000405872 ], [ 128.699999999388353, 36.749999996901643 ], [ 128.725000001448677, 36.750000003431651 ], [ 128.749999999293891, 36.75000000369706 ], [ 128.775000001662647, 36.749999999267303 ], [ 128.799999997227502, 36.749999997329311 ], [ 128.824999995841097, 36.749999998530875 ], [ 128.849999996125803, 36.750000001833165 ], [ 128.874999995454118, 36.749999998998859 ], [ 128.90000000381815, 36.749999998768224 ], [ 128.924999999680665, 36.750000000332399 ], [ 128.950000001836742, 36.750000003307562 ], [ 128.974999997568915, 36.749999999569361 ], [ 128.999999997982286, 36.749999996926078 ], [ 129.025000003011343, 36.750000004218251 ], [ 129.049999996380478, 36.750000003453053 ], [ 129.075000002675779, 36.750000004050641 ], [ 129.099999995860514, 36.750000004370406 ], [ 129.124999996794656, 36.749999995840497 ], [ 129.149999995532539, 36.749999996435918 ], [ 129.174999999480576, 36.74999999685145 ], [ 129.199999996076286, 36.749999997071903 ], [ 129.22499999737164, 36.749999995831516 ], [ 129.24999999998613, 36.750000002894886 ], [ 129.27500000326765, 36.750000000043599 ], [ 129.300000005122229, 36.75000000423185 ], [ 129.325000004906229, 36.749999998138854 ], [ 129.350000001634584, 36.749999997796934 ], [ 129.37500000499125, 36.749999996534271 ], [ 129.400000001450309, 36.750000000657714 ], [ 129.425000001765596, 36.750000001668148 ], [ 129.450000004592312, 36.750000000266304 ], [ 129.474999996456006, 36.75000000456324 ], [ 129.499999999251457, 36.750000004057107 ], [ 129.500000003820048, 36.725000003267937 ], [ 129.500000002554458, 36.699999998457123 ], [ 129.499999998051265, 36.674999998618944 ], [ 129.475000004586775, 36.674999996062887 ], [ 129.475000004304633, 36.649999998891637 ], [ 129.449999995428442, 36.649999996132962 ], [ 129.450000000802874, 36.625000002374058 ], [ 129.4250000049405, 36.625000002509772 ], [ 129.424999995939913, 36.600000004255442 ], [ 129.425000002062148, 36.575000001722458 ], [ 129.44999999608288, 36.57500000208173 ], [ 129.449999996486781, 36.550000003538905 ], [ 129.44999999462749, 36.524999999555853 ], [ 129.475000001751539, 36.525000001289534 ], [ 129.474999997072217, 36.499999996416072 ], [ 129.450000003171112, 36.500000000767137 ], [ 129.449999999640625, 36.474999996749354 ], [ 129.449999994449854, 36.449999997272691 ], [ 129.449999999958038, 36.425000001259434 ], [ 129.450000004922828, 36.400000000806592 ], [ 129.424999998367838, 36.399999997401956 ], [ 129.425000001975576, 36.37499999870456 ], [ 129.425000000702767, 36.350000003492688 ], [ 129.39999999552748, 36.350000003115525 ], [ 129.400000000538711, 36.325000000172231 ], [ 129.399999996148978, 36.300000001434157 ], [ 129.400000004517494, 36.27499999756116 ], [ 129.40000000257993, 36.249999997058723 ], [ 129.400000003803655, 36.224999999739083 ], [ 129.399999994761004, 36.199999997729215 ], [ 129.399999999131069, 36.174999999693597 ], [ 129.424999996272874, 36.174999999306252 ], [ 129.425000002739125, 36.150000000615023 ], [ 129.425000004052805, 36.124999997536705 ], [ 129.449999995151188, 36.124999996411439 ], [ 129.474999998911329, 36.1249999988773 ], [ 129.475000001898593, 36.099999998074097 ], [ 129.474999998655449, 36.075000003491695 ], [ 129.449999997247687, 36.075000000580623 ], [ 129.424999995443699, 36.074999995383955 ], [ 129.424999997960299, 36.049999996162924 ], [ 129.450000004934651, 36.05000000002579 ], [ 129.45000000382467, 36.024999995558218 ], [ 129.474999999799167, 36.025000001111863 ], [ 129.500000005252843, 36.024999997915948 ], [ 129.499999996241996, 36.049999998212989 ], [ 129.499999999096957, 36.074999995784495 ], [ 129.524999996673131, 36.075000004301522 ], [ 129.524999998665407, 36.100000002804173 ], [ 129.55000000338984, 36.100000003906715 ], [ 129.575000002169986, 36.100000001319252 ], [ 129.575000000137607, 36.075000004777038 ], [ 129.600000003070562, 36.074999996304093 ], [ 129.599999995702944, 36.049999995920835 ], [ 129.599999997320339, 36.02500000226663 ], [ 129.599999995386611, 35.999999998460716 ], [ 129.574999999851855, 35.999999999343061 ], [ 129.574999998654192, 35.975000002017865 ], [ 129.575000000680888, 35.95000000225717 ], [ 129.549999999284069, 35.949999997820939 ], [ 129.549999999597759, 35.924999996117876 ], [ 129.549999998860841, 35.900000001694835 ], [ 129.549999996915204, 35.875000003764136 ], [ 129.550000004972475, 35.850000003062625 ], [ 129.524999997335954, 35.849999999415651 ], [ 129.525000001013865, 35.824999996795128 ], [ 129.525000000428037, 35.800000000392046 ], [ 129.524999995471603, 35.77500000122081 ], [ 129.499999998567148, 35.77500000314393 ], [ 129.500000002229541, 35.750000001240174 ], [ 129.475000001469994, 35.750000002981054 ], [ 129.450000004083819, 35.74999999541253 ], [ 129.425000002089035, 35.749999996925112 ], [ 129.39999999565967, 35.749999997825569 ], [ 129.374999997417063, 35.74999999994283 ], [ 129.349999998913887, 35.750000002733024 ], [ 129.325000001467743, 35.749999997380741 ], [ 129.299999994875776, 35.750000003187232 ], [ 129.27500000342684, 35.750000000169223 ], [ 129.250000005674025, 35.749999999676916 ], [ 129.225000003138774, 35.750000001892339 ], [ 129.19999999823699, 35.749999997066723 ], [ 129.175000003932752, 35.750000003249994 ], [ 129.149999997081892, 35.750000004738197 ], [ 129.125000004604829, 35.749999999552614 ], [ 129.100000003906956, 35.74999999811255 ], [ 129.074999996490646, 35.749999999681762 ], [ 129.04999999589927, 35.749999997056548 ], [ 129.025000002692764, 35.749999997630411 ], [ 128.999999997418314, 35.750000003634931 ], [ 128.975000002253267, 35.749999996036728 ], [ 128.949999998200497, 35.750000001390916 ], [ 128.924999996449827, 35.750000004405749 ], [ 128.89999999958593, 35.750000002517346 ], [ 128.874999997005403, 35.749999997819515 ], [ 128.850000002534983, 35.749999998431001 ], [ 128.825000005396049, 35.749999996522263 ], [ 128.799999996189172, 35.750000000464873 ], [ 128.774999999524653, 35.750000002031143 ], [ 128.750000005871044, 35.75000000147967 ], [ 128.725000003471024, 35.749999998179341 ], [ 128.699999997317263, 35.750000002137959 ], [ 128.674999996415977, 35.749999996278312 ], [ 128.650000005851467, 35.749999996923286 ], [ 128.625000001593236, 35.749999996326977 ], [ 128.599999998560634, 35.750000003494222 ], [ 128.574999998039999, 35.750000001415479 ], [ 128.550000000553069, 35.749999997428489 ], [ 128.524999996705617, 35.750000002559446 ], [ 128.499999999941053, 35.749999997881595 ], [ 128.475000000964627, 35.750000002527393 ], [ 128.449999998854906, 35.749999997685705 ], [ 128.424999998681585, 35.750000002362476 ], [ 128.399999998428996, 35.749999997750983 ], [ 128.375000003154923, 35.750000002855472 ], [ 128.349999999805476, 35.749999999843908 ], [ 128.325000003276728, 35.749999997726725 ], [ 128.300000002917471, 35.749999995776093 ], [ 128.275000001375048, 35.749999995871555 ], [ 128.250000000154785, 35.74999999629258 ], [ 128.224999998584849, 35.749999998936495 ], [ 128.200000001497301, 35.75000000296027 ], [ 128.174999995961144, 35.749999999507132 ], [ 128.149999996852586, 35.749999997588503 ], [ 128.125000005694346, 35.749999997278593 ], [ 128.100000000789976, 35.749999999667317 ], [ 128.07499999472094, 35.750000004758149 ], [ 128.050000001100472, 35.750000001737952 ], [ 128.024999998311159, 35.750000002496137 ], [ 127.999999998865988, 35.749999996218875 ], [ 128.000000001384592, 35.775000003229486 ], [ 127.999999995257895, 35.799999999789513 ], [ 128.000000002702848, 35.825000003808114 ], [ 128.00000000143632, 35.84999999641343 ] ], [ [ 129.424999996005965, 36.025000001664658 ], [ 129.425000001654865, 36.00000000180637 ], [ 129.450000003133852, 35.999999996068915 ], [ 129.45000000382467, 36.024999995558218 ], [ 129.424999996005965, 36.025000001664658 ] ], [ [ 128.124999999290083, 36.125000002995854 ], [ 128.124999999427331, 36.100000003099026 ], [ 128.125000003301579, 36.075000000863191 ], [ 128.125000000961649, 36.049999997271478 ], [ 128.125000001399798, 36.025000001322525 ], [ 128.124999994529531, 35.999999995968835 ], [ 128.125000003813966, 35.974999997346465 ], [ 128.149999999042933, 35.975000002695381 ], [ 128.175000004280861, 35.974999996087888 ], [ 128.199999994895848, 35.974999995615384 ], [ 128.225000002686585, 35.975000001915795 ], [ 128.250000004910333, 35.974999995202346 ], [ 128.274999998042063, 35.974999995249476 ], [ 128.300000004990466, 35.975000000919117 ], [ 128.324999999778726, 35.975000003273195 ], [ 128.324999999094643, 35.999999996030922 ], [ 128.324999995075842, 36.024999997447772 ], [ 128.324999999797683, 36.049999999296894 ], [ 128.325000003225796, 36.075000001617667 ], [ 128.325000003088917, 36.100000004396264 ], [ 128.325000001453759, 36.124999997671971 ], [ 128.300000004953802, 36.125000001014875 ], [ 128.274999998232431, 36.125000001190536 ], [ 128.249999994980328, 36.124999998198795 ], [ 128.224999996748039, 36.125000001137082 ], [ 128.200000003803325, 36.125000001077616 ], [ 128.174999996500617, 36.12499999821766 ], [ 128.149999998605864, 36.12500000151514 ], [ 128.124999999290083, 36.125000002995854 ] ] ] } },
{ "type": "Feature", "properties": { "region": "수도권남부", "region_full": "수도권남부 권역", "sheet_count": 1712 }, "geometry": { "type": "MultiPolygon", "coordinates": [ [ [ [ 126.100000005678893, 36.774999998145205 ], [ 126.125000005352149, 36.774999997244926 ], [ 126.125000001353655, 36.799999998040683 ], [ 126.124999999322455, 36.82500000324093 ], [ 126.124999998512592, 36.849999996585758 ], [ 126.149999998487957, 36.849999998482225 ], [ 126.174999999566154, 36.849999995136208 ], [ 126.174999997160597, 36.875000003857558 ], [ 126.150000003174156, 36.874999998367265 ], [ 126.124999998556405, 36.87500000328388 ], [ 126.124999998884462, 36.899999997162347 ], [ 126.150000002518482, 36.900000002277032 ], [ 126.149999996724503, 36.925000002976645 ], [ 126.149999997113554, 36.94999999966754 ], [ 126.15000000363051, 36.975000000435742 ], [ 126.174999998645305, 36.974999996194967 ], [ 126.175000001317073, 36.949999995583369 ], [ 126.20000000411099, 36.949999999055109 ], [ 126.199999999280934, 36.925000004226469 ], [ 126.225000003918652, 36.924999999916814 ], [ 126.25000000470726, 36.925000003866806 ], [ 126.275000000606497, 36.924999998184987 ], [ 126.2749999939671, 36.949999997609737 ], [ 126.274999995979584, 36.975000001001796 ], [ 126.275000004609566, 37.000000000201666 ], [ 126.299999996749705, 37.00000000011164 ], [ 126.325000002927737, 37.000000004905012 ], [ 126.324999995101464, 37.025000000388431 ], [ 126.350000002825297, 37.025000000347291 ], [ 126.375000000416321, 37.025000002994368 ], [ 126.375000004494538, 37.049999999798132 ], [ 126.400000005072044, 37.050000002760122 ], [ 126.399999999086674, 37.074999999681822 ], [ 126.42500000575312, 37.075000000305678 ], [ 126.425000000149993, 37.100000003864949 ], [ 126.424999996411799, 37.125000002846313 ], [ 126.449999995591469, 37.12500000067287 ], [ 126.475000000046407, 37.124999996590788 ], [ 126.475000002331825, 37.100000003241078 ], [ 126.499999994011461, 37.09999999838783 ], [ 126.499999995755275, 37.075000000213088 ], [ 126.52500000208947, 37.074999996488877 ], [ 126.525000001889566, 37.100000003171068 ], [ 126.525000001292597, 37.125000002794877 ], [ 126.550000004601188, 37.125000004350653 ], [ 126.550000000148714, 37.099999998557116 ], [ 126.549999999847827, 37.075000003615266 ], [ 126.574999998070922, 37.07500000375012 ], [ 126.575000005587484, 37.049999998364484 ], [ 126.599999996410517, 37.049999995855188 ], [ 126.599999997549048, 37.024999998986097 ], [ 126.624999995958291, 37.024999997439977 ], [ 126.650000003450501, 37.024999999118727 ], [ 126.650000000091154, 37.000000002266901 ], [ 126.675000005456468, 36.999999999837094 ], [ 126.674999994054886, 37.024999996723324 ], [ 126.70000000345847, 37.024999998713447 ], [ 126.699999999756145, 37.049999997314536 ], [ 126.69999999621372, 37.074999998734917 ], [ 126.675000000031787, 37.074999999594212 ], [ 126.675000005249501, 37.099999996427385 ], [ 126.650000003300249, 37.100000000037376 ], [ 126.624999997447347, 37.100000003835291 ], [ 126.599999999233219, 37.099999998793862 ], [ 126.600000004443729, 37.125000003918956 ], [ 126.599999999963302, 37.150000004142349 ], [ 126.599999999374944, 37.174999997738418 ], [ 126.575000001480774, 37.175000000631272 ], [ 126.550000004291505, 37.174999999539757 ], [ 126.524999996590864, 37.175000004180468 ], [ 126.52500000513578, 37.199999995178018 ], [ 126.500000001358217, 37.199999997697809 ], [ 126.475000000760602, 37.200000004545686 ], [ 126.450000004893553, 37.199999996693407 ], [ 126.425000004528059, 37.200000001884717 ], [ 126.424999999101459, 37.17500000143577 ], [ 126.424999996883457, 37.149999995442528 ], [ 126.400000005768945, 37.150000002063415 ], [ 126.375000001093099, 37.149999996946228 ], [ 126.349999994028423, 37.149999998091538 ], [ 126.349999995111389, 37.125000001787562 ], [ 126.324999999653372, 37.124999998545981 ], [ 126.299999995601127, 37.125000001644388 ], [ 126.275000005753654, 37.125000003966562 ], [ 126.249999996541291, 37.125000004127905 ], [ 126.249999994721989, 37.149999999193042 ], [ 126.225000002363288, 37.15000000288402 ], [ 126.224999998200786, 37.174999997536126 ], [ 126.199999995173428, 37.175000001926861 ], [ 126.174999999903633, 37.175000002315194 ], [ 126.174999995152092, 37.19999999983547 ], [ 126.149999997685129, 37.199999996142729 ], [ 126.150000001335897, 37.174999996627953 ], [ 126.125000002829339, 37.174999995565919 ], [ 126.124999996413464, 37.150000001043843 ], [ 126.100000004138224, 37.149999995432474 ], [ 126.075000003463288, 37.149999996231358 ], [ 126.074999996714155, 37.174999996667779 ], [ 126.075000005028272, 37.20000000263304 ], [ 126.074999995040599, 37.224999995674061 ], [ 126.074999999001804, 37.25000000319411 ], [ 126.074999996114585, 37.274999996976845 ], [ 126.074999997383031, 37.299999996057942 ], [ 126.099999995686858, 37.299999999140141 ], [ 126.099999998316662, 37.274999998218689 ], [ 126.125000002287095, 37.274999997746278 ], [ 126.150000005600035, 37.274999996589706 ], [ 126.150000000206447, 37.250000001110351 ], [ 126.174999998530879, 37.250000000202057 ], [ 126.199999994978143, 37.250000000185587 ], [ 126.200000001768245, 37.224999996627609 ], [ 126.200000001482124, 37.199999997195761 ], [ 126.225000003959323, 37.199999997243935 ], [ 126.250000001278877, 37.200000001016491 ], [ 126.275000003578057, 37.199999998850302 ], [ 126.299999998149787, 37.199999999767819 ], [ 126.299999996245859, 37.175000002631073 ], [ 126.32500000582813, 37.174999997810026 ], [ 126.350000005277209, 37.174999998516753 ], [ 126.350000004168052, 37.200000001896576 ], [ 126.35000000326562, 37.225000001116555 ], [ 126.325000002120291, 37.225000003711102 ], [ 126.30000000186844, 37.225000000349304 ], [ 126.299999995204843, 37.249999996114354 ], [ 126.325000003650572, 37.249999999355005 ], [ 126.35000000253109, 37.250000003361791 ], [ 126.374999999715527, 37.249999999334065 ], [ 126.399999996048194, 37.249999995522188 ], [ 126.425000000237731, 37.250000002948532 ], [ 126.450000001139273, 37.250000001802867 ], [ 126.474999995070561, 37.25000000209112 ], [ 126.499999994289396, 37.25000000313775 ], [ 126.524999996489072, 37.249999996923144 ], [ 126.5500000012903, 37.250000000680558 ], [ 126.574999994098278, 37.249999997277641 ], [ 126.599999998318054, 37.249999996020151 ], [ 126.625000000181743, 37.250000004113758 ], [ 126.64999999869741, 37.249999996415198 ], [ 126.675000004682033, 37.249999999239833 ], [ 126.70000000455444, 37.250000003572566 ], [ 126.7249999959961, 37.250000000480604 ], [ 126.750000003558156, 37.249999999228052 ], [ 126.775000000025187, 37.249999999724693 ], [ 126.799999997644335, 37.250000002133767 ], [ 126.82500000424136, 37.24999999666484 ], [ 126.849999998057996, 37.250000003101405 ], [ 126.875000000535707, 37.250000001809475 ], [ 126.89999999678021, 37.250000001794369 ], [ 126.924999999093259, 37.249999995978257 ], [ 126.950000004945522, 37.249999999735969 ], [ 126.975000001898806, 37.249999996848892 ], [ 126.999999999877701, 37.249999996439612 ], [ 127.024999998738778, 37.249999996762313 ], [ 127.049999994932165, 37.249999999661171 ], [ 127.075000000762117, 37.249999995319151 ], [ 127.100000003565711, 37.250000001765073 ], [ 127.124999999898591, 37.250000001910202 ], [ 127.150000001967214, 37.250000003049955 ], [ 127.174999994991722, 37.249999997068713 ], [ 127.200000002415564, 37.250000002097927 ], [ 127.225000000478687, 37.250000000080782 ], [ 127.249999996883204, 37.249999999184773 ], [ 127.275000003873785, 37.250000000365397 ], [ 127.299999996488253, 37.250000003600803 ], [ 127.324999996018633, 37.249999999040227 ], [ 127.350000001152722, 37.249999996614406 ], [ 127.374999999318433, 37.250000004437595 ], [ 127.400000001680439, 37.249999995497134 ], [ 127.425000005781982, 37.249999997745142 ], [ 127.449999999079864, 37.250000001269662 ], [ 127.475000002845505, 37.249999997075143 ], [ 127.500000005638014, 37.250000003187274 ], [ 127.525000003921605, 37.250000001580737 ], [ 127.54999999866493, 37.250000001270614 ], [ 127.574999998732892, 37.250000002249308 ], [ 127.600000003957547, 37.249999995492374 ], [ 127.624999999545025, 37.249999999030379 ], [ 127.649999997732209, 37.250000002925653 ], [ 127.674999996088218, 37.249999999051902 ], [ 127.700000004620293, 37.249999996387693 ], [ 127.724999999517053, 37.250000003063164 ], [ 127.750000003125734, 37.250000001888964 ], [ 127.775000001779773, 37.250000000976947 ], [ 127.80000000434282, 37.250000000278007 ], [ 127.825000001641058, 37.250000000683556 ], [ 127.850000000275443, 37.250000000339121 ], [ 127.875000001224549, 37.250000001005247 ], [ 127.900000000944587, 37.250000001749832 ], [ 127.925000000405973, 37.250000002526157 ], [ 127.949999997196329, 37.250000003296662 ], [ 127.975000002434044, 37.250000003968786 ], [ 128.000000001243905, 37.249999995533479 ], [ 127.999999999443247, 37.225000001845906 ], [ 127.999999996106979, 37.199999996026378 ], [ 128.00000000495686, 37.175000004183914 ], [ 128.000000001065644, 37.150000000309355 ], [ 127.999999995846224, 37.125000001507622 ], [ 128.000000002781007, 37.099999999635742 ], [ 127.999999998323545, 37.075000003833736 ], [ 128.000000003764455, 37.049999996010115 ], [ 127.99999999905981, 37.025000002417379 ], [ 128.000000004302194, 36.999999995954923 ], [ 127.999999999419288, 36.974999996565607 ], [ 128.000000004649763, 36.950000001486991 ], [ 127.999999999763261, 36.925000004521252 ], [ 128.000000004991136, 36.900000003807463 ], [ 128.00000000016334, 36.875000000359144 ], [ 127.999999995467661, 36.850000002273752 ], [ 128.000000002094225, 36.825000001418594 ], [ 127.999999997643698, 36.799999997915286 ], [ 128.000000005741526, 36.77499999980521 ], [ 128.000000001708571, 36.749999999106571 ], [ 128.000000000197161, 36.725000003898707 ], [ 127.999999997765542, 36.69999999709583 ], [ 127.999999995680497, 36.674999996749975 ], [ 127.999999996203343, 36.650000001978206 ], [ 127.999999995895607, 36.624999995694743 ], [ 127.999999997193001, 36.600000004060632 ], [ 127.999999998837453, 36.575000000966078 ], [ 128.000000002034085, 36.549999995449149 ], [ 127.999999994577024, 36.524999995702878 ], [ 127.999999999960508, 36.500000002558771 ], [ 127.974999995822714, 36.500000004032181 ], [ 127.950000005161456, 36.500000000600913 ], [ 127.925000004870626, 36.500000001424411 ], [ 127.899999997416586, 36.499999996622428 ], [ 127.874999995427871, 36.49999999701663 ], [ 127.850000000296362, 36.500000000848225 ], [ 127.825000002227441, 36.500000000978126 ], [ 127.800000001509531, 36.499999996541248 ], [ 127.775000001817105, 36.499999996578865 ], [ 127.750000002320476, 36.500000002028088 ], [ 127.725000005507283, 36.500000002998128 ], [ 127.700000001620623, 36.499999999534523 ], [ 127.67500000214163, 36.500000001557261 ], [ 127.649999999517874, 36.499999999183629 ], [ 127.625000004108969, 36.500000003237822 ], [ 127.599999996082701, 36.500000002037211 ], [ 127.574999999184257, 36.499999998276486 ], [ 127.55000000365942, 36.499999999189022 ], [ 127.524999999740118, 36.499999997572829 ], [ 127.499999998883382, 36.500000000639098 ], [ 127.475000003608642, 36.5000000011796 ], [ 127.450000004158142, 36.499999997389267 ], [ 127.425000001930655, 36.500000000080213 ], [ 127.399999998338828, 36.49999999842646 ], [ 127.375000005939228, 36.500000004149875 ], [ 127.350000002720591, 36.499999996481897 ], [ 127.325000002318802, 36.500000004268351 ], [ 127.299999995029523, 36.49999999952891 ], [ 127.275000004547522, 36.500000001214069 ], [ 127.24999999880194, 36.500000000227423 ], [ 127.250000003134318, 36.525000000051961 ], [ 127.249999999939931, 36.550000003214485 ], [ 127.249999999314753, 36.575000000692491 ], [ 127.25000000124723, 36.600000001472523 ], [ 127.249999995718056, 36.624999996490153 ], [ 127.25000000393355, 36.650000003791462 ], [ 127.250000003626695, 36.674999996256631 ], [ 127.249999995839076, 36.700000000002937 ], [ 127.250000001908433, 36.724999998820252 ], [ 127.250000000552674, 36.750000000749253 ], [ 127.225000005772685, 36.750000001340361 ], [ 127.199999997992151, 36.750000004281546 ], [ 127.175000003264415, 36.749999998785029 ], [ 127.149999998231877, 36.750000003685336 ], [ 127.124999995539341, 36.750000000947452 ], [ 127.099999997637383, 36.74999999865269 ], [ 127.074999994678535, 36.749999998527244 ], [ 127.049999999233066, 36.7499999996665 ], [ 127.025000000342487, 36.750000001981121 ], [ 127.000000000543537, 36.749999997313097 ], [ 126.97499999997116, 36.750000002734311 ], [ 126.950000001229412, 36.750000000167951 ], [ 126.92500000450363, 36.749999998568867 ], [ 126.900000002189387, 36.749999998736747 ], [ 126.875000004611465, 36.750000000654666 ], [ 126.850000001938994, 36.750000003299967 ], [ 126.824999996727541, 36.74999999849738 ], [ 126.800000001387161, 36.750000004271335 ], [ 126.77499999504758, 36.750000001491067 ], [ 126.750000000259661, 36.750000001027317 ], [ 126.724999996001358, 36.750000000862627 ], [ 126.699999997069725, 36.750000001904262 ], [ 126.675000002675077, 36.749999995946339 ], [ 126.650000002808994, 36.74999999905291 ], [ 126.6250000011498, 36.750000003939519 ], [ 126.599999996936305, 36.750000000584095 ], [ 126.575000002634283, 36.749999997994252 ], [ 126.549999998315059, 36.7499999968136 ], [ 126.524999996554513, 36.749999996129496 ], [ 126.499999998705349, 36.749999996745601 ], [ 126.475000005023105, 36.749999997651443 ], [ 126.449999995579105, 36.749999999458723 ], [ 126.425000004218845, 36.750000002343846 ], [ 126.399999999966468, 36.749999995993768 ], [ 126.374999995119964, 36.749999999321631 ], [ 126.35000000236947, 36.750000003307271 ], [ 126.324999999682632, 36.749999999496964 ], [ 126.300000000499381, 36.750000004111911 ], [ 126.274999994128706, 36.749999999780435 ], [ 126.249999994117871, 36.749999995515061 ], [ 126.225000001667439, 36.750000001105818 ], [ 126.199999996052796, 36.749999997255884 ], [ 126.174999999617157, 36.750000002085962 ], [ 126.150000003937393, 36.749999998228247 ], [ 126.124999997762046, 36.750000002526086 ], [ 126.099999996198235, 36.749999997867029 ], [ 126.100000005678893, 36.774999998145205 ] ], [ [ 126.425000000847902, 37.224999995750636 ], [ 126.400000003858722, 37.225000001075358 ], [ 126.399999998965399, 37.200000001060609 ], [ 126.425000004528059, 37.200000001884717 ], [ 126.425000000847902, 37.224999995750636 ] ], [ [ 126.774999995524993, 37.025000004741621 ], [ 126.749999999371369, 37.024999998543365 ], [ 126.74999999522386, 37.000000000957669 ], [ 126.77500000560795, 37.000000003379967 ], [ 126.774999995524993, 37.025000004741621 ] ] ], [ [ [ 125.80000000058287, 36.924999995846733 ], [ 125.774999995381179, 36.925000003677887 ], [ 125.775000003239072, 36.949999998692526 ], [ 125.799999996078853, 36.95000000090085 ], [ 125.80000000058287, 36.924999995846733 ] ] ], [ [ [ 125.799999996078853, 36.95000000090085 ], [ 125.799999997475183, 36.974999995439738 ], [ 125.825000002287979, 36.975000004200382 ], [ 125.850000001989301, 36.974999998701989 ], [ 125.850000002926649, 36.949999996400557 ], [ 125.824999996400024, 36.950000000981262 ], [ 125.799999996078853, 36.95000000090085 ] ] ], [ [ [ 125.75000000297814, 36.999999998083624 ], [ 125.77500000014777, 37.0000000007119 ], [ 125.775000000616302, 36.975000000354974 ], [ 125.750000001106571, 36.974999999670693 ], [ 125.725000001172802, 36.975000003134227 ], [ 125.725000005147024, 36.999999996475673 ], [ 125.75000000297814, 36.999999998083624 ] ] ], [ [ [ 125.924999995402047, 37.074999998314865 ], [ 125.925000001016002, 37.100000002451395 ], [ 125.949999997287904, 37.099999997768265 ], [ 125.975000004733843, 37.099999999529793 ], [ 125.999999997444391, 37.100000000365782 ], [ 126.00000000321991, 37.125000001684981 ], [ 125.975000001628246, 37.125000002863175 ], [ 125.974999995616102, 37.150000002588776 ], [ 125.974999995796651, 37.17499999879891 ], [ 125.950000004112283, 37.174999996848136 ], [ 125.949999999344357, 37.199999999049787 ], [ 125.975000003214731, 37.200000000495621 ], [ 125.974999994452531, 37.225000000142039 ], [ 126.000000000270163, 37.225000001602581 ], [ 126.000000003738734, 37.199999995972256 ], [ 125.999999995482057, 37.175000004332595 ], [ 126.025000002068523, 37.175000003688005 ], [ 126.024999999240819, 37.1500000031497 ], [ 126.050000004723501, 37.150000001598009 ], [ 126.050000004471499, 37.125000001082732 ], [ 126.025000000897734, 37.12499999859056 ], [ 126.024999997769839, 37.099999998933548 ], [ 126.024999998926162, 37.074999996204504 ], [ 126.025000005222182, 37.049999999452602 ], [ 126.049999997026589, 37.050000003581715 ], [ 126.050000003434633, 37.024999996969242 ], [ 126.025000004392041, 37.024999998635643 ], [ 126.024999998408319, 37.000000003718384 ], [ 125.999999996073569, 36.999999996491908 ], [ 125.975000000988771, 37.000000002160562 ], [ 125.974999995095914, 37.024999998758801 ], [ 125.974999994703893, 37.05000000277365 ], [ 125.950000003532296, 37.050000001216148 ], [ 125.924999999458976, 37.050000000296905 ], [ 125.924999995402047, 37.074999998314865 ] ] ], [ [ [ 126.099999997532336, 37.074999998589703 ], [ 126.074999997773077, 37.074999998103706 ], [ 126.074999994444454, 37.050000000259452 ], [ 126.049999997026589, 37.050000003581715 ], [ 126.050000000804829, 37.074999997094238 ], [ 126.050000003257438, 37.099999996269297 ], [ 126.050000004471499, 37.125000001082732 ], [ 126.075000001557456, 37.12500000016221 ], [ 126.100000000943069, 37.124999997903451 ], [ 126.099999995080623, 37.099999995599298 ], [ 126.099999997532336, 37.074999998589703 ] ] ], [ [ [ 125.924999999200494, 37.174999998028014 ], [ 125.900000004894935, 37.175000001572769 ], [ 125.89999999865455, 37.200000001204778 ], [ 125.925000004521891, 37.199999999734459 ], [ 125.924999999200494, 37.174999998028014 ] ] ], [ [ [ 126.37500000480847, 37.099999996058521 ], [ 126.375000001056151, 37.125000003575799 ], [ 126.400000004926454, 37.125000003917187 ], [ 126.400000003510186, 37.100000000418092 ], [ 126.399999999086674, 37.074999999681822 ], [ 126.375000002892776, 37.075000000470382 ], [ 126.37500000480847, 37.099999996058521 ] ] ] ] } },
{ "type": "Feature", "properties": { "region": "수도권북부", "region_full": "수도권북부 권역", "sheet_count": 1583 }, "geometry": { "type": "MultiPolygon", "coordinates": [ [ [ [ 126.275000001537663, 37.349999997395649 ], [ 126.274999994446915, 37.325000003761858 ], [ 126.29999999863189, 37.3249999983924 ], [ 126.299999999077926, 37.299999999723433 ], [ 126.300000001761646, 37.274999996290475 ], [ 126.325000001771528, 37.274999998150058 ], [ 126.350000001030807, 37.275000000485662 ], [ 126.35000000253109, 37.250000003361791 ], [ 126.325000003650572, 37.249999999355005 ], [ 126.299999995204843, 37.249999996114354 ], [ 126.274999999751486, 37.250000002745743 ], [ 126.27500000553303, 37.275000002930575 ], [ 126.274999995200758, 37.299999996579132 ], [ 126.249999995060307, 37.300000000519042 ], [ 126.250000005365607, 37.324999997937596 ], [ 126.249999995905569, 37.349999997940166 ], [ 126.275000001537663, 37.349999997395649 ] ] ], [ [ [ 126.450000001139273, 37.250000001802867 ], [ 126.425000000237731, 37.250000002948532 ], [ 126.42500000304814, 37.275000003626076 ], [ 126.424999998041585, 37.299999999458635 ], [ 126.450000005051564, 37.300000001725003 ], [ 126.474999994596686, 37.300000002773558 ], [ 126.500000000372452, 37.300000003017836 ], [ 126.524999998549688, 37.300000001464745 ], [ 126.549999996864116, 37.299999999194611 ], [ 126.574999996195544, 37.300000004435695 ], [ 126.575000000296512, 37.32500000301161 ], [ 126.575000001537802, 37.350000004789855 ], [ 126.57500000009523, 37.374999999831495 ], [ 126.599999999398349, 37.375000003955421 ], [ 126.599999997338571, 37.399999995960314 ], [ 126.574999998160791, 37.399999998043249 ], [ 126.549999995866827, 37.400000002640695 ], [ 126.524999995208958, 37.400000001571634 ], [ 126.524999999021176, 37.425000001997873 ], [ 126.500000004071609, 37.424999996869595 ], [ 126.474999999323956, 37.425000002528584 ], [ 126.449999998718766, 37.425000000049792 ], [ 126.450000005094253, 37.399999995739321 ], [ 126.4499999960683, 37.375000004248278 ], [ 126.449999994571556, 37.349999996962346 ], [ 126.424999994957517, 37.350000000198712 ], [ 126.400000002503702, 37.349999999775811 ], [ 126.374999994654758, 37.350000003472481 ], [ 126.375000002928246, 37.375000002434078 ], [ 126.375000004273517, 37.399999995907514 ], [ 126.374999998496975, 37.425000000991353 ], [ 126.350000003882144, 37.425000004337271 ], [ 126.350000002993113, 37.449999999218157 ], [ 126.350000001766105, 37.474999997795337 ], [ 126.324999998263706, 37.474999997520051 ], [ 126.300000005920083, 37.474999996752771 ], [ 126.299999994309644, 37.500000003468323 ], [ 126.299999997004107, 37.524999995430193 ], [ 126.27500000147667, 37.525000003036759 ], [ 126.249999996750859, 37.524999997274129 ], [ 126.249999994698783, 37.550000002585406 ], [ 126.249999995157552, 37.57500000238344 ], [ 126.275000001061045, 37.574999999801221 ], [ 126.274999996575744, 37.549999999282697 ], [ 126.300000001194263, 37.550000000424632 ], [ 126.299999997069364, 37.574999999400028 ], [ 126.325000004583089, 37.575000002437093 ], [ 126.34999999989499, 37.574999997992187 ], [ 126.350000000340728, 37.550000003782678 ], [ 126.37500000270586, 37.549999998230767 ], [ 126.400000002899006, 37.549999995802338 ], [ 126.424999997397364, 37.549999998394696 ], [ 126.449999998590584, 37.550000003540312 ], [ 126.475000005454845, 37.549999996023324 ], [ 126.500000002820997, 37.550000001065555 ], [ 126.52500000213962, 37.550000001756615 ], [ 126.550000003313471, 37.549999997304397 ], [ 126.549999995742553, 37.575000001354042 ], [ 126.525000005203552, 37.575000000745803 ], [ 126.500000003778894, 37.575000003572399 ], [ 126.475000004156527, 37.57499999991137 ], [ 126.449999996113135, 37.574999999473448 ], [ 126.425000004668775, 37.575000001462918 ], [ 126.399999996071912, 37.574999997344349 ], [ 126.375000005393588, 37.574999996331726 ], [ 126.375000001539718, 37.599999998665396 ], [ 126.350000000461407, 37.600000004801643 ], [ 126.350000001409654, 37.624999996240163 ], [ 126.350000002381165, 37.650000000220494 ], [ 126.37499999733231, 37.650000002634421 ], [ 126.4000000007197, 37.650000003368056 ], [ 126.42499999884113, 37.650000003317516 ], [ 126.450000002943327, 37.650000002708452 ], [ 126.474999999337925, 37.650000001537535 ], [ 126.499999998150699, 37.649999999110818 ], [ 126.524999999281974, 37.649999996440997 ], [ 126.550000001408037, 37.650000001738753 ], [ 126.57500000239574, 37.649999997969985 ], [ 126.60000000194259, 37.650000002363392 ], [ 126.624999997914585, 37.649999996980334 ], [ 126.650000000211193, 37.650000000020491 ], [ 126.674999997509005, 37.650000003385706 ], [ 126.700000000029476, 37.649999997328088 ], [ 126.725000005231536, 37.649999999043985 ], [ 126.750000000640057, 37.650000001330369 ], [ 126.774999997521661, 37.650000002545717 ], [ 126.799999994638071, 37.650000004567289 ], [ 126.825000001069654, 37.649999996711017 ], [ 126.850000004093701, 37.649999997004706 ], [ 126.87500000369208, 37.649999998314243 ], [ 126.899999997526436, 37.649999998898906 ], [ 126.89999999775948, 37.675000002295704 ], [ 126.900000000239984, 37.699999999771165 ], [ 126.924999999112842, 37.699999999230684 ], [ 126.925000001652606, 37.725000002061165 ], [ 126.92500000108403, 37.749999997898414 ], [ 126.949999998609229, 37.750000000954387 ], [ 126.949999999916173, 37.775000001521889 ], [ 126.950000002891784, 37.800000003992494 ], [ 126.974999995092318, 37.799999997400782 ], [ 126.975000002902391, 37.825000003098786 ], [ 127.000000000534143, 37.824999998002447 ], [ 127.000000000013316, 37.849999997370581 ], [ 127.025000004160333, 37.850000001277834 ], [ 127.049999996836732, 37.849999996084932 ], [ 127.049999999578091, 37.875000003428546 ], [ 127.075000002088743, 37.875000002814801 ], [ 127.074999998596212, 37.899999999847282 ], [ 127.100000003020128, 37.900000002292828 ], [ 127.10000000160349, 37.924999997616247 ], [ 127.125000002304404, 37.925000000721376 ], [ 127.125000001061323, 37.950000000208028 ], [ 127.149999999236897, 37.950000001607798 ], [ 127.149999997471255, 37.974999997627549 ], [ 127.17499999884501, 37.975000003089505 ], [ 127.200000002902527, 37.975000002895364 ], [ 127.200000000484465, 38.000000001503949 ], [ 127.224999998633564, 38.000000002764978 ], [ 127.224999996646957, 38.025000002207399 ], [ 127.250000002661764, 38.025000001713394 ], [ 127.249999998099298, 38.050000001609902 ], [ 127.275000005254356, 38.049999997912217 ], [ 127.299999998851362, 38.050000002287803 ], [ 127.299999997797244, 38.074999995873625 ], [ 127.324999994861926, 38.075000002612455 ], [ 127.350000000017246, 38.074999997426147 ], [ 127.375000000665665, 38.074999999241015 ], [ 127.399999995676197, 38.074999998160195 ], [ 127.425000005547744, 38.075000003225583 ], [ 127.425000000923035, 38.099999996737957 ], [ 127.450000002884209, 38.099999997296116 ], [ 127.474999994593446, 38.100000002852866 ], [ 127.5, 38.099999995393418 ], [ 127.500000005700755, 38.075000003013578 ], [ 127.52499999854426, 38.074999997530156 ], [ 127.525000002164134, 38.050000004552722 ], [ 127.549999998612066, 38.050000002449671 ], [ 127.5499999982964, 38.025000000147728 ], [ 127.575000001946449, 38.024999995623091 ], [ 127.57499999586264, 38.000000004124182 ], [ 127.599999998917241, 37.999999999503963 ], [ 127.599999995455775, 37.975000001987631 ], [ 127.625000000356863, 37.974999998699801 ], [ 127.649999999419961, 37.974999997165718 ], [ 127.64999999887965, 37.949999997681964 ], [ 127.675000002173334, 37.950000000972956 ], [ 127.69999999611359, 37.949999999051634 ], [ 127.72500000344472, 37.94999999816865 ], [ 127.749999999102741, 37.950000001048906 ], [ 127.775000005778168, 37.949999995903539 ], [ 127.799999998469332, 37.950000002588496 ], [ 127.824999998696896, 37.950000002094029 ], [ 127.849999995084985, 37.950000004328572 ], [ 127.874999996653145, 37.949999998412729 ], [ 127.900000002328738, 37.950000004134886 ], [ 127.925000000598942, 37.950000002563691 ], [ 127.950000001715779, 37.950000001730302 ], [ 127.975000003381496, 37.950000003396063 ], [ 128.000000004353438, 37.949999996698828 ], [ 127.99999999824314, 37.92500000260506 ], [ 128.000000001134708, 37.900000002843129 ], [ 128.000000001698538, 37.875000000189054 ], [ 128.000000001153751, 37.850000001872154 ], [ 127.999999997205521, 37.824999999814665 ], [ 128.000000003573717, 37.800000002094386 ], [ 127.999999995243897, 37.775000000730046 ], [ 127.999999997234397, 37.749999995639882 ], [ 127.999999997199282, 37.725000004025908 ], [ 127.999999995002156, 37.70000000067629 ], [ 128.000000003252808, 37.675000000884729 ], [ 127.999999998118383, 37.649999997566404 ], [ 128.000000002367813, 37.624999999662961 ], [ 128.000000004634188, 37.599999998234168 ], [ 127.999999994812896, 37.575000001459863 ], [ 127.999999994401946, 37.550000001161976 ], [ 128.000000004548667, 37.524999996459442 ], [ 128.000000000450825, 37.499999997397396 ], [ 127.999999996855678, 37.47500000393876 ], [ 128.000000002711971, 37.449999997142491 ], [ 127.99999999556367, 37.424999996057657 ], [ 127.999999999180304, 37.400000000609317 ], [ 128.000000002221896, 37.375000000956049 ], [ 128.00000000359671, 37.349999998029489 ], [ 128.000000004525674, 37.325000000864058 ], [ 128.00000000384594, 37.29999999957537 ], [ 128.00000000391131, 37.275000004094672 ], [ 128.000000001243905, 37.249999995533479 ], [ 127.975000002434044, 37.250000003968786 ], [ 127.949999997196329, 37.250000003296662 ], [ 127.925000000405973, 37.250000002526157 ], [ 127.900000000944587, 37.250000001749832 ], [ 127.875000001224549, 37.250000001005247 ], [ 127.850000000275443, 37.250000000339121 ], [ 127.825000001641058, 37.250000000683556 ], [ 127.80000000434282, 37.250000000278007 ], [ 127.775000001779773, 37.250000000976947 ], [ 127.750000003125734, 37.250000001888964 ], [ 127.724999999517053, 37.250000003063164 ], [ 127.700000004620293, 37.249999996387693 ], [ 127.674999996088218, 37.249999999051902 ], [ 127.649999997732209, 37.250000002925653 ], [ 127.624999999545025, 37.249999999030379 ], [ 127.600000003957547, 37.249999995492374 ], [ 127.574999998732892, 37.250000002249308 ], [ 127.54999999866493, 37.250000001270614 ], [ 127.525000003921605, 37.250000001580737 ], [ 127.500000005638014, 37.250000003187274 ], [ 127.475000002845505, 37.249999997075143 ], [ 127.449999999079864, 37.250000001269662 ], [ 127.425000005781982, 37.249999997745142 ], [ 127.400000001680439, 37.249999995497134 ], [ 127.374999999318433, 37.250000004437595 ], [ 127.350000001152722, 37.249999996614406 ], [ 127.324999996018633, 37.249999999040227 ], [ 127.299999996488253, 37.250000003600803 ], [ 127.275000003873785, 37.250000000365397 ], [ 127.249999996883204, 37.249999999184773 ], [ 127.225000000478687, 37.250000000080782 ], [ 127.200000002415564, 37.250000002097927 ], [ 127.174999994991722, 37.249999997068713 ], [ 127.150000001967214, 37.250000003049955 ], [ 127.124999999898591, 37.250000001910202 ], [ 127.100000003565711, 37.250000001765073 ], [ 127.075000000762117, 37.249999995319151 ], [ 127.049999994932165, 37.249999999661171 ], [ 127.024999998738778, 37.249999996762313 ], [ 126.999999999877701, 37.249999996439612 ], [ 126.975000001898806, 37.249999996848892 ], [ 126.950000004945522, 37.249999999735969 ], [ 126.924999999093259, 37.249999995978257 ], [ 126.89999999678021, 37.250000001794369 ], [ 126.875000000535707, 37.250000001809475 ], [ 126.849999998057996, 37.250000003101405 ], [ 126.82500000424136, 37.24999999666484 ], [ 126.799999997644335, 37.250000002133767 ], [ 126.775000000025187, 37.249999999724693 ], [ 126.750000003558156, 37.249999999228052 ], [ 126.7249999959961, 37.250000000480604 ], [ 126.70000000455444, 37.250000003572566 ], [ 126.675000004682033, 37.249999999239833 ], [ 126.64999999869741, 37.249999996415198 ], [ 126.625000000181743, 37.250000004113758 ], [ 126.599999998318054, 37.249999996020151 ], [ 126.574999994098278, 37.249999997277641 ], [ 126.5500000012903, 37.250000000680558 ], [ 126.524999996489072, 37.249999996923144 ], [ 126.499999994289396, 37.25000000313775 ], [ 126.474999995070561, 37.25000000209112 ], [ 126.450000001139273, 37.250000001802867 ] ], [ [ 126.574999996455887, 37.450000002101866 ], [ 126.54999999921516, 37.449999999054754 ], [ 126.549999995596679, 37.42499999919491 ], [ 126.575000003712532, 37.424999998560935 ], [ 126.574999996455887, 37.450000002101866 ] ], [ [ 126.350000000285647, 37.49999999914359 ], [ 126.375000001396288, 37.500000002432131 ], [ 126.400000000838062, 37.500000002313307 ], [ 126.399999996588051, 37.524999997376881 ], [ 126.37500000588706, 37.525000002702612 ], [ 126.349999999740319, 37.525000004151238 ], [ 126.350000000285647, 37.49999999914359 ] ] ], [ [ [ 126.399999997881906, 37.275000002610504 ], [ 126.399999996048194, 37.249999995522188 ], [ 126.374999999715527, 37.249999999334065 ], [ 126.37500000054176, 37.275000001636514 ], [ 126.399999997881906, 37.275000002610504 ] ] ], [ [ [ 126.499999996203456, 37.325000003072695 ], [ 126.475000001987254, 37.325000003600607 ], [ 126.474999999951265, 37.349999999183929 ], [ 126.49999999754705, 37.349999996947993 ], [ 126.499999996203456, 37.325000003072695 ] ] ], [ [ [ 126.525000001755885, 37.375000003783725 ], [ 126.524999997246923, 37.350000000370592 ], [ 126.49999999754705, 37.349999996947993 ], [ 126.500000004231126, 37.375000002644086 ], [ 126.525000001755885, 37.375000003783725 ] ] ] ] } },
{ "type": "Feature", "properties": { "region": "전라동부", "region_full": "전라동부 권역", "sheet_count": 2055 }, "geometry": { "type": "MultiPolygon", "coordinates": [ [ [ [ 126.999999999581348, 34.325000001577394 ], [ 126.999999999957012, 34.34999999754541 ], [ 126.999999999532974, 34.374999999333021 ], [ 126.999999999472223, 34.399999998793362 ], [ 126.999999999759638, 34.425000003105815 ], [ 127.000000000519847, 34.44999999600315 ], [ 127.000000000536005, 34.475000003598069 ], [ 127.025000003307838, 34.474999997964666 ], [ 127.05000000395664, 34.474999998824515 ], [ 127.07500000189394, 34.47499999811653 ], [ 127.074999997053624, 34.500000003224422 ], [ 127.074999995080987, 34.524999996604855 ], [ 127.099999995629318, 34.52499999887138 ], [ 127.099999997877973, 34.550000000668213 ], [ 127.099999997958705, 34.574999999604913 ], [ 127.075000001762476, 34.574999999454448 ], [ 127.074999999605723, 34.600000000700319 ], [ 127.075000000374729, 34.624999998196586 ], [ 127.0499999954706, 34.624999997610502 ], [ 127.024999998238755, 34.625000003255344 ], [ 127.024999994321249, 34.599999998513425 ], [ 126.999999999597051, 34.59999999933396 ], [ 126.999999999584787, 34.624999995203368 ], [ 127.000000000160114, 34.649999997416771 ], [ 127.000000000270518, 34.675000004131888 ], [ 127.000000000041055, 34.699999999082912 ], [ 127.000000000488413, 34.724999999373658 ], [ 126.999999999461451, 34.750000004059338 ], [ 127.00000000036313, 34.774999996888084 ], [ 126.999999999785828, 34.800000003963177 ], [ 127.000000000106553, 34.824999998207566 ], [ 127.00000000015126, 34.849999997617914 ], [ 126.999999999942261, 34.875000003062247 ], [ 126.999999999572822, 34.900000003686252 ], [ 127.000000000160341, 34.925000000362772 ], [ 126.999999999483236, 34.950000002968359 ], [ 126.999999999825164, 34.97500000065812 ], [ 127.000000000053632, 35.00000000421484 ], [ 127.000000000257032, 35.025000003686586 ], [ 127.000000000469058, 35.049999998138617 ], [ 126.999999999555214, 35.074999998353888 ], [ 126.999999999742471, 35.100000003406748 ], [ 127.00000000007276, 35.124999995225977 ], [ 127.000000000403745, 35.150000001731264 ], [ 126.999999999786809, 35.175000003048211 ], [ 127.000000000441048, 35.200000000054999 ], [ 127.000000000137518, 35.225000002628533 ], [ 127.000000000069321, 35.249999999920774 ], [ 127.000000000198654, 35.27500000271943 ], [ 126.999999999520838, 35.30000000016765 ], [ 127.00000000019746, 35.325000003062286 ], [ 127.000000000118277, 35.350000001443824 ], [ 127.000000000356437, 35.375000004301349 ], [ 126.999999999895238, 35.40000000258177 ], [ 126.999999999864244, 35.424999996257817 ], [ 127.000000000180975, 35.450000003330558 ], [ 126.999999999939533, 35.474999996714352 ], [ 127.000000000103142, 35.50000000343131 ], [ 126.999999999760078, 35.52499999729784 ], [ 126.999999999885205, 35.550000003532716 ], [ 126.999999999560913, 35.574999996854302 ], [ 126.999999999757051, 35.600000003382995 ], [ 126.999999999516319, 35.625000004148788 ], [ 126.999999999960622, 35.650000000928387 ], [ 126.99999999996399, 35.675000001800647 ], [ 126.99999999961112, 35.699999997718372 ], [ 126.999999999979991, 35.724999997671276 ], [ 126.999999999994159, 35.750000001623853 ], [ 127.024999998925878, 35.749999999204498 ], [ 127.049999996917776, 35.750000002502205 ], [ 127.075000002458097, 35.750000001684221 ], [ 127.100000002958538, 35.749999996755541 ], [ 127.124999997950582, 35.749999997684277 ], [ 127.149999995877778, 35.750000002740919 ], [ 127.174999996358878, 35.750000003850644 ], [ 127.199999996760013, 35.750000001045066 ], [ 127.22499999552231, 35.750000003373749 ], [ 127.25000000332119, 35.750000001877538 ], [ 127.274999996510417, 35.749999995635847 ], [ 127.300000005589482, 35.750000003670706 ], [ 127.324999995925268, 35.749999998897955 ], [ 127.350000000237131, 35.749999998523151 ], [ 127.375000004838398, 35.7500000025425 ], [ 127.399999998264704, 35.750000002847848 ], [ 127.425000000004289, 35.749999998569919 ], [ 127.449999997461902, 35.749999999626532 ], [ 127.475000001288407, 35.749999995210366 ], [ 127.499999997787896, 35.74999999614149 ], [ 127.524999997607495, 35.750000001522032 ], [ 127.549999998114998, 35.750000001431637 ], [ 127.574999998888813, 35.749999997668979 ], [ 127.599999997304323, 35.749999997441741 ], [ 127.625000004010047, 35.750000002533305 ], [ 127.650000005299916, 35.750000002122761 ], [ 127.674999999644612, 35.749999996199499 ], [ 127.699999997728696, 35.750000003665185 ], [ 127.724999996858401, 35.749999997451518 ], [ 127.74999999668448, 35.750000003680796 ], [ 127.775000005558937, 35.749999996158259 ], [ 127.79999999992188, 35.750000001053344 ], [ 127.825000001414395, 35.750000000250139 ], [ 127.849999996379978, 35.750000002763443 ], [ 127.87499999542591, 35.750000000409813 ], [ 127.899999995953507, 35.750000000365638 ], [ 127.92499999755151, 35.750000003487429 ], [ 127.949999997547039, 35.750000001621281 ], [ 127.974999995560125, 35.750000001931127 ], [ 127.999999998865988, 35.749999996218875 ], [ 128.00000000001441, 35.724999996769675 ], [ 128.000000004843969, 35.700000003109615 ], [ 128.000000000024784, 35.674999999997404 ], [ 127.999999998951594, 35.650000003637835 ], [ 128.0000000015431, 35.62499999693128 ], [ 127.999999994684003, 35.599999997094542 ], [ 128.000000003744304, 35.574999995938953 ], [ 128.000000004516664, 35.550000001711147 ], [ 127.999999996931194, 35.524999997311561 ], [ 128.000000004290428, 35.500000000708134 ], [ 128.000000004502937, 35.475000002105908 ], [ 127.999999996507782, 35.450000002442586 ], [ 128.000000003468301, 35.425000000752355 ], [ 128.000000002279364, 35.399999998064416 ], [ 127.999999995234518, 35.375000003417917 ], [ 128.000000002060602, 35.349999997828093 ], [ 128.000000000880561, 35.324999999451094 ], [ 128.000000004878586, 35.300000000149481 ], [ 128.000000000884256, 35.275000000009889 ], [ 128.000000001024347, 35.249999999014548 ], [ 127.999999994324014, 35.22499999543782 ], [ 128.00000000286002, 35.200000000943056 ], [ 128.000000004561741, 35.174999995816613 ], [ 127.999999999574214, 35.149999998124514 ], [ 127.999999997765315, 35.125000000645166 ], [ 128.000000001338208, 35.10000000069715 ], [ 127.999999997170804, 35.075000001072553 ], [ 127.999999998439947, 35.049999999044857 ], [ 128.000000004089202, 35.024999997356566 ], [ 128.000000003228394, 35.000000003299583 ], [ 127.999999995781906, 34.974999998872718 ], [ 128.000000003802256, 34.950000002954837 ], [ 127.974999994390018, 34.950000003842767 ], [ 127.975000000669326, 34.92499999604766 ], [ 128.000000005297437, 34.924999997635098 ], [ 128.000000000405322, 34.900000000079352 ], [ 128.000000001146475, 34.875000002156021 ], [ 127.99999999550613, 34.850000003046283 ], [ 128.000000005393701, 34.825000003595527 ], [ 127.999999998027832, 34.800000003972158 ], [ 127.99999999639644, 34.775000003213741 ], [ 127.999999999429747, 34.750000001358579 ], [ 127.999999996235033, 34.724999999387094 ], [ 127.999999998856254, 34.699999997283882 ], [ 127.974999999958939, 34.699999996282422 ], [ 127.974999997270984, 34.674999999024237 ], [ 127.949999997630471, 34.675000003872988 ], [ 127.924999999116196, 34.674999998902322 ], [ 127.925000003683138, 34.699999999322607 ], [ 127.924999998683589, 34.724999997682609 ], [ 127.899999999310623, 34.724999999919952 ], [ 127.899999997665233, 34.700000002599872 ], [ 127.874999996275889, 34.700000004375752 ], [ 127.875000005719357, 34.72499999806616 ], [ 127.84999999561596, 34.725000003056834 ], [ 127.824999994665845, 34.725000004035643 ], [ 127.825000000040603, 34.750000003846317 ], [ 127.824999999666616, 34.775000001276275 ], [ 127.799999998157588, 34.775000001573922 ], [ 127.799999994453387, 34.799999997687578 ], [ 127.774999998259617, 34.799999999151986 ], [ 127.77499999728856, 34.775000003619454 ], [ 127.775000001747102, 34.74999999743487 ], [ 127.775000001875583, 34.724999998689931 ], [ 127.800000003472363, 34.725000002850884 ], [ 127.799999995294016, 34.700000001235672 ], [ 127.799999997387715, 34.674999998120562 ], [ 127.824999997344605, 34.675000001835997 ], [ 127.82500000541917, 34.649999997711966 ], [ 127.824999995858505, 34.625000001295753 ], [ 127.825000002472578, 34.600000004415627 ], [ 127.825000002327613, 34.574999996345667 ], [ 127.800000005152341, 34.574999997755832 ], [ 127.799999995562459, 34.549999995929397 ], [ 127.824999996611353, 34.549999996055099 ], [ 127.824999996242653, 34.525000003549721 ], [ 127.825000000078887, 34.500000001732971 ], [ 127.849999997513322, 34.499999999350713 ], [ 127.850000001935143, 34.474999998893075 ], [ 127.824999997272883, 34.474999997883053 ], [ 127.825000000950368, 34.450000001919982 ], [ 127.824999998029043, 34.425000004895452 ], [ 127.824999999374, 34.399999996895559 ], [ 127.79999999920966, 34.400000003616512 ], [ 127.774999996676129, 34.400000001621486 ], [ 127.775000003665156, 34.425000002521514 ], [ 127.774999995627155, 34.450000002318163 ], [ 127.749999999502549, 34.450000000040973 ], [ 127.749999998347022, 34.47499999693585 ], [ 127.749999999163052, 34.500000001596682 ], [ 127.725000002088578, 34.499999999225231 ], [ 127.699999999345053, 34.500000001165603 ], [ 127.699999995427547, 34.524999995805047 ], [ 127.675000001268302, 34.525000004125467 ], [ 127.67499999750062, 34.549999998512099 ], [ 127.649999998015105, 34.54999999987534 ], [ 127.650000003775602, 34.524999996145468 ], [ 127.624999994915953, 34.524999999847054 ], [ 127.624999998064752, 34.550000003077272 ], [ 127.625000001075108, 34.575000003005115 ], [ 127.599999994541108, 34.575000003140723 ], [ 127.575000001885286, 34.575000001618918 ], [ 127.550000003013793, 34.575000000270684 ], [ 127.524999999634758, 34.57499999729572 ], [ 127.500000003270813, 34.575000002615702 ], [ 127.5, 34.549999999336492 ], [ 127.500000004358455, 34.525000002626065 ], [ 127.525000004107326, 34.52500000352692 ], [ 127.524999998240759, 34.500000003458965 ], [ 127.524999994966123, 34.475000001013001 ], [ 127.550000002362623, 34.474999998054216 ], [ 127.575000005224254, 34.475000000333566 ], [ 127.574999996621102, 34.449999998847829 ], [ 127.550000003170027, 34.450000002167087 ], [ 127.550000000445024, 34.424999995863516 ], [ 127.550000003995166, 34.399999995407583 ], [ 127.524999998516236, 34.400000004107724 ], [ 127.500000001087983, 34.399999997086141 ], [ 127.500000001087685, 34.375000003550348 ], [ 127.474999995484339, 34.375000000617696 ], [ 127.475000000396591, 34.400000001401985 ], [ 127.474999998366016, 34.424999999948071 ], [ 127.449999998462914, 34.425000002175892 ], [ 127.424999999852915, 34.424999996866568 ], [ 127.425000004465915, 34.45000000065216 ], [ 127.40000000422539, 34.449999997974622 ], [ 127.375000000001521, 34.450000003141305 ], [ 127.375000002535302, 34.424999996970108 ], [ 127.349999997489235, 34.425000003252777 ], [ 127.325000000673512, 34.425000001056972 ], [ 127.300000001832885, 34.42500000027141 ], [ 127.275000004877285, 34.424999999977516 ], [ 127.274999999739677, 34.400000001345298 ], [ 127.299999997767856, 34.400000003135005 ], [ 127.29999999582067, 34.375000002985793 ], [ 127.299999995978396, 34.349999999859079 ], [ 127.275000003236627, 34.350000003308189 ], [ 127.275000001745795, 34.374999998841105 ], [ 127.250000000477584, 34.374999999520028 ], [ 127.225000003570131, 34.374999995997001 ], [ 127.225000002250667, 34.399999997109944 ], [ 127.199999995350481, 34.400000003603168 ], [ 127.200000004560835, 34.424999998126872 ], [ 127.174999996539995, 34.425000002175551 ], [ 127.149999998007175, 34.424999998460521 ], [ 127.149999995803356, 34.399999997635042 ], [ 127.12499999567568, 34.400000004016228 ], [ 127.099999998765881, 34.400000004269515 ], [ 127.100000001489647, 34.375000001433705 ], [ 127.124999995177134, 34.374999999482938 ], [ 127.124999995999701, 34.350000001303528 ], [ 127.124999998165819, 34.324999999593224 ], [ 127.149999998744264, 34.324999995901841 ], [ 127.150000002457688, 34.300000000498109 ], [ 127.175000001741594, 34.299999997564591 ], [ 127.175000004654351, 34.275000002020462 ], [ 127.150000002455769, 34.275000002465205 ], [ 127.149999998722663, 34.25000000183865 ], [ 127.124999998292864, 34.249999995231001 ], [ 127.124999999871179, 34.274999997425027 ], [ 127.099999999670402, 34.275000003097901 ], [ 127.099999996639795, 34.300000000822727 ], [ 127.075000003396994, 34.299999997264159 ], [ 127.075000003685687, 34.275000002309568 ], [ 127.050000001723689, 34.274999995876989 ], [ 127.050000005106526, 34.300000003447437 ], [ 127.025000003607957, 34.300000002188632 ], [ 127.024999996534987, 34.275000000889015 ], [ 127.025000004264655, 34.249999996481755 ], [ 127.024999996307699, 34.224999997902593 ], [ 127.050000001357475, 34.224999998140085 ], [ 127.050000004364335, 34.199999999928217 ], [ 127.025000003093169, 34.199999996286593 ], [ 126.999999999524078, 34.200000002105433 ], [ 126.974999996629847, 34.199999996594237 ], [ 126.975000003782483, 34.224999998007299 ], [ 126.99999999975168, 34.22500000359932 ], [ 127.000000000177693, 34.250000002977458 ], [ 126.999999999748752, 34.274999999298188 ], [ 126.999999999524732, 34.300000001548725 ], [ 126.999999999581348, 34.325000001577394 ] ], [ [ 127.099999999260305, 34.625000004114966 ], [ 127.12500000251211, 34.624999997415195 ], [ 127.149999997433071, 34.624999996140694 ], [ 127.149999995878588, 34.650000003007683 ], [ 127.175000000040484, 34.649999996824725 ], [ 127.174999997211728, 34.674999998214332 ], [ 127.150000000725584, 34.674999997767088 ], [ 127.125000005011344, 34.674999999423967 ], [ 127.125000003527973, 34.649999995886617 ], [ 127.100000001660788, 34.650000000605161 ], [ 127.07500000404977, 34.650000000926596 ], [ 127.075000000374729, 34.624999998196586 ], [ 127.099999999260305, 34.625000004114966 ] ], [ [ 127.949999996374686, 34.924999995806807 ], [ 127.950000001286114, 34.899999995703851 ], [ 127.974999994698678, 34.899999996863663 ], [ 127.975000000669326, 34.92499999604766 ], [ 127.949999996374686, 34.924999995806807 ] ], [ [ 127.274999998665919, 34.449999996472201 ], [ 127.275000000687228, 34.474999998946608 ], [ 127.250000004911797, 34.474999999647963 ], [ 127.250000000505523, 34.449999997335524 ], [ 127.250000000652804, 34.425000001033858 ], [ 127.275000004877285, 34.424999999977516 ], [ 127.274999998665919, 34.449999996472201 ] ], [ [ 127.474999996298436, 34.825000004654704 ], [ 127.474999999383158, 34.79999999614342 ], [ 127.500000005466077, 34.800000000957908 ], [ 127.500000002187107, 34.825000003091489 ], [ 127.474999996298436, 34.825000004654704 ] ], [ [ 127.499999994535557, 34.774999995128439 ], [ 127.524999994655587, 34.775000001072542 ], [ 127.525000002204138, 34.749999999633765 ], [ 127.525000000316254, 34.72499999637494 ], [ 127.55000000113121, 34.724999995800189 ], [ 127.549999998356299, 34.74999999924075 ], [ 127.550000002933871, 34.7750000008621 ], [ 127.550000002841315, 34.799999998831481 ], [ 127.524999999524482, 34.799999998848953 ], [ 127.500000005466077, 34.800000000957908 ], [ 127.499999994535557, 34.774999995128439 ] ], [ [ 127.49999999781555, 34.725000003179041 ], [ 127.500000003277691, 34.749999996458577 ], [ 127.475000003259211, 34.749999997831331 ], [ 127.475000004051878, 34.724999999081192 ], [ 127.474999997893462, 34.69999999764012 ], [ 127.474999994610599, 34.675000001660592 ], [ 127.5, 34.674999998660368 ], [ 127.525000003205164, 34.674999998053892 ], [ 127.550000003626124, 34.674999998939434 ], [ 127.549999999248712, 34.699999998695731 ], [ 127.525000001014902, 34.699999998542118 ], [ 127.525000000316254, 34.72499999637494 ], [ 127.49999999781555, 34.725000003179041 ] ], [ [ 127.224999998127416, 34.724999997788153 ], [ 127.249999995305444, 34.724999999666572 ], [ 127.25000000083017, 34.750000001669846 ], [ 127.224999998249928, 34.749999998336648 ], [ 127.224999998127416, 34.724999997788153 ] ], [ [ 127.2000000036941, 34.675000000828582 ], [ 127.224999995591546, 34.674999995666255 ], [ 127.224999996862323, 34.700000002897632 ], [ 127.199999997053055, 34.700000003922185 ], [ 127.2000000036941, 34.675000000828582 ] ], [ [ 127.424999995742397, 34.750000000679663 ], [ 127.425000000324687, 34.725000004157017 ], [ 127.450000001048934, 34.725000003015367 ], [ 127.450000003830439, 34.749999996536303 ], [ 127.424999995742397, 34.750000000679663 ] ], [ [ 127.649999996125061, 34.65000000325373 ], [ 127.67499999683595, 34.650000001750129 ], [ 127.674999996821683, 34.624999997153566 ], [ 127.674999995293916, 34.599999999119021 ], [ 127.700000000107366, 34.600000003693729 ], [ 127.699999996170177, 34.624999998884633 ], [ 127.699999995490657, 34.650000001561082 ], [ 127.699999996947398, 34.675000002672334 ], [ 127.675000005130869, 34.675000003842115 ], [ 127.674999999866216, 34.700000003426375 ], [ 127.675000002866369, 34.725000001338991 ], [ 127.649999997532902, 34.725000003364215 ], [ 127.649999996095573, 34.699999996284959 ], [ 127.649999999262917, 34.674999996532748 ], [ 127.649999996125061, 34.65000000325373 ] ], [ [ 127.924999998799791, 34.849999995572581 ], [ 127.949999996169979, 34.850000001321945 ], [ 127.950000001239104, 34.875000003242043 ], [ 127.925000003698358, 34.874999997754529 ], [ 127.924999998799791, 34.849999995572581 ] ] ], [ [ [ 127.025000001419741, 34.549999997201013 ], [ 127.00000000035952, 34.549999997001606 ], [ 127.000000000228027, 34.574999999923421 ], [ 127.024999995734717, 34.575000000092366 ], [ 127.025000001419741, 34.549999997201013 ] ] ], [ [ [ 127.075000004567187, 34.175000004230014 ], [ 127.049999995380674, 34.174999997640583 ], [ 127.050000004364335, 34.199999999928217 ], [ 127.075000001637633, 34.200000001357957 ], [ 127.100000005074648, 34.200000002468244 ], [ 127.099999998330603, 34.175000002273237 ], [ 127.075000004567187, 34.175000004230014 ] ] ], [ [ [ 127.100000000296305, 34.25000000289851 ], [ 127.074999995764585, 34.249999995905355 ], [ 127.075000003685687, 34.275000002309568 ], [ 127.099999999670402, 34.275000003097901 ], [ 127.100000000296305, 34.25000000289851 ] ] ], [ [ [ 127.225000004004087, 34.250000002182439 ], [ 127.250000004468504, 34.24999999953117 ], [ 127.249999997760128, 34.274999997911486 ], [ 127.249999994409166, 34.300000002548011 ], [ 127.274999999273305, 34.300000002625538 ], [ 127.275000002052749, 34.325000004857806 ], [ 127.300000000378688, 34.32500000371391 ], [ 127.324999998557729, 34.325000000999523 ], [ 127.325000004567528, 34.299999996939796 ], [ 127.299999995992138, 34.300000003742511 ], [ 127.299999994761393, 34.275000001803576 ], [ 127.299999996676902, 34.249999996128984 ], [ 127.300000000613636, 34.224999997574898 ], [ 127.275000001813595, 34.224999998882467 ], [ 127.275000003354563, 34.199999995426197 ], [ 127.249999999726441, 34.200000002685705 ], [ 127.22499999969024, 34.199999999075963 ], [ 127.19999999518393, 34.200000004388478 ], [ 127.174999998896837, 34.199999998778303 ], [ 127.149999999502796, 34.200000001119179 ], [ 127.149999995296042, 34.175000000171039 ], [ 127.124999995468713, 34.175000000905882 ], [ 127.125000002058073, 34.20000000236508 ], [ 127.12499999901334, 34.225000000473159 ], [ 127.150000001013865, 34.224999998681859 ], [ 127.175000003792221, 34.225000002142217 ], [ 127.200000004529642, 34.225000003673046 ], [ 127.225000001464124, 34.225000002407761 ], [ 127.225000004004087, 34.250000002182439 ] ] ], [ [ [ 127.174999996246243, 34.400000004098551 ], [ 127.199999995350481, 34.400000003603168 ], [ 127.200000001858442, 34.374999997238753 ], [ 127.200000002246497, 34.349999996150139 ], [ 127.17499999684955, 34.349999997742074 ], [ 127.174999995994128, 34.375000002307431 ], [ 127.174999996246243, 34.400000004098551 ] ] ], [ [ [ 127.225000004063915, 34.274999999258817 ], [ 127.199999995986758, 34.275000004222939 ], [ 127.199999999851713, 34.300000004568183 ], [ 127.22500000488418, 34.300000003528844 ], [ 127.225000004063915, 34.274999999258817 ] ] ], [ [ [ 127.249999994409166, 34.300000002548011 ], [ 127.22500000488418, 34.300000003528844 ], [ 127.225000005431852, 34.325000003230528 ], [ 127.249999996659753, 34.324999995372814 ], [ 127.249999994409166, 34.300000002548011 ] ] ], [ [ [ 127.324999996439558, 34.074999998983323 ], [ 127.349999997565803, 34.074999999809144 ], [ 127.349999995945012, 34.050000002686147 ], [ 127.374999997547533, 34.05000000079999 ], [ 127.375000005187445, 34.025000000278908 ], [ 127.349999997144621, 34.025000002997764 ], [ 127.349999998986647, 34.000000001679645 ], [ 127.324999997034922, 34.000000000629868 ], [ 127.300000003331178, 34.000000003055213 ], [ 127.275000000202866, 33.999999999886661 ], [ 127.275000002570877, 34.024999996872467 ], [ 127.275000003175208, 34.050000000428433 ], [ 127.249999998936872, 34.050000003557159 ], [ 127.250000001543768, 34.074999996663976 ], [ 127.275000002050334, 34.075000001499333 ], [ 127.300000004572468, 34.074999996257716 ], [ 127.324999996439558, 34.074999998983323 ] ] ], [ [ [ 127.375000001728807, 34.174999995436998 ], [ 127.37499999846419, 34.149999998297375 ], [ 127.350000002051317, 34.150000003359843 ], [ 127.349999998759699, 34.175000000661349 ], [ 127.349999998317941, 34.200000003333344 ], [ 127.375000000674518, 34.200000000623525 ], [ 127.375000001728807, 34.174999995436998 ] ] ], [ [ [ 127.325000004448398, 34.249999997262876 ], [ 127.324999995664385, 34.27499999807177 ], [ 127.325000004567528, 34.299999996939796 ], [ 127.350000000389798, 34.299999999337871 ], [ 127.375000004549449, 34.300000001967263 ], [ 127.400000004437729, 34.299999996712664 ], [ 127.42499999719405, 34.300000000723671 ], [ 127.450000003905856, 34.299999996888772 ], [ 127.449999999432251, 34.274999999159789 ], [ 127.474999999924435, 34.275000000175893 ], [ 127.475000002696177, 34.249999996857916 ], [ 127.474999997440634, 34.224999999631571 ], [ 127.449999998817759, 34.224999996679024 ], [ 127.425000001547573, 34.224999998368062 ], [ 127.424999998836242, 34.249999995761179 ], [ 127.425000001364268, 34.274999999266321 ], [ 127.400000004213823, 34.275000002291875 ], [ 127.375000002143835, 34.274999998300103 ], [ 127.374999995444895, 34.250000001634447 ], [ 127.350000001722506, 34.250000002093117 ], [ 127.325000004448398, 34.249999997262876 ] ] ], [ [ [ 127.400000003082411, 34.349999995553191 ], [ 127.400000004055727, 34.324999997183838 ], [ 127.375000002679499, 34.325000002679893 ], [ 127.349999997011565, 34.324999998541678 ], [ 127.350000005234577, 34.350000003813719 ], [ 127.374999995448334, 34.350000001303158 ], [ 127.400000003082411, 34.349999995553191 ] ] ], [ [ [ 127.400000003766024, 34.049999999729394 ], [ 127.374999997547533, 34.05000000079999 ], [ 127.374999995323563, 34.074999999638365 ], [ 127.399999999848418, 34.07499999759613 ], [ 127.400000003766024, 34.049999999729394 ] ] ], [ [ [ 127.524999995067247, 34.100000000646304 ], [ 127.499999997831736, 34.100000002006546 ], [ 127.500000002168917, 34.125000002485173 ], [ 127.524999995272864, 34.125000000234529 ], [ 127.524999995067247, 34.100000000646304 ] ] ], [ [ [ 127.550000001183861, 34.224999999384607 ], [ 127.525000000387124, 34.224999996926449 ], [ 127.525000002736249, 34.250000004071659 ], [ 127.524999995730326, 34.275000001078638 ], [ 127.549999999481926, 34.275000000062079 ], [ 127.550000002622127, 34.249999995770999 ], [ 127.550000001183861, 34.224999999384607 ] ] ], [ [ [ 127.525000002232346, 34.350000003946342 ], [ 127.499999998912671, 34.349999997891018 ], [ 127.500000001087685, 34.375000003550348 ], [ 127.525000004515675, 34.375000000617696 ], [ 127.525000002232346, 34.350000003946342 ] ] ], [ [ [ 127.549999999957691, 34.524999999016799 ], [ 127.525000004107326, 34.52500000352692 ], [ 127.525000000577819, 34.550000002086151 ], [ 127.549999998349293, 34.549999995905836 ], [ 127.549999999957691, 34.524999999016799 ] ] ], [ [ [ 127.624999997035005, 34.050000000805497 ], [ 127.624999999142631, 34.024999998470733 ], [ 127.60000000488246, 34.025000000146875 ], [ 127.57500000018905, 34.024999995431322 ], [ 127.575000001277871, 34.05000000308312 ], [ 127.575000002575337, 34.074999999996813 ], [ 127.599999997989286, 34.075000002107302 ], [ 127.624999994924806, 34.07500000145204 ], [ 127.624999997035005, 34.050000000805497 ] ] ], [ [ [ 127.574999999305618, 34.12499999754386 ], [ 127.549999995274433, 34.125000001596014 ], [ 127.549999999803504, 34.149999996673721 ], [ 127.575000004489823, 34.149999998098707 ], [ 127.574999999305618, 34.12499999754386 ] ] ], [ [ [ 127.600000003357138, 34.424999995732342 ], [ 127.575000000153537, 34.425000004081205 ], [ 127.574999996621102, 34.449999998847829 ], [ 127.600000004490155, 34.450000003378442 ], [ 127.600000003357138, 34.424999995732342 ] ] ], [ [ [ 127.875000004482246, 34.274999999215403 ], [ 127.849999999701978, 34.274999998851669 ], [ 127.850000002964492, 34.299999997777086 ], [ 127.87499999619709, 34.299999999804946 ], [ 127.875000004482246, 34.274999999215403 ] ] ], [ [ [ 127.925000000822976, 34.40000000283861 ], [ 127.900000000146164, 34.400000004273082 ], [ 127.900000000811659, 34.425000003570325 ], [ 127.925000003027336, 34.425000001475098 ], [ 127.925000000822976, 34.40000000283861 ] ] ] ] } },
{ "type": "Feature", "properties": { "region": "전라서부", "region_full": "전라서부 권역", "sheet_count": 2595 }, "geometry": { "type": "MultiPolygon", "coordinates": [ [ [ [ 125.100000000289896, 34.099999995658422 ], [ 125.124999996356635, 34.100000004099329 ], [ 125.12499999464346, 34.075000001929574 ], [ 125.150000001916368, 34.075000001528757 ], [ 125.150000001956982, 34.050000000476665 ], [ 125.149999996020796, 34.024999998428569 ], [ 125.125000002304958, 34.025000004310492 ], [ 125.100000001405931, 34.025000003444902 ], [ 125.099999999274303, 34.049999997966069 ], [ 125.075000000430734, 34.049999998750849 ], [ 125.075000003876724, 34.075000001218996 ], [ 125.074999999094842, 34.100000002820359 ], [ 125.074999994878453, 34.125000003698652 ], [ 125.100000004811392, 34.124999997894868 ], [ 125.100000000289896, 34.099999995658422 ] ] ], [ [ [ 125.924999996032142, 34.124999999648061 ], [ 125.92499999921678, 34.15000000025907 ], [ 125.925000003615224, 34.175000001275613 ], [ 125.950000002919694, 34.175000004197614 ], [ 125.950000000854203, 34.149999999777776 ], [ 125.950000003668549, 34.124999996469185 ], [ 125.924999996032142, 34.124999999648061 ] ] ], [ [ [ 125.825000001560412, 34.224999999935307 ], [ 125.825000001527442, 34.250000001407066 ], [ 125.850000003470598, 34.249999998993466 ], [ 125.850000002292632, 34.224999996782564 ], [ 125.874999996600479, 34.224999996082005 ], [ 125.875000000902261, 34.249999997298772 ], [ 125.874999996137191, 34.274999999148605 ], [ 125.900000003610188, 34.274999996423603 ], [ 125.925000000461139, 34.275000001996268 ], [ 125.949999997218242, 34.27499999816456 ], [ 125.949999996975549, 34.299999995580521 ], [ 125.925000000415764, 34.299999997192515 ], [ 125.900000002279043, 34.299999995745765 ], [ 125.874999994317932, 34.30000000265948 ], [ 125.874999995744929, 34.324999996982093 ], [ 125.899999997891655, 34.324999996366884 ], [ 125.925000000848172, 34.32500000160293 ], [ 125.925000003269261, 34.349999997179609 ], [ 125.924999996524036, 34.375000003583864 ], [ 125.9250000017433, 34.400000000315487 ], [ 125.950000004061948, 34.399999998025173 ], [ 125.975000004073095, 34.399999995810219 ], [ 125.975000004979378, 34.425000003652258 ], [ 125.974999994892485, 34.450000002786545 ], [ 125.97499999659955, 34.475000001580007 ], [ 126.000000000096946, 34.475000003356016 ], [ 126.02499999712488, 34.474999999442879 ], [ 126.024999999320585, 34.500000001404473 ], [ 126.050000003247874, 34.499999996365794 ], [ 126.074999996682266, 34.500000004068234 ], [ 126.074999995844721, 34.525000000424619 ], [ 126.050000003286883, 34.525000000373424 ], [ 126.02500000016164, 34.525000002329605 ], [ 125.999999999270628, 34.52499999544662 ], [ 125.999999995553992, 34.550000000605465 ], [ 125.999999996915605, 34.574999996857663 ], [ 125.974999996745325, 34.574999996549373 ], [ 125.950000001410004, 34.575000003492079 ], [ 125.950000002190279, 34.600000002645196 ], [ 125.949999999590048, 34.625000003115481 ], [ 125.924999998965589, 34.624999996985572 ], [ 125.925000001671393, 34.649999996425727 ], [ 125.899999996240979, 34.650000000342558 ], [ 125.899999996136984, 34.625000002353055 ], [ 125.900000004104399, 34.599999996369988 ], [ 125.924999999134386, 34.599999997350714 ], [ 125.925000000997727, 34.574999997537986 ], [ 125.925000004449657, 34.549999998479855 ], [ 125.900000000565512, 34.550000002357038 ], [ 125.874999995106378, 34.550000003722559 ], [ 125.875000005010548, 34.574999996930927 ], [ 125.850000000876719, 34.575000000875974 ], [ 125.824999999410622, 34.575000001168412 ], [ 125.800000002306149, 34.574999998534416 ], [ 125.800000003771871, 34.599999997042616 ], [ 125.774999996249321, 34.599999997774574 ], [ 125.775000000245782, 34.624999996249279 ], [ 125.80000000488451, 34.624999996622236 ], [ 125.825000003979525, 34.624999999340631 ], [ 125.82499999770846, 34.649999999948257 ], [ 125.824999996059148, 34.67500000046757 ], [ 125.82499999909281, 34.700000002671196 ], [ 125.824999996189604, 34.724999996463431 ], [ 125.85000000553346, 34.72500000026303 ], [ 125.850000001672782, 34.700000000652352 ], [ 125.874999995456164, 34.700000004382375 ], [ 125.875000004890126, 34.72499999999394 ], [ 125.87499999600287, 34.749999995501206 ], [ 125.875000001447646, 34.77500000122653 ], [ 125.875000000954529, 34.799999997031499 ], [ 125.900000001043182, 34.800000000405923 ], [ 125.924999998872636, 34.800000003296802 ], [ 125.924999995741288, 34.82500000285151 ], [ 125.950000002624392, 34.824999995494693 ], [ 125.949999998620257, 34.85000000314237 ], [ 125.950000002153999, 34.875000000206356 ], [ 125.950000002175329, 34.899999997334199 ], [ 125.975000005799444, 34.899999997422135 ], [ 125.999999999899956, 34.900000000766951 ], [ 125.999999994887403, 34.924999997843138 ], [ 125.999999997004167, 34.950000003592379 ], [ 126.02500000538106, 34.950000004510336 ], [ 126.024999999196083, 34.924999996048072 ], [ 126.050000003564463, 34.92499999633462 ], [ 126.050000001560051, 34.950000004810867 ], [ 126.074999994838819, 34.950000004785878 ], [ 126.099999994530918, 34.950000003815234 ], [ 126.100000003159764, 34.974999998206719 ], [ 126.074999995313107, 34.975000001588953 ], [ 126.074999994583379, 34.999999996295088 ], [ 126.075000004595765, 35.024999999832922 ], [ 126.075000001496235, 35.050000001972776 ], [ 126.050000000968566, 35.049999999489785 ], [ 126.024999996484524, 35.049999998221608 ], [ 126.025000002989515, 35.075000001093201 ], [ 126.000000002208736, 35.075000000361229 ], [ 125.975000000470118, 35.075000000700747 ], [ 125.974999997753415, 35.099999998450251 ], [ 125.974999995823268, 35.125000003911914 ], [ 126.000000001518984, 35.125000000151616 ], [ 126.024999995744665, 35.125000003101874 ], [ 126.049999997921944, 35.125000002360466 ], [ 126.050000004438729, 35.150000000861873 ], [ 126.075000000825383, 35.150000003916482 ], [ 126.100000001677856, 35.150000002864921 ], [ 126.124999995495642, 35.149999997742526 ], [ 126.150000001361065, 35.149999997948264 ], [ 126.174999996821114, 35.150000002490202 ], [ 126.174999997761162, 35.174999998244203 ], [ 126.200000004750208, 35.17499999769074 ], [ 126.20000000234171, 35.150000003639384 ], [ 126.225000004241622, 35.150000000500555 ], [ 126.250000000746454, 35.150000003129485 ], [ 126.249999996551651, 35.174999997847756 ], [ 126.274999998982665, 35.174999999951545 ], [ 126.275000000011175, 35.200000004001019 ], [ 126.250000001964196, 35.199999999682831 ], [ 126.224999996509538, 35.199999998036752 ], [ 126.22500000224953, 35.225000002288517 ], [ 126.249999996328228, 35.224999999373708 ], [ 126.275000005895279, 35.224999995957084 ], [ 126.275000004186808, 35.250000004515044 ], [ 126.299999998515148, 35.250000002501721 ], [ 126.30000000053289, 35.274999999871163 ], [ 126.32499999448892, 35.274999996165782 ], [ 126.324999997297681, 35.299999998341882 ], [ 126.350000004547638, 35.299999998851085 ], [ 126.349999996682257, 35.325000003728569 ], [ 126.34999999621364, 35.349999996719497 ], [ 126.374999998956397, 35.350000001800176 ], [ 126.37500000206029, 35.374999996335241 ], [ 126.374999996315211, 35.399999995720954 ], [ 126.400000000300039, 35.40000000030733 ], [ 126.400000000286397, 35.424999999082253 ], [ 126.399999996294582, 35.450000004320017 ], [ 126.399999998572596, 35.474999996247391 ], [ 126.425000002425364, 35.475000002191649 ], [ 126.449999997686305, 35.475000002428828 ], [ 126.450000000171499, 35.500000000147971 ], [ 126.449999997398862, 35.525000002987419 ], [ 126.475000002834022, 35.525000001322226 ], [ 126.475000000777754, 35.549999998192618 ], [ 126.500000000670354, 35.55000000145295 ], [ 126.499999996518895, 35.57499999943655 ], [ 126.474999996145726, 35.574999999982062 ], [ 126.449999995401853, 35.574999997925403 ], [ 126.449999997298633, 35.59999999808683 ], [ 126.45000000520227, 35.625000004245457 ], [ 126.44999999512774, 35.649999997228051 ], [ 126.450000002119779, 35.675000004357656 ], [ 126.450000003400547, 35.699999998357463 ], [ 126.474999998120978, 35.700000003744343 ], [ 126.474999994540156, 35.67500000378628 ], [ 126.499999997978378, 35.675000003556761 ], [ 126.500000002699934, 35.699999999815574 ], [ 126.525000004347206, 35.700000002809531 ], [ 126.524999997498114, 35.724999996371579 ], [ 126.500000000036252, 35.724999999709247 ], [ 126.500000001187416, 35.749999996087809 ], [ 126.524999999123352, 35.749999995315378 ], [ 126.550000002229581, 35.749999999497462 ], [ 126.575000000254235, 35.749999998747917 ], [ 126.600000001510111, 35.750000003160118 ], [ 126.624999994633271, 35.750000002839386 ], [ 126.650000000213694, 35.749999998040849 ], [ 126.675000004455612, 35.749999998681361 ], [ 126.699999994789465, 35.750000003875286 ], [ 126.725000003048777, 35.749999995900055 ], [ 126.749999996476589, 35.750000001681229 ], [ 126.775000003586214, 35.750000003457622 ], [ 126.800000002942397, 35.750000001182883 ], [ 126.825000004000799, 35.750000004014964 ], [ 126.85000000420942, 35.750000003003919 ], [ 126.875000002047614, 35.749999997318824 ], [ 126.899999997018369, 35.749999996951537 ], [ 126.924999997556512, 35.750000002016392 ], [ 126.950000003317385, 35.750000002659768 ], [ 126.975000000600602, 35.749999999786517 ], [ 126.999999999994159, 35.750000001623853 ], [ 126.999999999979991, 35.724999997671276 ], [ 126.99999999961112, 35.699999997718372 ], [ 126.99999999996399, 35.675000001800647 ], [ 126.999999999960622, 35.650000000928387 ], [ 126.999999999516319, 35.625000004148788 ], [ 126.999999999757051, 35.600000003382995 ], [ 126.999999999560913, 35.574999996854302 ], [ 126.999999999885205, 35.550000003532716 ], [ 126.999999999760078, 35.52499999729784 ], [ 127.000000000103142, 35.50000000343131 ], [ 126.999999999939533, 35.474999996714352 ], [ 127.000000000180975, 35.450000003330558 ], [ 126.999999999864244, 35.424999996257817 ], [ 126.999999999895238, 35.40000000258177 ], [ 127.000000000356437, 35.375000004301349 ], [ 127.000000000118277, 35.350000001443824 ], [ 127.00000000019746, 35.325000003062286 ], [ 126.999999999520838, 35.30000000016765 ], [ 127.000000000198654, 35.27500000271943 ], [ 127.000000000069321, 35.249999999920774 ], [ 127.000000000137518, 35.225000002628533 ], [ 127.000000000441048, 35.200000000054999 ], [ 126.999999999786809, 35.175000003048211 ], [ 127.000000000403745, 35.150000001731264 ], [ 127.00000000007276, 35.124999995225977 ], [ 126.999999999742471, 35.100000003406748 ], [ 126.999999999555214, 35.074999998353888 ], [ 127.000000000469058, 35.049999998138617 ], [ 127.000000000257032, 35.025000003686586 ], [ 127.000000000053632, 35.00000000421484 ], [ 126.999999999825164, 34.97500000065812 ], [ 126.999999999483236, 34.950000002968359 ], [ 127.000000000160341, 34.925000000362772 ], [ 126.999999999572822, 34.900000003686252 ], [ 126.999999999942261, 34.875000003062247 ], [ 127.00000000015126, 34.849999997617914 ], [ 127.000000000106553, 34.824999998207566 ], [ 126.999999999785828, 34.800000003963177 ], [ 127.00000000036313, 34.774999996888084 ], [ 126.999999999461451, 34.750000004059338 ], [ 127.000000000488413, 34.724999999373658 ], [ 127.000000000041055, 34.699999999082912 ], [ 127.000000000270518, 34.675000004131888 ], [ 127.000000000160114, 34.649999997416771 ], [ 126.999999999584787, 34.624999995203368 ], [ 126.999999999597051, 34.59999999933396 ], [ 127.000000000228027, 34.574999999923421 ], [ 127.00000000035952, 34.549999997001606 ], [ 126.999999999910315, 34.524999999620775 ], [ 126.999999999996476, 34.499999998802096 ], [ 127.000000000536005, 34.475000003598069 ], [ 127.000000000519847, 34.44999999600315 ], [ 126.975000005537026, 34.450000000212761 ], [ 126.974999997311045, 34.424999999463445 ], [ 126.999999999759638, 34.425000003105815 ], [ 126.999999999472223, 34.399999998793362 ], [ 126.999999999532974, 34.374999999333021 ], [ 126.999999999957012, 34.34999999754541 ], [ 126.999999999581348, 34.325000001577394 ], [ 126.999999999524732, 34.300000001548725 ], [ 126.974999996775779, 34.300000002385616 ], [ 126.949999994943951, 34.30000000373424 ], [ 126.950000003239836, 34.32499999975974 ], [ 126.950000002257781, 34.350000001764684 ], [ 126.924999997553229, 34.350000004263279 ], [ 126.925000003722431, 34.324999997370533 ], [ 126.899999999773314, 34.325000003505863 ], [ 126.900000004347788, 34.300000000540898 ], [ 126.924999996922438, 34.299999997427015 ], [ 126.924999996699242, 34.275000002756251 ], [ 126.899999999860711, 34.275000002864452 ], [ 126.874999999568402, 34.274999996896987 ], [ 126.849999997444556, 34.275000002822587 ], [ 126.82499999537832, 34.27500000253653 ], [ 126.824999997955615, 34.299999997738794 ], [ 126.800000000347367, 34.300000004293452 ], [ 126.800000004840143, 34.275000004140431 ], [ 126.774999995064817, 34.274999999259457 ], [ 126.750000002486871, 34.274999997938401 ], [ 126.725000004976962, 34.274999998154634 ], [ 126.700000005358561, 34.275000001634652 ], [ 126.675000004395002, 34.274999998366688 ], [ 126.674999995420194, 34.299999996242306 ], [ 126.649999999947951, 34.299999998682246 ], [ 126.650000003566959, 34.324999998476152 ], [ 126.624999997264169, 34.325000003039953 ], [ 126.624999995546901, 34.300000002288108 ], [ 126.624999997594927, 34.274999998234577 ], [ 126.625000005416751, 34.250000001750294 ], [ 126.649999998579858, 34.250000001408303 ], [ 126.650000000734153, 34.225000003997508 ], [ 126.650000001502789, 34.200000003219635 ], [ 126.67499999646526, 34.199999995926582 ], [ 126.700000001901756, 34.199999996165992 ], [ 126.700000002047517, 34.175000001577928 ], [ 126.699999999393341, 34.150000004330764 ], [ 126.700000004749924, 34.125000003628443 ], [ 126.675000004112391, 34.124999997693955 ], [ 126.675000002561404, 34.099999999031354 ], [ 126.649999999211047, 34.100000003272989 ], [ 126.624999999037428, 34.100000003955778 ], [ 126.625000004225015, 34.074999998906087 ], [ 126.600000000711844, 34.074999996994045 ], [ 126.575000003975731, 34.075000003042284 ], [ 126.575000004504318, 34.099999996005344 ], [ 126.575000000843033, 34.125000004204317 ], [ 126.550000003451885, 34.124999999812509 ], [ 126.55000000376846, 34.100000004240762 ], [ 126.525000001511643, 34.100000000328905 ], [ 126.500000001483144, 34.100000002218749 ], [ 126.49999999834651, 34.125000002295053 ], [ 126.475000004050955, 34.125000000021586 ], [ 126.475000001192555, 34.149999997944185 ], [ 126.45000000054641, 34.149999996904164 ], [ 126.424999995219551, 34.149999997682372 ], [ 126.424999999590952, 34.174999996950213 ], [ 126.425000001788135, 34.200000002369876 ], [ 126.399999997873067, 34.200000003262367 ], [ 126.375000004421437, 34.200000002307839 ], [ 126.37499999553377, 34.225000002760595 ], [ 126.374999999033065, 34.250000001653241 ], [ 126.399999996827304, 34.249999999008935 ], [ 126.400000003532483, 34.275000003161189 ], [ 126.425000003119436, 34.275000000250834 ], [ 126.450000001017216, 34.274999999255058 ], [ 126.449999996089957, 34.300000001551545 ], [ 126.474999997511858, 34.300000004155599 ], [ 126.500000002375586, 34.299999998200768 ], [ 126.499999995498669, 34.324999999151025 ], [ 126.474999998724968, 34.324999996553018 ], [ 126.44999999633221, 34.325000000707384 ], [ 126.449999999609531, 34.349999998473464 ], [ 126.449999995006323, 34.375000002837901 ], [ 126.449999995852167, 34.3999999958451 ], [ 126.475000001092837, 34.400000004716766 ], [ 126.475000004437604, 34.424999996931334 ], [ 126.449999999808355, 34.424999995476426 ], [ 126.425000000303342, 34.425000004604676 ], [ 126.399999997142288, 34.424999995254893 ], [ 126.399999995539076, 34.450000004144286 ], [ 126.374999997520078, 34.449999997585905 ], [ 126.37500000256847, 34.424999996262478 ], [ 126.37499999757145, 34.400000001015165 ], [ 126.375000004442242, 34.37499999584761 ], [ 126.350000004704938, 34.375000003465701 ], [ 126.32499999706954, 34.374999997431132 ], [ 126.324999995696658, 34.349999999009263 ], [ 126.324999995328909, 34.324999999108869 ], [ 126.324999998073707, 34.299999997784191 ], [ 126.300000004420852, 34.300000004111354 ], [ 126.27499999498292, 34.300000000751957 ], [ 126.274999998739816, 34.325000003768288 ], [ 126.275000004900861, 34.349999996709414 ], [ 126.275000003499684, 34.374999996575312 ], [ 126.249999999303853, 34.37500000038365 ], [ 126.250000002981537, 34.349999998357994 ], [ 126.22499999912884, 34.349999995683064 ], [ 126.224999997954995, 34.325000000552926 ], [ 126.20000000145734, 34.325000004012807 ], [ 126.174999995977302, 34.324999996393082 ], [ 126.174999994686203, 34.300000003003085 ], [ 126.149999997119167, 34.299999997632618 ], [ 126.125000003786681, 34.299999999886239 ], [ 126.124999995191175, 34.274999998868999 ], [ 126.15000000048542, 34.274999998615755 ], [ 126.174999999491178, 34.274999999503535 ], [ 126.200000002400799, 34.275000001806767 ], [ 126.19999999762193, 34.250000004050108 ], [ 126.200000002471199, 34.22499999608403 ], [ 126.175000003688467, 34.22499999992845 ], [ 126.17500000295297, 34.200000003017657 ], [ 126.15000000387839, 34.199999998831963 ], [ 126.125000000235303, 34.200000001084234 ], [ 126.124999998306507, 34.22500000399792 ], [ 126.125000004659782, 34.249999997349185 ], [ 126.100000001140515, 34.249999997866226 ], [ 126.099999995251508, 34.225000003030381 ], [ 126.07500000193059, 34.224999998450343 ], [ 126.07499999435673, 34.199999996446472 ], [ 126.049999996592092, 34.199999998287062 ], [ 126.025000001474652, 34.199999996950609 ], [ 126.025000005578462, 34.224999999862597 ], [ 125.999999995342478, 34.22499999819631 ], [ 125.975000001769274, 34.224999999517742 ], [ 125.950000003959516, 34.224999996175136 ], [ 125.925000004631954, 34.224999995227876 ], [ 125.899999994643821, 34.224999999070953 ], [ 125.899999996112626, 34.200000001260122 ], [ 125.874999995085489, 34.199999995688408 ], [ 125.874999996248576, 34.174999997051309 ], [ 125.850000002574731, 34.174999995549619 ], [ 125.849999998046201, 34.199999995570494 ], [ 125.824999995907831, 34.200000000585561 ], [ 125.800000000414983, 34.199999999870421 ], [ 125.799999997413707, 34.224999997260518 ], [ 125.825000001560412, 34.224999999935307 ] ], [ [ 125.950000002771588, 34.250000001698879 ], [ 125.975000001628572, 34.24999999698592 ], [ 125.975000001549461, 34.275000004150009 ], [ 125.949999997218242, 34.27499999816456 ], [ 125.950000002771588, 34.250000001698879 ] ], [ [ 125.975000002644904, 34.37499999745819 ], [ 125.999999999772456, 34.374999997718326 ], [ 125.999999997688349, 34.400000003727115 ], [ 125.975000004073095, 34.399999995810219 ], [ 125.975000002644904, 34.37499999745819 ] ], [ [ 125.875000001627939, 34.675000000134126 ], [ 125.900000004357054, 34.674999998421001 ], [ 125.899999999826321, 34.699999997187028 ], [ 125.874999995456164, 34.700000004382375 ], [ 125.875000001627939, 34.675000000134126 ] ], [ [ 126.275000002465134, 35.150000001869444 ], [ 126.299999996785914, 35.149999997641594 ], [ 126.325000002838692, 35.149999997994051 ], [ 126.325000002431736, 35.174999996170989 ], [ 126.299999994946944, 35.174999995678284 ], [ 126.274999998982665, 35.174999999951545 ], [ 126.275000002465134, 35.150000001869444 ] ], [ [ 126.975000000761412, 34.349999996186327 ], [ 126.975000000394431, 34.374999997438678 ], [ 126.974999995627186, 34.399999995521171 ], [ 126.950000004280639, 34.399999995758328 ], [ 126.950000002960678, 34.374999999842949 ], [ 126.950000002257781, 34.350000001764684 ], [ 126.975000000761412, 34.349999996186327 ] ], [ [ 126.124999996835385, 34.325000000891848 ], [ 126.099999995940308, 34.325000003587306 ], [ 126.099999995912341, 34.300000002172538 ], [ 126.125000003786681, 34.299999999886239 ], [ 126.124999996835385, 34.325000000891848 ] ], [ [ 126.099999998559127, 34.350000004474623 ], [ 126.100000003998176, 34.374999995786375 ], [ 126.099999999922645, 34.400000004400191 ], [ 126.074999999417088, 34.400000003349312 ], [ 126.075000000028496, 34.375000003570037 ], [ 126.049999994301032, 34.374999996038369 ], [ 126.049999995885372, 34.349999998583634 ], [ 126.074999997529616, 34.350000003350139 ], [ 126.075000003783074, 34.325000003762739 ], [ 126.099999995940308, 34.325000003587306 ], [ 126.099999998559127, 34.350000004474623 ] ], [ [ 126.575000001455621, 34.249999995357392 ], [ 126.600000005458156, 34.249999996757666 ], [ 126.599999995256283, 34.275000002089506 ], [ 126.574999998592915, 34.274999999736373 ], [ 126.575000001455621, 34.249999995357392 ] ], [ [ 126.30000000319761, 35.000000004374371 ], [ 126.30000000150838, 35.024999999818412 ], [ 126.274999997669681, 35.025000002885179 ], [ 126.275000004315871, 34.999999999553076 ], [ 126.30000000319761, 35.000000004374371 ] ], [ [ 126.224999994948774, 34.825000001657436 ], [ 126.225000001559394, 34.799999999068035 ], [ 126.225000003161, 34.775000004120315 ], [ 126.250000001417519, 34.775000000439078 ], [ 126.25000000557138, 34.749999996995442 ], [ 126.27499999789552, 34.750000001237382 ], [ 126.274999994944068, 34.775000000329143 ], [ 126.274999996606994, 34.799999996884935 ], [ 126.300000001411306, 34.800000002539129 ], [ 126.299999996319315, 34.824999999008774 ], [ 126.275000001730248, 34.824999999877576 ], [ 126.250000000347811, 34.82500000110231 ], [ 126.224999994948774, 34.825000001657436 ] ], [ [ 126.224999997793418, 34.749999997890626 ], [ 126.199999999190823, 34.750000003122743 ], [ 126.199999996446422, 34.725000002968848 ], [ 126.22499999821801, 34.724999998579158 ], [ 126.249999997337397, 34.725000000986817 ], [ 126.25000000557138, 34.749999996995442 ], [ 126.224999997793418, 34.749999997890626 ] ], [ [ 126.025000005433427, 34.449999998424175 ], [ 126.025000001340075, 34.424999996301274 ], [ 126.050000004390199, 34.424999999545967 ], [ 126.050000003343499, 34.449999995462896 ], [ 126.025000005433427, 34.449999998424175 ] ], [ [ 126.024999999677362, 34.69999999636574 ], [ 126.025000002852849, 34.674999999032359 ], [ 126.050000002273862, 34.675000003586817 ], [ 126.049999998959322, 34.700000003317626 ], [ 126.024999999677362, 34.69999999636574 ] ], [ [ 126.200000002530189, 34.850000003585407 ], [ 126.174999997651639, 34.850000003281579 ], [ 126.17499999954056, 34.825000001339802 ], [ 126.199999998136335, 34.825000001523485 ], [ 126.200000002530189, 34.850000003585407 ] ], [ [ 126.124999998092377, 34.549999996240096 ], [ 126.125000004561898, 34.525000003381194 ], [ 126.149999996724063, 34.524999998234577 ], [ 126.1500000040853, 34.549999996280491 ], [ 126.124999998092377, 34.549999996240096 ] ], [ [ 126.149999996360876, 34.899999995694671 ], [ 126.14999999442, 34.924999999817366 ], [ 126.125000001721276, 34.925000004036278 ], [ 126.12500000170148, 34.900000002636219 ], [ 126.149999996360876, 34.899999995694671 ] ], [ [ 126.224999996821794, 34.599999996886041 ], [ 126.250000004730282, 34.600000002568613 ], [ 126.24999999783131, 34.624999998892804 ], [ 126.249999998948311, 34.650000002123825 ], [ 126.224999995920399, 34.650000001502562 ], [ 126.22500000497152, 34.625000004790685 ], [ 126.224999996821794, 34.599999996886041 ] ], [ [ 126.3499999982552, 35.149999995635781 ], [ 126.349999995423943, 35.124999997098165 ], [ 126.375000003031914, 35.125000003427736 ], [ 126.375000002157989, 35.149999999004656 ], [ 126.3499999982552, 35.149999995635781 ] ], [ [ 126.425000003323149, 34.449999999501344 ], [ 126.449999996039551, 34.450000002506485 ], [ 126.449999996821788, 34.4749999971676 ], [ 126.450000001968704, 34.49999999926321 ], [ 126.424999997282995, 34.50000000021997 ], [ 126.424999998255217, 34.524999997044752 ], [ 126.400000003044426, 34.524999997122059 ], [ 126.399999999096238, 34.499999995648608 ], [ 126.399999999841967, 34.4750000010132 ], [ 126.424999995000746, 34.47500000099263 ], [ 126.425000003323149, 34.449999999501344 ] ], [ [ 126.474999999195234, 34.199999996096402 ], [ 126.499999999906734, 34.199999999150094 ], [ 126.500000005314121, 34.225000000477877 ], [ 126.525000002862612, 34.22499999963766 ], [ 126.550000000788103, 34.224999996628291 ], [ 126.550000004928521, 34.249999998427249 ], [ 126.524999998190125, 34.24999999669911 ], [ 126.524999999727356, 34.27500000014296 ], [ 126.500000001012097, 34.27500000450177 ], [ 126.475000004150544, 34.275000001263621 ], [ 126.474999997738067, 34.250000004870834 ], [ 126.449999997998816, 34.249999995543583 ], [ 126.425000003545804, 34.24999999999666 ], [ 126.425000003159582, 34.224999997685963 ], [ 126.449999998813396, 34.224999999570628 ], [ 126.450000002449201, 34.200000000540555 ], [ 126.474999999195234, 34.199999996096402 ] ] ], [ [ [ 125.474999998275891, 34.200000000869046 ], [ 125.450000005837651, 34.200000003989643 ], [ 125.449999997421997, 34.225000003366659 ], [ 125.475000002048134, 34.22500000079674 ], [ 125.474999997620415, 34.249999995985583 ], [ 125.499999996340534, 34.250000001599787 ], [ 125.499999995209421, 34.224999998126137 ], [ 125.50000000126218, 34.199999999772245 ], [ 125.474999998275891, 34.200000000869046 ] ] ], [ [ [ 125.224999999754786, 34.2999999964427 ], [ 125.225000003097961, 34.324999995903532 ], [ 125.250000000712561, 34.324999995736675 ], [ 125.249999996270049, 34.299999999508223 ], [ 125.224999999754786, 34.2999999964427 ] ] ], [ [ [ 125.900000001402447, 34.349999998397237 ], [ 125.874999999041236, 34.350000001903069 ], [ 125.874999994878266, 34.374999998329976 ], [ 125.900000000981194, 34.374999999846089 ], [ 125.900000001402447, 34.349999998397237 ] ] ], [ [ [ 125.299999995532332, 34.475000002601618 ], [ 125.32500000089675, 34.474999996038626 ], [ 125.324999996422861, 34.450000003752265 ], [ 125.299999999072568, 34.450000000836191 ], [ 125.300000004434125, 34.4249999965214 ], [ 125.324999999865341, 34.424999999668422 ], [ 125.324999999780971, 34.400000000743795 ], [ 125.324999995199065, 34.3749999979755 ], [ 125.299999999950813, 34.375000003433613 ], [ 125.275000004597601, 34.374999997608413 ], [ 125.275000001253332, 34.399999997673468 ], [ 125.274999995802631, 34.424999995522406 ], [ 125.27499999794199, 34.449999999415965 ], [ 125.27499999824731, 34.475000000136838 ], [ 125.299999995532332, 34.475000002601618 ] ] ], [ [ [ 125.674999995405059, 34.500000001416495 ], [ 125.675000001500607, 34.52499999631393 ], [ 125.700000000341049, 34.525000000625546 ], [ 125.700000004213337, 34.49999999680422 ], [ 125.674999995405059, 34.500000001416495 ] ] ], [ [ [ 125.35000000246238, 34.500000002250651 ], [ 125.32500000076287, 34.500000002420435 ], [ 125.324999996816715, 34.524999996735851 ], [ 125.350000004386942, 34.525000002685431 ], [ 125.35000000246238, 34.500000002250651 ] ] ], [ [ [ 125.374999997107025, 34.699999997452935 ], [ 125.400000005266151, 34.699999999239957 ], [ 125.399999995880023, 34.724999996875262 ], [ 125.425000002124904, 34.725000000502817 ], [ 125.424999998235265, 34.750000001844882 ], [ 125.424999998596576, 34.774999997750186 ], [ 125.450000003090722, 34.774999996633532 ], [ 125.475000002742149, 34.775000003518663 ], [ 125.474999995653363, 34.749999998351981 ], [ 125.50000000198699, 34.750000001246534 ], [ 125.499999996694854, 34.724999997049949 ], [ 125.475000004319043, 34.724999996313336 ], [ 125.475000005674275, 34.699999997950741 ], [ 125.474999999634605, 34.675000002391464 ], [ 125.500000000268699, 34.674999997566495 ], [ 125.499999997975593, 34.650000003058565 ], [ 125.50000000393598, 34.625000003244331 ], [ 125.474999999312217, 34.624999996926363 ], [ 125.449999999021642, 34.625000000098375 ], [ 125.424999995191953, 34.625000002465477 ], [ 125.425000003850698, 34.599999995744852 ], [ 125.400000000322137, 34.599999998501858 ], [ 125.400000000631465, 34.624999995882924 ], [ 125.374999995876436, 34.62499999779692 ], [ 125.37500000063396, 34.649999999196375 ], [ 125.349999999645547, 34.649999997039167 ], [ 125.349999999117045, 34.675000000325198 ], [ 125.350000000177872, 34.699999999208977 ], [ 125.374999997107025, 34.699999997452935 ] ] ], [ [ [ 125.224999995881888, 34.725000004337659 ], [ 125.224999996638203, 34.700000000971336 ], [ 125.224999996826369, 34.675000003877415 ], [ 125.200000002913541, 34.67499999628474 ], [ 125.199999995511192, 34.650000000667411 ], [ 125.174999995313513, 34.650000002133446 ], [ 125.1500000001014, 34.64999999925562 ], [ 125.150000000550847, 34.674999999962118 ], [ 125.175000000524363, 34.67500000071405 ], [ 125.174999994629005, 34.699999997999114 ], [ 125.175000001529611, 34.725000002529718 ], [ 125.174999998720736, 34.750000003930673 ], [ 125.199999996820921, 34.749999996357282 ], [ 125.224999995178479, 34.749999995928242 ], [ 125.224999995881888, 34.725000004337659 ] ] ], [ [ [ 125.774999998533346, 34.775000001457769 ], [ 125.775000002265713, 34.799999998533536 ], [ 125.799999997969138, 34.800000003829524 ], [ 125.799999994496588, 34.774999997565224 ], [ 125.774999998533346, 34.775000001457769 ] ] ], [ [ [ 125.975000001079934, 34.924999999869129 ], [ 125.949999999693063, 34.925000003523756 ], [ 125.950000003906737, 34.949999999926625 ], [ 125.974999998882055, 34.950000002153047 ], [ 125.975000001079934, 34.924999999869129 ] ] ], [ [ [ 125.874999997783064, 35.050000003862735 ], [ 125.875000000215707, 35.024999997307638 ], [ 125.874999996119882, 35.000000000349026 ], [ 125.850000001030921, 34.999999997444633 ], [ 125.849999995861594, 35.025000001423543 ], [ 125.825000002157367, 35.024999998080993 ], [ 125.82499999479522, 35.049999997902724 ], [ 125.850000002799348, 35.049999995672223 ], [ 125.874999997783064, 35.050000003862735 ] ] ], [ [ [ 125.975000001810116, 35.025000003135347 ], [ 125.949999998172046, 35.025000004192279 ], [ 125.950000000875107, 35.049999998644942 ], [ 125.97499999526822, 35.050000002470256 ], [ 125.975000001810116, 35.025000003135347 ] ] ], [ [ [ 125.924999998102237, 35.049999995258396 ], [ 125.900000000430097, 35.05000000311572 ], [ 125.899999998235288, 35.075000001023632 ], [ 125.90000000564244, 35.099999997608691 ], [ 125.924999999183129, 35.099999996465023 ], [ 125.949999997352734, 35.100000002404521 ], [ 125.950000000516908, 35.075000001063657 ], [ 125.950000000875107, 35.049999998644942 ], [ 125.924999998102237, 35.049999995258396 ] ] ], [ [ [ 125.875000000538051, 35.149999999349504 ], [ 125.900000004383273, 35.150000000521189 ], [ 125.925000002084644, 35.14999999618805 ], [ 125.924999998770446, 35.125000000788702 ], [ 125.899999999482517, 35.125000004255362 ], [ 125.874999995419088, 35.125000002950721 ], [ 125.875000000538051, 35.149999999349504 ] ] ], [ [ [ 125.899999998305844, 35.224999995903957 ], [ 125.924999999805124, 35.225000003820448 ], [ 125.924999997485813, 35.200000002175898 ], [ 125.899999997579116, 35.200000000801744 ], [ 125.875000004005926, 35.200000000783859 ], [ 125.875000001634589, 35.22499999583161 ], [ 125.899999998305844, 35.224999995903957 ] ] ], [ [ [ 125.974999998458813, 35.374999997833953 ], [ 126.000000005321397, 35.375000003055909 ], [ 126.024999998314996, 35.374999998957158 ], [ 126.049999997568293, 35.375000002193239 ], [ 126.050000003735846, 35.400000003797686 ], [ 126.074999999574459, 35.400000002514403 ], [ 126.099999997327714, 35.399999999163441 ], [ 126.099999999204073, 35.374999998708063 ], [ 126.075000001806117, 35.374999995788841 ], [ 126.075000003951033, 35.349999996402566 ], [ 126.049999996610268, 35.349999999201998 ], [ 126.050000000613011, 35.325000003867167 ], [ 126.025000001855716, 35.324999995994894 ], [ 125.999999998805791, 35.324999999397235 ], [ 125.999999995362799, 35.300000000220635 ], [ 125.974999999988299, 35.299999998491394 ], [ 125.9750000043813, 35.324999996025653 ], [ 125.975000000430413, 35.350000001783727 ], [ 125.974999998458813, 35.374999997833953 ] ] ], [ [ [ 126.124999997295603, 35.299999995518341 ], [ 126.125000003227797, 35.324999996269632 ], [ 126.150000003988865, 35.324999996187287 ], [ 126.15000000035441, 35.300000004252531 ], [ 126.175000002873105, 35.299999997886481 ], [ 126.200000001811304, 35.299999997284218 ], [ 126.224999997820873, 35.299999999906234 ], [ 126.249999999317211, 35.299999998781558 ], [ 126.249999994930462, 35.27499999895339 ], [ 126.224999997339339, 35.2750000031957 ], [ 126.225000002141954, 35.250000003713964 ], [ 126.199999997606028, 35.250000002433659 ], [ 126.200000004476351, 35.274999996263482 ], [ 126.174999997738183, 35.275000003949806 ], [ 126.175000000573206, 35.249999999567571 ], [ 126.150000001509227, 35.250000003873829 ], [ 126.125000002299885, 35.249999998082401 ], [ 126.125000000985125, 35.225000001319977 ], [ 126.14999999513843, 35.224999996268473 ], [ 126.175000000045259, 35.225000000875816 ], [ 126.174999995101089, 35.200000000681051 ], [ 126.15000000141643, 35.199999995674197 ], [ 126.15000000047786, 35.175000002802143 ], [ 126.12500000260151, 35.175000001176073 ], [ 126.099999995701722, 35.175000003023527 ], [ 126.099999995030899, 35.200000000689357 ], [ 126.099999997537324, 35.224999996708554 ], [ 126.074999995967076, 35.225000001328624 ], [ 126.074999997018281, 35.25000000055919 ], [ 126.074999996652977, 35.274999997348388 ], [ 126.100000003308665, 35.275000001614622 ], [ 126.125000000566558, 35.275000002764934 ], [ 126.124999997295603, 35.299999995518341 ] ] ], [ [ [ 126.166691255407073, 33.350180340926713 ], [ 126.166696027168001, 33.375180461203819 ], [ 126.191696198176416, 33.375177099486223 ], [ 126.191700986302592, 33.400177210952094 ], [ 126.200000003865796, 33.400176094072123 ], [ 126.199999999688643, 33.424999999993737 ], [ 126.224999999849302, 33.425000000401148 ], [ 126.250000004783033, 33.425000000377175 ], [ 126.249999995433825, 33.450000002573759 ], [ 126.275000001078908, 33.450000004409247 ], [ 126.29999999677797, 33.450000004091443 ], [ 126.300000001728606, 33.47499999804306 ], [ 126.324999999510837, 33.47500000398891 ], [ 126.350000005049196, 33.474999996447984 ], [ 126.349999998202151, 33.500000001569276 ], [ 126.374999995425114, 33.500000002788468 ], [ 126.399999996337655, 33.49999999880994 ], [ 126.425000000024852, 33.499999998779387 ], [ 126.450000003538321, 33.500000002803915 ], [ 126.449999996089971, 33.524999997958155 ], [ 126.474999998487903, 33.525000000910929 ], [ 126.499999996899518, 33.524999998157604 ], [ 126.525000000134796, 33.524999997109653 ], [ 126.52500000264061, 33.549999998191424 ], [ 126.550000004260482, 33.549999997822624 ], [ 126.574999996027088, 33.549999999221441 ], [ 126.599999998711638, 33.550000000856237 ], [ 126.624999998598739, 33.550000002735622 ], [ 126.625000004559141, 33.575000003134981 ], [ 126.649999999407868, 33.574999996651492 ], [ 126.674999999343243, 33.574999998740715 ], [ 126.700000001514738, 33.57500000046489 ], [ 126.725000004074374, 33.575000000107075 ], [ 126.749999995444057, 33.574999999497457 ], [ 126.775000005012913, 33.574999998006689 ], [ 126.799999999597929, 33.575000004545942 ], [ 126.824999997954038, 33.575000001275612 ], [ 126.849999998148235, 33.574999996385003 ], [ 126.850000002342441, 33.550000000803799 ], [ 126.875000004084725, 33.550000003623303 ], [ 126.900000005170583, 33.549999998715847 ], [ 126.9250000025351, 33.550000003279685 ], [ 126.924999995050669, 33.524999998625674 ], [ 126.950000004402256, 33.525000000510261 ], [ 126.9499999954988, 33.550000001151325 ], [ 126.9750000015392, 33.549999998790277 ], [ 126.97499999573435, 33.524999995775374 ], [ 126.974999996410233, 33.499999998992422 ], [ 126.975000001424419, 33.47500000125445 ], [ 126.949999995109238, 33.475000001771221 ], [ 126.949999997363747, 33.44999999572196 ], [ 126.950000001232311, 33.42499999698213 ], [ 126.949999994918613, 33.399999995615872 ], [ 126.925000003156967, 33.399999999764027 ], [ 126.91670449327647, 33.399999999365775 ], [ 126.916699718321595, 33.375079572949929 ], [ 126.891699649819358, 33.375082937144562 ], [ 126.891694871521807, 33.350082880238261 ], [ 126.866694791376915, 33.350086239132807 ], [ 126.866690026191961, 33.325086189302688 ], [ 126.866685260173583, 33.300086130142986 ], [ 126.841685181057272, 33.300089488947094 ], [ 126.816685091173241, 33.300092842439348 ], [ 126.791685002040339, 33.300096197811115 ], [ 126.791680246791174, 33.275096135836712 ], [ 126.766680149795022, 33.275099491087737 ], [ 126.741680059627441, 33.275102849081762 ], [ 126.716679953564551, 33.275106202371148 ], [ 126.716675200994757, 33.250106129244841 ], [ 126.691675100391834, 33.250109480942321 ], [ 126.666674999578561, 33.250112837863455 ], [ 126.666670253400085, 33.225112762737425 ], [ 126.666665509879792, 33.200112689280623 ], [ 126.641665410420131, 33.200116030352689 ], [ 126.641670145840436, 33.225116106512324 ], [ 126.616670032391298, 33.225119455371164 ], [ 126.591669913948778, 33.225122803796765 ], [ 126.591665183299824, 33.200122731521262 ], [ 126.566665058599611, 33.200126072467526 ], [ 126.566669803075428, 33.225126159886585 ], [ 126.541669680417513, 33.225129505342395 ], [ 126.541664944592412, 33.200129423806857 ], [ 126.5166648208846, 33.200132765423852 ], [ 126.491664689178577, 33.200136117048721 ], [ 126.46666456225249, 33.200139466933472 ], [ 126.466669295514151, 33.225139553756271 ], [ 126.441669166857906, 33.225142908974192 ], [ 126.416669026375303, 33.225146252018057 ], [ 126.391668885401472, 33.225149602691367 ], [ 126.366668736306764, 33.225152951768791 ], [ 126.341668590572198, 33.225156306428509 ], [ 126.341663857244939, 33.200156199816909 ], [ 126.316663704799439, 33.200159549533232 ], [ 126.316658971479555, 33.175159439192967 ], [ 126.291658819535968, 33.175162785199724 ], [ 126.291654097157306, 33.150162675362694 ], [ 126.266653933558501, 33.15016602412949 ], [ 126.241653781802071, 33.150169365699256 ], [ 126.24165850461381, 33.175169473143342 ], [ 126.241663235719685, 33.200169590536539 ], [ 126.216663072156862, 33.200172937285501 ], [ 126.216667812367575, 33.225173050082269 ], [ 126.19166764278647, 33.225176397719231 ], [ 126.191672394089665, 33.250176515206036 ], [ 126.166672227964256, 33.250179869958757 ], [ 126.166676968903971, 33.275179989458714 ], [ 126.141676803108638, 33.275183338489278 ], [ 126.141681557321007, 33.300183456915214 ], [ 126.141686321650781, 33.325183577817491 ], [ 126.141691087627621, 33.350183698361292 ], [ 126.166691255407073, 33.350180340926713 ] ] ], [ [ [ 126.124999996460033, 35.350000003837337 ], [ 126.124999998291557, 35.37499999949943 ], [ 126.124999998564135, 35.400000002945212 ], [ 126.149999998708793, 35.399999995939289 ], [ 126.149999997438272, 35.375000001013376 ], [ 126.14999999954675, 35.350000003794612 ], [ 126.124999996460033, 35.350000003837337 ] ] ], [ [ [ 126.124999998785654, 35.624999995917612 ], [ 126.100000003304743, 35.624999997889589 ], [ 126.100000004452994, 35.649999995776298 ], [ 126.100000000147773, 35.675000000387605 ], [ 126.124999998718636, 35.674999998887564 ], [ 126.149999995533619, 35.674999997435343 ], [ 126.150000003099606, 35.650000002291385 ], [ 126.150000003866197, 35.625000004409401 ], [ 126.124999998785654, 35.624999995917612 ] ] ], [ [ [ 126.254166398684461, 33.100041741773836 ], [ 126.254167571624805, 33.125041769347973 ], [ 126.27916761325659, 33.125040933407291 ], [ 126.279166428211752, 33.100040904338506 ], [ 126.254166398684461, 33.100041741773836 ] ] ], [ [ [ 126.225000000724876, 33.97500000170006 ], [ 126.225000000259371, 34.000000002512621 ], [ 126.250000001217245, 33.999999996219536 ], [ 126.275000001983912, 34.000000003176247 ], [ 126.299999999981793, 34.00000000276701 ], [ 126.300000003015015, 34.024999999458124 ], [ 126.324999997624204, 34.024999997755977 ], [ 126.349999998536006, 34.024999997194463 ], [ 126.375000000708241, 34.024999997865407 ], [ 126.374999998790628, 34.000000003209337 ], [ 126.400000004199356, 33.999999997508162 ], [ 126.399999996524954, 33.975000002526571 ], [ 126.400000004403665, 33.949999996266961 ], [ 126.375000005534275, 33.950000000028261 ], [ 126.37499999688815, 33.97499999817488 ], [ 126.349999999244147, 33.97499999789359 ], [ 126.349999997032924, 33.950000001437658 ], [ 126.350000001740611, 33.925000003030412 ], [ 126.350000001379428, 33.900000004398827 ], [ 126.349999995915795, 33.875000003774304 ], [ 126.324999998083129, 33.875000003012048 ], [ 126.324999994985646, 33.900000000326678 ], [ 126.299999995920345, 33.899999997396506 ], [ 126.300000001745673, 33.924999998091621 ], [ 126.274999996903389, 33.924999999283578 ], [ 126.275000003089545, 33.950000000900914 ], [ 126.27500000078517, 33.975000002771559 ], [ 126.249999995738293, 33.97500000457962 ], [ 126.225000000724876, 33.97500000170006 ] ] ], [ [ [ 126.22499999677737, 35.17500000103275 ], [ 126.200000004750208, 35.17499999769074 ], [ 126.199999997351171, 35.199999998153096 ], [ 126.224999996509538, 35.199999998036752 ], [ 126.22499999677737, 35.17500000103275 ] ] ], [ [ [ 126.250000003912248, 35.324999997358823 ], [ 126.274999994546633, 35.325000002771674 ], [ 126.299999999397585, 35.325000002329155 ], [ 126.300000001126961, 35.300000002832462 ], [ 126.275000004565982, 35.300000003055764 ], [ 126.249999999317211, 35.299999998781558 ], [ 126.250000003912248, 35.324999997358823 ] ] ], [ [ [ 126.249999997036042, 35.650000002532231 ], [ 126.274999999386566, 35.649999996254941 ], [ 126.300000001910988, 35.649999998813264 ], [ 126.299999998538908, 35.625000002626649 ], [ 126.32499999594279, 35.625000000407901 ], [ 126.325000004037662, 35.600000003732077 ], [ 126.32500000544934, 35.575000003895873 ], [ 126.300000000630945, 35.575000001557719 ], [ 126.274999996258657, 35.575000003816314 ], [ 126.275000001405047, 35.549999997680992 ], [ 126.249999998054889, 35.549999997427989 ], [ 126.224999996354313, 35.549999995834334 ], [ 126.225000000916623, 35.574999999135841 ], [ 126.225000000616447, 35.600000000093964 ], [ 126.249999996610129, 35.599999996898568 ], [ 126.250000002380901, 35.624999996991605 ], [ 126.249999997036042, 35.650000002532231 ] ] ], [ [ [ 126.325000002056726, 33.850000003975204 ], [ 126.300000002853494, 33.850000002296561 ], [ 126.299999995990547, 33.874999996077968 ], [ 126.324999998083129, 33.875000003012048 ], [ 126.325000002056726, 33.850000003975204 ] ] ], [ [ [ 126.375000004249756, 34.300000003281063 ], [ 126.400000003749014, 34.299999996322164 ], [ 126.400000003532483, 34.275000003161189 ], [ 126.375000001958057, 34.274999998832413 ], [ 126.350000000047814, 34.274999995259854 ], [ 126.350000001183574, 34.249999998697746 ], [ 126.349999998073528, 34.224999999662224 ], [ 126.325000002374935, 34.225000001621105 ], [ 126.324999995145589, 34.249999998944219 ], [ 126.325000001578445, 34.275000003162759 ], [ 126.324999998073707, 34.299999997784191 ], [ 126.350000005442894, 34.300000000236714 ], [ 126.375000004249756, 34.300000003281063 ] ] ], [ [ [ 126.374999995101874, 35.575000000181468 ], [ 126.374999998936275, 35.549999996865452 ], [ 126.350000000089111, 35.550000004255573 ], [ 126.324999999013187, 35.550000000918317 ], [ 126.32500000544934, 35.575000003895873 ], [ 126.349999996028401, 35.575000003618143 ], [ 126.374999995101874, 35.575000000181468 ] ] ], [ [ [ 126.40000000101729, 33.89999999816586 ], [ 126.37500000043083, 33.900000000598183 ], [ 126.375000003131547, 33.925000000490854 ], [ 126.399999995055566, 33.924999998312018 ], [ 126.424999998328445, 33.925000004031986 ], [ 126.425000002396388, 33.899999998132287 ], [ 126.40000000101729, 33.89999999816586 ] ] ], [ [ [ 126.350000001026686, 35.599999999818934 ], [ 126.350000002884514, 35.62500000172713 ], [ 126.350000001807373, 35.649999999396833 ], [ 126.374999996109395, 35.649999996771534 ], [ 126.375000004599542, 35.625000004774748 ], [ 126.400000001864981, 35.625000001581157 ], [ 126.400000002579887, 35.600000003975836 ], [ 126.375000004007276, 35.599999999287164 ], [ 126.350000001026686, 35.599999999818934 ] ] ], [ [ [ 126.449999997398862, 35.525000002987419 ], [ 126.425000003531991, 35.524999995222785 ], [ 126.424999999626323, 35.549999995610811 ], [ 126.449999999469426, 35.550000001988138 ], [ 126.449999997398862, 35.525000002987419 ] ] ], [ [ [ 126.425000000143754, 35.725000001127057 ], [ 126.425000000902642, 35.749999997799698 ], [ 126.450000001599463, 35.750000001955179 ], [ 126.475000002200048, 35.750000001648516 ], [ 126.475000000689434, 35.725000000337204 ], [ 126.449999999894686, 35.724999997237106 ], [ 126.425000000143754, 35.725000001127057 ] ] ], [ [ [ 126.624999998608232, 33.900000002661635 ], [ 126.624999996311388, 33.925000004620713 ], [ 126.649999994304807, 33.925000001304554 ], [ 126.649999996172355, 33.899999999981169 ], [ 126.624999998608232, 33.900000002661635 ] ] ], [ [ [ 126.800000002961454, 34.250000000704155 ], [ 126.799999995682157, 34.22500000394556 ], [ 126.800000004757422, 34.200000004103998 ], [ 126.774999999787923, 34.19999999921955 ], [ 126.775000002354076, 34.175000002422813 ], [ 126.750000002127877, 34.174999995359066 ], [ 126.749999999566526, 34.150000004543358 ], [ 126.750000003783569, 34.125000001003336 ], [ 126.724999995190885, 34.124999996222627 ], [ 126.725000001311926, 34.149999998849943 ], [ 126.724999998511024, 34.174999998693472 ], [ 126.724999996590469, 34.19999999577972 ], [ 126.750000000406104, 34.200000002206231 ], [ 126.750000005534289, 34.224999998062501 ], [ 126.749999994610619, 34.249999998985444 ], [ 126.774999996603626, 34.250000002635971 ], [ 126.800000002961454, 34.250000000704155 ] ] ], [ [ [ 126.875000002098346, 34.24999999537058 ], [ 126.899999999376803, 34.250000002459394 ], [ 126.900000000688266, 34.224999999350224 ], [ 126.924999997604573, 34.224999995919987 ], [ 126.92499999746137, 34.20000000185621 ], [ 126.949999996058907, 34.19999999953918 ], [ 126.950000004174655, 34.174999998150255 ], [ 126.950000003929091, 34.150000002957945 ], [ 126.924999999271876, 34.150000004673508 ], [ 126.925000000077091, 34.125000001620464 ], [ 126.900000001212504, 34.125000002858165 ], [ 126.874999999521052, 34.124999999604363 ], [ 126.874999997111161, 34.149999997633017 ], [ 126.850000003094678, 34.14999999777087 ], [ 126.824999998793572, 34.150000000467074 ], [ 126.82499999464774, 34.175000000322477 ], [ 126.825000001759477, 34.19999999883148 ], [ 126.824999996240891, 34.22500000214005 ], [ 126.84999999881596, 34.224999998473017 ], [ 126.875000000503519, 34.225000000223581 ], [ 126.875000002098346, 34.24999999537058 ] ] ], [ [ [ 126.800000002961454, 34.250000000704155 ], [ 126.800000004840143, 34.275000004140431 ], [ 126.82499999537832, 34.27500000253653 ], [ 126.825000002059554, 34.250000004031818 ], [ 126.800000002961454, 34.250000000704155 ] ] ], [ [ [ 126.95000000354672, 33.975000003150846 ], [ 126.950000001898573, 33.950000004105171 ], [ 126.92499999703918, 33.949999996178725 ], [ 126.899999996863968, 33.949999996410831 ], [ 126.899999999846102, 33.975000002676872 ], [ 126.900000004324482, 33.999999997612605 ], [ 126.924999997131991, 34.000000000862968 ], [ 126.949999994513277, 33.999999998750489 ], [ 126.95000000354672, 33.975000003150846 ] ] ] ] } },
{ "type": "Feature", "properties": { "region": "충청", "region_full": "충청 권역", "sheet_count": 2348 }, "geometry": { "type": "MultiPolygon", "coordinates": [ [ [ [ 126.424999998849501, 35.875000003657121 ], [ 126.450000005679655, 35.874999998651155 ], [ 126.449999997593665, 35.849999996016848 ], [ 126.475000001731928, 35.850000000316832 ], [ 126.47500000027658, 35.874999998643027 ], [ 126.500000005508255, 35.875000003952749 ], [ 126.499999998401876, 35.900000001791071 ], [ 126.49999999652988, 35.92500000403038 ], [ 126.499999997840447, 35.950000002509867 ], [ 126.500000004635865, 35.974999995416077 ], [ 126.475000000652471, 35.975000002017339 ], [ 126.474999996607494, 35.999999996616921 ], [ 126.500000004526512, 36.000000002450406 ], [ 126.524999996493335, 35.999999997917627 ], [ 126.549999996323962, 36.000000000462386 ], [ 126.574999999307238, 36.000000002042249 ], [ 126.599999993983573, 36.000000001777579 ], [ 126.599999996588977, 36.025000003045477 ], [ 126.575000004902876, 36.024999997018206 ], [ 126.550000004656496, 36.024999996679803 ], [ 126.524999998423766, 36.025000002837565 ], [ 126.499999996796106, 36.024999996530802 ], [ 126.500000005587239, 36.05000000397412 ], [ 126.524999997460199, 36.050000002771611 ], [ 126.525000004761509, 36.074999997781191 ], [ 126.549999997818432, 36.075000001502261 ], [ 126.550000005068554, 36.100000001210759 ], [ 126.525000000276322, 36.099999997590977 ], [ 126.525000005173325, 36.125000001442352 ], [ 126.500000002078707, 36.124999997829136 ], [ 126.475000005213431, 36.125000002813316 ], [ 126.474999999968489, 36.149999997216646 ], [ 126.47500000467025, 36.174999996831289 ], [ 126.500000003938212, 36.17499999745192 ], [ 126.499999994230819, 36.200000003241257 ], [ 126.500000001824517, 36.224999996052304 ], [ 126.500000001966953, 36.250000002695081 ], [ 126.525000001142502, 36.250000004102105 ], [ 126.524999996190573, 36.274999996797874 ], [ 126.499999996075957, 36.275000003319327 ], [ 126.475000001349315, 36.275000001610479 ], [ 126.474999994728549, 36.300000003788952 ], [ 126.500000005340524, 36.299999999876654 ], [ 126.499999997426002, 36.325000000181703 ], [ 126.499999994776715, 36.349999995378731 ], [ 126.499999996215493, 36.374999995345988 ], [ 126.474999997485824, 36.375000002264962 ], [ 126.475000003993571, 36.349999995225588 ], [ 126.449999999264676, 36.350000000289505 ], [ 126.425000004436114, 36.350000000739179 ], [ 126.39999999641411, 36.349999997146256 ], [ 126.400000003587138, 36.325000001584847 ], [ 126.375000000901167, 36.325000001743639 ], [ 126.375000003362558, 36.300000000570563 ], [ 126.350000003140536, 36.299999999252151 ], [ 126.324999995514958, 36.299999995510099 ], [ 126.325000001761111, 36.27500000160655 ], [ 126.300000004154654, 36.275000000682915 ], [ 126.30000000576436, 36.249999997426151 ], [ 126.299999995313115, 36.224999998494162 ], [ 126.275000003776341, 36.224999998588508 ], [ 126.249999997482988, 36.225000000990306 ], [ 126.250000004332463, 36.249999996107455 ], [ 126.250000000670269, 36.274999997752936 ], [ 126.224999995301772, 36.27500000447813 ], [ 126.20000000229436, 36.275000001602265 ], [ 126.174999998441564, 36.274999998642357 ], [ 126.174999999218059, 36.300000004738159 ], [ 126.199999998103252, 36.300000000200072 ], [ 126.224999998043614, 36.30000000238379 ], [ 126.224999998049825, 36.324999997126788 ], [ 126.249999998098346, 36.324999996555533 ], [ 126.249999999167002, 36.35000000447419 ], [ 126.275000002277054, 36.34999999736133 ], [ 126.274999996121252, 36.325000002439261 ], [ 126.274999996877369, 36.30000000222595 ], [ 126.300000004029926, 36.300000000258663 ], [ 126.30000000311064, 36.325000004215802 ], [ 126.325000004236273, 36.32500000367768 ], [ 126.324999997229611, 36.349999997833265 ], [ 126.325000005474195, 36.374999997184659 ], [ 126.30000000065813, 36.375000000839677 ], [ 126.300000000257427, 36.400000001575229 ], [ 126.324999995605552, 36.400000001375673 ], [ 126.325000002386645, 36.425000001705634 ], [ 126.299999999470785, 36.424999998471122 ], [ 126.275000002049183, 36.424999996361208 ], [ 126.275000000403665, 36.450000002830862 ], [ 126.275000005056839, 36.474999995751027 ], [ 126.299999998992476, 36.474999997783641 ], [ 126.324999998055461, 36.474999997215519 ], [ 126.324999996983237, 36.500000001453508 ], [ 126.32500000170063, 36.525000001612909 ], [ 126.299999998694048, 36.524999997649161 ], [ 126.300000000009931, 36.550000000213601 ], [ 126.275000004453929, 36.550000004183502 ], [ 126.275000002908683, 36.574999998199516 ], [ 126.274999996561959, 36.599999997345677 ], [ 126.274999997782217, 36.625000001721865 ], [ 126.275000005702893, 36.650000000474833 ], [ 126.249999999296719, 36.649999996512243 ], [ 126.25000000278304, 36.674999996099011 ], [ 126.225000004691509, 36.67500000098395 ], [ 126.200000004144144, 36.6749999997472 ], [ 126.200000000125073, 36.649999995594897 ], [ 126.174999998916235, 36.649999999159071 ], [ 126.149999999324166, 36.649999998623343 ], [ 126.150000000718009, 36.625000000702947 ], [ 126.124999998138165, 36.624999999067853 ], [ 126.099999999981293, 36.625000004350284 ], [ 126.074999995674943, 36.624999997336467 ], [ 126.074999995570607, 36.650000001342114 ], [ 126.05000000137305, 36.650000002659979 ], [ 126.025000004503127, 36.649999999930365 ], [ 126.025000004810522, 36.675000004134745 ], [ 126.050000002836669, 36.674999996442075 ], [ 126.050000002698638, 36.699999996296675 ], [ 126.075000002991189, 36.699999999141163 ], [ 126.074999999330856, 36.725000001761885 ], [ 126.100000003903475, 36.725000002447224 ], [ 126.099999996198235, 36.749999997867029 ], [ 126.124999997762046, 36.750000002526086 ], [ 126.150000003937393, 36.749999998228247 ], [ 126.174999999617157, 36.750000002085962 ], [ 126.199999996052796, 36.749999997255884 ], [ 126.225000001667439, 36.750000001105818 ], [ 126.249999994117871, 36.749999995515061 ], [ 126.274999994128706, 36.749999999780435 ], [ 126.300000000499381, 36.750000004111911 ], [ 126.324999999682632, 36.749999999496964 ], [ 126.35000000236947, 36.750000003307271 ], [ 126.374999995119964, 36.749999999321631 ], [ 126.399999999966468, 36.749999995993768 ], [ 126.425000004218845, 36.750000002343846 ], [ 126.449999995579105, 36.749999999458723 ], [ 126.475000005023105, 36.749999997651443 ], [ 126.499999998705349, 36.749999996745601 ], [ 126.524999996554513, 36.749999996129496 ], [ 126.549999998315059, 36.7499999968136 ], [ 126.575000002634283, 36.749999997994252 ], [ 126.599999996936305, 36.750000000584095 ], [ 126.6250000011498, 36.750000003939519 ], [ 126.650000002808994, 36.74999999905291 ], [ 126.675000002675077, 36.749999995946339 ], [ 126.699999997069725, 36.750000001904262 ], [ 126.724999996001358, 36.750000000862627 ], [ 126.750000000259661, 36.750000001027317 ], [ 126.77499999504758, 36.750000001491067 ], [ 126.800000001387161, 36.750000004271335 ], [ 126.824999996727541, 36.74999999849738 ], [ 126.850000001938994, 36.750000003299967 ], [ 126.875000004611465, 36.750000000654666 ], [ 126.900000002189387, 36.749999998736747 ], [ 126.92500000450363, 36.749999998568867 ], [ 126.950000001229412, 36.750000000167951 ], [ 126.97499999997116, 36.750000002734311 ], [ 127.000000000543537, 36.749999997313097 ], [ 127.025000000342487, 36.750000001981121 ], [ 127.049999999233066, 36.7499999996665 ], [ 127.074999994678535, 36.749999998527244 ], [ 127.099999997637383, 36.74999999865269 ], [ 127.124999995539341, 36.750000000947452 ], [ 127.149999998231877, 36.750000003685336 ], [ 127.175000003264415, 36.749999998785029 ], [ 127.199999997992151, 36.750000004281546 ], [ 127.225000005772685, 36.750000001340361 ], [ 127.250000000552674, 36.750000000749253 ], [ 127.250000001908433, 36.724999998820252 ], [ 127.249999995839076, 36.700000000002937 ], [ 127.250000003626695, 36.674999996256631 ], [ 127.25000000393355, 36.650000003791462 ], [ 127.249999995718056, 36.624999996490153 ], [ 127.25000000124723, 36.600000001472523 ], [ 127.249999999314753, 36.575000000692491 ], [ 127.249999999939931, 36.550000003214485 ], [ 127.250000003134318, 36.525000000051961 ], [ 127.24999999880194, 36.500000000227423 ], [ 127.275000004547522, 36.500000001214069 ], [ 127.299999995029523, 36.49999999952891 ], [ 127.325000002318802, 36.500000004268351 ], [ 127.350000002720591, 36.499999996481897 ], [ 127.375000005939228, 36.500000004149875 ], [ 127.399999998338828, 36.49999999842646 ], [ 127.425000001930655, 36.500000000080213 ], [ 127.450000004158142, 36.499999997389267 ], [ 127.475000003608642, 36.5000000011796 ], [ 127.499999998883382, 36.500000000639098 ], [ 127.524999999740118, 36.499999997572829 ], [ 127.55000000365942, 36.499999999189022 ], [ 127.574999999184257, 36.499999998276486 ], [ 127.599999996082701, 36.500000002037211 ], [ 127.625000004108969, 36.500000003237822 ], [ 127.649999999517874, 36.499999999183629 ], [ 127.67500000214163, 36.500000001557261 ], [ 127.700000001620623, 36.499999999534523 ], [ 127.725000005507283, 36.500000002998128 ], [ 127.750000002320476, 36.500000002028088 ], [ 127.775000001817105, 36.499999996578865 ], [ 127.800000001509531, 36.499999996541248 ], [ 127.825000002227441, 36.500000000978126 ], [ 127.850000000296362, 36.500000000848225 ], [ 127.874999995427871, 36.49999999701663 ], [ 127.899999997416586, 36.499999996622428 ], [ 127.925000004870626, 36.500000001424411 ], [ 127.950000005161456, 36.500000000600913 ], [ 127.974999995822714, 36.500000004032181 ], [ 127.999999999960508, 36.500000002558771 ], [ 127.999999994645265, 36.474999998113816 ], [ 128.000000002214705, 36.449999999426403 ], [ 127.999999999208356, 36.424999998509882 ], [ 127.999999997984773, 36.400000003454913 ], [ 127.999999998462286, 36.374999997161666 ], [ 127.999999999664141, 36.349999996792093 ], [ 128.000000002744827, 36.325000004173468 ], [ 127.999999996462435, 36.299999998646562 ], [ 128.000000003255366, 36.275000000881974 ], [ 127.999999999698275, 36.250000000188408 ], [ 127.999999998069896, 36.224999996543751 ], [ 127.999999998461021, 36.199999999894075 ], [ 128.000000000841823, 36.175000001253416 ], [ 128.000000005234199, 36.149999999749639 ], [ 127.99999999944761, 36.124999996364771 ], [ 127.999999996909068, 36.100000000088066 ], [ 127.999999995360923, 36.075000001041502 ], [ 127.999999997057657, 36.050000000147044 ], [ 127.999999999800181, 36.024999996542213 ], [ 127.99999999480346, 36.00000000021096 ], [ 128.00000000311519, 35.975000001178273 ], [ 128.000000002581828, 35.950000000468158 ], [ 128.000000003216968, 35.924999998069133 ], [ 127.999999997343068, 35.900000002157789 ], [ 128.000000003719407, 35.874999995556074 ], [ 128.00000000143632, 35.84999999641343 ], [ 128.000000002702848, 35.825000003808114 ], [ 127.999999995257895, 35.799999999789513 ], [ 128.000000001384592, 35.775000003229486 ], [ 127.999999998865988, 35.749999996218875 ], [ 127.974999995560125, 35.750000001931127 ], [ 127.949999997547039, 35.750000001621281 ], [ 127.92499999755151, 35.750000003487429 ], [ 127.899999995953507, 35.750000000365638 ], [ 127.87499999542591, 35.750000000409813 ], [ 127.849999996379978, 35.750000002763443 ], [ 127.825000001414395, 35.750000000250139 ], [ 127.79999999992188, 35.750000001053344 ], [ 127.775000005558937, 35.749999996158259 ], [ 127.74999999668448, 35.750000003680796 ], [ 127.724999996858401, 35.749999997451518 ], [ 127.699999997728696, 35.750000003665185 ], [ 127.674999999644612, 35.749999996199499 ], [ 127.650000005299916, 35.750000002122761 ], [ 127.625000004010047, 35.750000002533305 ], [ 127.599999997304323, 35.749999997441741 ], [ 127.574999998888813, 35.749999997668979 ], [ 127.549999998114998, 35.750000001431637 ], [ 127.524999997607495, 35.750000001522032 ], [ 127.499999997787896, 35.74999999614149 ], [ 127.475000001288407, 35.749999995210366 ], [ 127.449999997461902, 35.749999999626532 ], [ 127.425000000004289, 35.749999998569919 ], [ 127.399999998264704, 35.750000002847848 ], [ 127.375000004838398, 35.7500000025425 ], [ 127.350000000237131, 35.749999998523151 ], [ 127.324999995925268, 35.749999998897955 ], [ 127.300000005589482, 35.750000003670706 ], [ 127.274999996510417, 35.749999995635847 ], [ 127.25000000332119, 35.750000001877538 ], [ 127.22499999552231, 35.750000003373749 ], [ 127.199999996760013, 35.750000001045066 ], [ 127.174999996358878, 35.750000003850644 ], [ 127.149999995877778, 35.750000002740919 ], [ 127.124999997950582, 35.749999997684277 ], [ 127.100000002958538, 35.749999996755541 ], [ 127.075000002458097, 35.750000001684221 ], [ 127.049999996917776, 35.750000002502205 ], [ 127.024999998925878, 35.749999999204498 ], [ 126.999999999994159, 35.750000001623853 ], [ 126.975000000600602, 35.749999999786517 ], [ 126.950000003317385, 35.750000002659768 ], [ 126.924999997556512, 35.750000002016392 ], [ 126.899999997018369, 35.749999996951537 ], [ 126.875000002047614, 35.749999997318824 ], [ 126.85000000420942, 35.750000003003919 ], [ 126.825000004000799, 35.750000004014964 ], [ 126.800000002942397, 35.750000001182883 ], [ 126.775000003586214, 35.750000003457622 ], [ 126.749999996476589, 35.750000001681229 ], [ 126.725000003048777, 35.749999995900055 ], [ 126.699999994789465, 35.750000003875286 ], [ 126.675000004455612, 35.749999998681361 ], [ 126.650000000213694, 35.749999998040849 ], [ 126.624999994633271, 35.750000002839386 ], [ 126.600000001510111, 35.750000003160118 ], [ 126.575000000254235, 35.749999998747917 ], [ 126.550000002229581, 35.749999999497462 ], [ 126.549999995365894, 35.775000004541361 ], [ 126.524999998224814, 35.774999999521519 ], [ 126.524999999123352, 35.749999995315378 ], [ 126.500000001187416, 35.749999996087809 ], [ 126.475000002200048, 35.750000001648516 ], [ 126.450000001599463, 35.750000001955179 ], [ 126.425000000902642, 35.749999997799698 ], [ 126.425000003280729, 35.774999999515956 ], [ 126.400000000082287, 35.775000000294746 ], [ 126.374999999551463, 35.775000002976384 ], [ 126.350000004416572, 35.775000000245022 ], [ 126.34999999880641, 35.800000003532219 ], [ 126.35000000288008, 35.825000003393313 ], [ 126.325000000278067, 35.825000003704126 ], [ 126.325000004299966, 35.849999996534855 ], [ 126.299999999536155, 35.849999999297211 ], [ 126.299999994707278, 35.875000000071509 ], [ 126.325000000943533, 35.875000003028958 ], [ 126.350000004811164, 35.875000001396842 ], [ 126.37500000256091, 35.874999997081268 ], [ 126.400000004769609, 35.874999997529052 ], [ 126.424999998849501, 35.875000003657121 ] ], [ [ 126.550000000465573, 35.850000001672242 ], [ 126.57500000151559, 35.849999999315102 ], [ 126.574999995267063, 35.875000003521862 ], [ 126.574999996424026, 35.900000003601662 ], [ 126.549999999104301, 35.899999998676925 ], [ 126.524999995575229, 35.89999999777698 ], [ 126.524999995706551, 35.874999998256044 ], [ 126.525000004688991, 35.850000002136291 ], [ 126.525000001502946, 35.825000002966043 ], [ 126.550000000013014, 35.825000001194603 ], [ 126.550000000465573, 35.850000001672242 ] ], [ [ 126.449999999175873, 35.799999997944944 ], [ 126.449999997648774, 35.775000002469255 ], [ 126.475000002826903, 35.774999998633739 ], [ 126.475000003619471, 35.800000000287504 ], [ 126.449999999175873, 35.799999997944944 ] ], [ [ 126.474999995016191, 36.525000001837981 ], [ 126.449999997828414, 36.525000000855712 ], [ 126.449999996542303, 36.499999999719975 ], [ 126.450000001335823, 36.47500000263021 ], [ 126.450000001092732, 36.450000001403161 ], [ 126.449999996773485, 36.42500000328706 ], [ 126.474999996428465, 36.425000000373835 ], [ 126.475000000762464, 36.450000001293951 ], [ 126.474999995857843, 36.474999997002918 ], [ 126.47500000061585, 36.499999997551384 ], [ 126.474999995016191, 36.525000001837981 ] ], [ [ 126.449999995330131, 36.549999996908177 ], [ 126.450000000159832, 36.574999996962198 ], [ 126.425000000430998, 36.574999999693311 ], [ 126.425000005057129, 36.599999999552637 ], [ 126.399999997043224, 36.599999999040058 ], [ 126.400000000315075, 36.57499999573065 ], [ 126.400000000311437, 36.549999996643344 ], [ 126.399999998086599, 36.525000001815442 ], [ 126.424999999096514, 36.525000003295681 ], [ 126.424999998424781, 36.550000003936518 ], [ 126.449999995330131, 36.549999996908177 ] ] ], [ [ [ 126.174999999669154, 35.84999999851717 ], [ 126.149999995519295, 35.849999997014379 ], [ 126.150000005542452, 35.874999997046537 ], [ 126.175000002665044, 35.87499999606954 ], [ 126.174999999669154, 35.84999999851717 ] ] ], [ [ [ 126.050000002693182, 35.900000003206031 ], [ 126.075000004799449, 35.900000002913252 ], [ 126.09999999716716, 35.899999997618941 ], [ 126.099999999417292, 35.874999996321279 ], [ 126.075000005445688, 35.875000003484431 ], [ 126.049999999945115, 35.874999996305057 ], [ 126.050000002693182, 35.900000003206031 ] ] ], [ [ [ 126.22499999549278, 35.974999996838406 ], [ 126.199999995764458, 35.974999997934304 ], [ 126.200000002380946, 36.000000000747526 ], [ 126.200000000601321, 36.025000000880929 ], [ 126.225000003303762, 36.02500000298371 ], [ 126.224999996218486, 36.000000001273733 ], [ 126.250000001418059, 35.999999999236756 ], [ 126.249999996658957, 35.97500000357298 ], [ 126.22499999549278, 35.974999996838406 ] ] ], [ [ [ 125.974999997285948, 36.099999995543278 ], [ 125.94999999518383, 36.100000000218913 ], [ 125.949999999110517, 36.125000003578648 ], [ 125.950000001778591, 36.15000000374836 ], [ 125.975000001801391, 36.150000003264289 ], [ 125.999999995308983, 36.150000000375357 ], [ 126.000000000208161, 36.124999996884213 ], [ 126.00000000320091, 36.099999999627407 ], [ 125.974999997285948, 36.099999995543278 ] ] ], [ [ [ 125.999999999898932, 36.250000000043244 ], [ 126.02500000534117, 36.249999997181767 ], [ 126.049999998962036, 36.250000003531149 ], [ 126.075000003019923, 36.250000001505114 ], [ 126.099999994759841, 36.250000000012918 ], [ 126.1000000044057, 36.225000002411129 ], [ 126.124999994023455, 36.225000004434278 ], [ 126.124999995652786, 36.199999997308922 ], [ 126.099999998370663, 36.200000001737862 ], [ 126.074999997949121, 36.200000000852064 ], [ 126.074999996356269, 36.174999996569376 ], [ 126.050000004516406, 36.174999999107982 ], [ 126.049999994567685, 36.200000003501742 ], [ 126.025000003188566, 36.200000000687005 ], [ 126.000000001763169, 36.200000000081658 ], [ 125.975000001732354, 36.200000002553097 ], [ 125.974999998301811, 36.225000003677479 ], [ 126.000000002163716, 36.224999997005618 ], [ 125.999999999898932, 36.250000000043244 ] ] ], [ [ [ 125.949999997200166, 36.225000003705986 ], [ 125.949999998967627, 36.249999996301419 ], [ 125.974999997616067, 36.250000002209731 ], [ 125.974999998301811, 36.225000003677479 ], [ 125.949999997200166, 36.225000003705986 ] ] ], [ [ [ 125.999999999898932, 36.250000000043244 ], [ 125.974999997616067, 36.250000002209731 ], [ 125.975000003089662, 36.274999999067369 ], [ 125.999999997453344, 36.275000000183482 ], [ 125.999999999898932, 36.250000000043244 ] ] ], [ [ [ 126.125000003894257, 36.249999999568495 ], [ 126.099999994759841, 36.250000000012918 ], [ 126.100000001619534, 36.27500000390684 ], [ 126.125000002779871, 36.275000000454853 ], [ 126.125000003894257, 36.249999999568495 ] ] ], [ [ [ 126.350000001706377, 36.250000002405443 ], [ 126.325000000904609, 36.250000003748482 ], [ 126.325000001761111, 36.27500000160655 ], [ 126.350000003581357, 36.275000003325459 ], [ 126.350000001706377, 36.250000002405443 ] ] ], [ [ [ 126.24999999814905, 36.450000003717101 ], [ 126.250000001369756, 36.425000003260173 ], [ 126.224999999135534, 36.425000001011256 ], [ 126.199999995506573, 36.424999998483393 ], [ 126.200000000501802, 36.450000001729542 ], [ 126.199999997338224, 36.475000000890759 ], [ 126.224999997726826, 36.475000001889988 ], [ 126.249999997426968, 36.474999999797852 ], [ 126.24999999814905, 36.450000003717101 ] ] ], [ [ [ 126.174999997815604, 36.500000000955367 ], [ 126.149999999184985, 36.500000001068308 ], [ 126.150000004289694, 36.52499999958026 ], [ 126.174999997456382, 36.525000001397395 ], [ 126.174999997815604, 36.500000000955367 ] ] ], [ [ [ 126.149999997579741, 36.575000002546737 ], [ 126.175000003230764, 36.574999998833484 ], [ 126.174999999451941, 36.599999996564669 ], [ 126.200000003541092, 36.600000002747578 ], [ 126.22499999613737, 36.599999998590242 ], [ 126.22500000523118, 36.625000000550287 ], [ 126.249999997638739, 36.625000002240348 ], [ 126.249999997892502, 36.600000003395408 ], [ 126.2499999999811, 36.575000000003563 ], [ 126.224999995125188, 36.575000002267849 ], [ 126.225000002273546, 36.550000001695146 ], [ 126.199999999430929, 36.550000003097296 ], [ 126.174999995572378, 36.549999997052367 ], [ 126.15000000406009, 36.550000002489433 ], [ 126.149999997579741, 36.575000002546737 ] ] ], [ [ [ 125.575000003032216, 36.600000000633422 ], [ 125.549999996578762, 36.599999997699442 ], [ 125.525000003165999, 36.599999999711763 ], [ 125.525000001604269, 36.625000002858798 ], [ 125.550000001478097, 36.625000000608715 ], [ 125.54999999898088, 36.649999996041416 ], [ 125.575000001048053, 36.650000004157619 ], [ 125.575000004001879, 36.625000002654296 ], [ 125.599999995764975, 36.624999998187519 ], [ 125.600000000132539, 36.599999999358765 ], [ 125.575000003032216, 36.600000000633422 ] ] ], [ [ [ 126.024999996615605, 36.625000001984056 ], [ 126.000000003851298, 36.624999995311306 ], [ 126.000000003934019, 36.650000001983976 ], [ 126.025000004503127, 36.649999999930365 ], [ 126.024999996615605, 36.625000001984056 ] ] ], [ [ [ 125.699999996561559, 36.625000002063949 ], [ 125.675000005433475, 36.624999999065977 ], [ 125.675000000150547, 36.649999999352076 ], [ 125.700000002742442, 36.650000001712947 ], [ 125.724999997370006, 36.649999999114442 ], [ 125.725000004651235, 36.625000000054285 ], [ 125.699999996561559, 36.625000002063949 ] ] ], [ [ [ 125.849999995528279, 36.64999999674415 ], [ 125.824999998161019, 36.650000000628765 ], [ 125.799999997120466, 36.649999999723782 ], [ 125.800000003479227, 36.674999995480896 ], [ 125.824999994512439, 36.674999999086964 ], [ 125.849999995047909, 36.674999995813963 ], [ 125.875000003494165, 36.674999995741203 ], [ 125.875000001086562, 36.649999996538448 ], [ 125.849999995528279, 36.64999999674415 ] ] ], [ [ [ 125.749999995903792, 36.649999999153295 ], [ 125.724999997370006, 36.649999999114442 ], [ 125.725000004817872, 36.674999997944703 ], [ 125.749999995307604, 36.675000003929327 ], [ 125.749999995903792, 36.649999999153295 ] ] ], [ [ [ 125.949999998038038, 36.699999995751298 ], [ 125.92500000387713, 36.700000002519353 ], [ 125.925000002043021, 36.725000000581637 ], [ 125.924999996351801, 36.749999996826702 ], [ 125.949999995871408, 36.749999998845176 ], [ 125.949999996495762, 36.724999998300213 ], [ 125.949999998038038, 36.699999995751298 ] ] ], [ [ [ 126.450000000485929, 36.074999996021646 ], [ 126.424999994782596, 36.075000003611954 ], [ 126.425000000528527, 36.099999997712146 ], [ 126.449999995176412, 36.100000003819133 ], [ 126.450000000485929, 36.074999996021646 ] ] ], [ [ [ 126.374999996560035, 36.250000003336162 ], [ 126.374999998182659, 36.275000004061837 ], [ 126.399999996482407, 36.274999995939574 ], [ 126.400000004206035, 36.249999996031242 ], [ 126.374999996560035, 36.250000003336162 ] ] ] ] } }
]
}
