{
"type": "FeatureCollection",
"name": "data",
"features": [
{ "type": "Feature", "properties": { "id": 82246, "model": "building", "type": "2", "accuracy": "92.37", "area": "6565.49", "address": "충청남도 천안시 서북구 업성동 465-6", "region_code": "4413310900", "memo": "" }, "geometry": { "type": "Polygon", "coordinates": [ [ [ 127.131164, 36.849995 ], [ 127.129456, 36.850014 ], [ 127.129452, 36.849765 ], [ 127.131159, 36.849746 ], [ 127.131164, 36.849995 ] ] ] } },
{ "type": "Feature", "properties": { "id": 82247, "model": "building", "type": "3", "accuracy": "62.62", "area": "155.09", "address": "충청남도 천안시 서북구 업성동 465-6", "region_code": "4413310900", "memo": "" }, "geometry": { "type": "Polygon", "coordinates": [ [ [ 127.133338, 36.849882 ], [ 127.133209, 36.849956 ], [ 127.133163, 36.849904 ], [ 127.133292, 36.84983 ], [ 127.133338, 36.849882 ] ] ] } },
{ "type": "Feature", "properties": { "id": 82248, "model": "building", "type": "3", "accuracy": "81.6", "area": "557.82", "address": "충청남도 아산시 음봉면 산동리 1065", "region_code": "4420035033", "memo": "" }, "geometry": { "type": "Polygon", "coordinates": [ [ [ 127.105015, 36.849981 ], [ 127.105107, 36.849789 ], [ 127.105271, 36.84984 ], [ 127.105179, 36.850032 ], [ 127.105015, 36.849981 ] ] ] } },
{ "type": "Feature", "properties": { "id": 82249, "model": "building", "type": "2", "accuracy": "94.5", "area": "2272.42", "address": "충청남도 천안시 서북구 업성동 465-18", "region_code": "4413310900", "memo": "" }, "geometry": { "type": "Polygon", "coordinates": [ [ [ 127.129053, 36.850045 ], [ 127.128352, 36.849915 ], [ 127.128409, 36.849717 ], [ 127.12911, 36.849846 ], [ 127.129053, 36.850045 ] ] ] } },
{ "type": "Feature", "properties": { "id": 82250, "model": "building", "type": "1", "accuracy": "78.42", "area": "416.69", "address": "충청남도 아산시 음봉면 산동리 1065", "region_code": "4420035033", "memo": "" }, "geometry": { "type": "Polygon", "coordinates": [ [ [ 127.104994, 36.849843 ], [ 127.105167, 36.849841 ], [ 127.105169, 36.849997 ], [ 127.104996, 36.849999 ], [ 127.104994, 36.849843 ] ] ] } },
{ "type": "Feature", "properties": { "id": 82251, "model": "building", "type": "2", "accuracy": "94.06", "area": "2309.50", "address": "충청남도 천안시 서북구 업성동 465-3", "region_code": "4413310900", "memo": "" }, "geometry": { "type": "Polygon", "coordinates": [ [ [ 127.131561, 36.849981 ], [ 127.131142, 36.85007 ], [ 127.131032, 36.849738 ], [ 127.131451, 36.849649 ], [ 127.131561, 36.849981 ] ] ] } },
{ "type": "Feature", "properties": { "id": 82254, "model": "building", "type": "1", "accuracy": "86.96", "area": "1796.72", "address": "충청남도 천안시 서북구 성성동 303-1", "region_code": "4413310500", "memo": "" }, "geometry": { "type": "Polygon", "coordinates": [ [ [ 127.126072, 36.849632 ], [ 127.125669, 36.849896 ], [ 127.125493, 36.849724 ], [ 127.125897, 36.849459 ], [ 127.126072, 36.849632 ] ] ] } },
{ "type": "Feature", "properties": { "id": 82257, "model": "building", "type": "1", "accuracy": "85.08", "area": "216.38", "address": "충청남도 천안시 서북구 성거읍 요방리 264", "region_code": "4413325331", "memo": "" }, "geometry": { "type": "Polygon", "coordinates": [ [ [ 127.174344, 36.849474 ], [ 127.174492, 36.849405 ], [ 127.174543, 36.849475 ], [ 127.174395, 36.849545 ], [ 127.174344, 36.849474 ] ] ] } },
{ "type": "Feature", "properties": { "id": 82260, "model": "building", "type": "1", "accuracy": "93.77", "area": "298.33", "address": "충청남도 천안시 서북구 성성동 61-18", "region_code": "4413310500", "memo": "" }, "geometry": { "type": "Polygon", "coordinates": [ [ [ 127.140656, 36.849548 ], [ 127.140682, 36.849394 ], [ 127.140805, 36.849407 ], [ 127.14078, 36.849561 ], [ 127.140656, 36.849548 ] ] ] } },
{ "type": "Feature", "properties": { "id": 82261, "model": "building", "type": "1", "accuracy": "74.16", "area": "464.95", "address": "충청남도 천안시 서북구 신당동 300", "region_code": "4413311000", "memo": "" }, "geometry": { "type": "Polygon", "coordinates": [ [ [ 127.161339, 36.849285 ], [ 127.161215, 36.849517 ], [ 127.161106, 36.849479 ], [ 127.161229, 36.849247 ], [ 127.161339, 36.849285 ] ] ] } },
{ "type": "Feature", "properties": { "id": 82262, "model": "building", "type": "1", "accuracy": "93.46", "area": "268.54", "address": "충청남도 천안시 서북구 성성동 61-18", "region_code": "4413310500", "memo": "" }, "geometry": { "type": "Polygon", "coordinates": [ [ [ 127.140725, 36.849214 ], [ 127.140835, 36.849226 ], [ 127.14081, 36.849381 ], [ 127.140699, 36.849369 ], [ 127.140725, 36.849214 ] ] ] } },
{ "type": "Feature", "properties": { "id": 82263, "model": "building", "type": "1", "accuracy": "97.75", "area": "1764.42", "address": "충청남도 아산시 음봉면 산동리 243-71", "region_code": "4420035033", "memo": "" }, "geometry": { "type": "Polygon", "coordinates": [ [ [ 127.100428, 36.849205 ], [ 127.100071, 36.849624 ], [ 127.099886, 36.849523 ], [ 127.100242, 36.849103 ], [ 127.100428, 36.849205 ] ] ] } },
{ "type": "Feature", "properties": { "id": 82264, "model": "building", "type": "1", "accuracy": "96.7", "area": "318.20", "address": "충청남도 아산시 음봉면 산동리 230-16", "region_code": "4420035033", "memo": "" }, "geometry": { "type": "Polygon", "coordinates": [ [ [ 127.106145, 36.849207 ], [ 127.106178, 36.849376 ], [ 127.106059, 36.849391 ], [ 127.106027, 36.849222 ], [ 127.106145, 36.849207 ] ] ] } },
{ "type": "Feature", "properties": { "id": 82268, "model": "building", "type": "1", "accuracy": "72.92", "area": "709.40", "address": "충청남도 천안시 서북구 성성동 303-4", "region_code": "4413310500", "memo": "" }, "geometry": { "type": "Polygon", "coordinates": [ [ [ 127.124962, 36.849282 ], [ 127.124639, 36.849191 ], [ 127.124694, 36.849065 ], [ 127.125017, 36.849155 ], [ 127.124962, 36.849282 ] ] ] } },
{ "type": "Feature", "properties": { "id": 82269, "model": "building", "type": "1", "accuracy": "77.52", "area": "276.37", "address": "충청남도 천안시 서북구 신당동 223", "region_code": "4413311000", "memo": "" }, "geometry": { "type": "Polygon", "coordinates": [ [ [ 127.161453, 36.849086 ], [ 127.161373, 36.849227 ], [ 127.161268, 36.849188 ], [ 127.161347, 36.849048 ], [ 127.161453, 36.849086 ] ] ] } },
{ "type": "Feature", "properties": { "id": 82275, "model": "building", "type": "3", "accuracy": "96.58", "area": "1652.52", "address": "충청남도 아산시 음봉면 산동리 243-66", "region_code": "4420035033", "memo": "" }, "geometry": { "type": "Polygon", "coordinates": [ [ [ 127.101222, 36.848973 ], [ 127.100936, 36.848581 ], [ 127.101138, 36.848486 ], [ 127.101425, 36.848877 ], [ 127.101222, 36.848973 ] ] ] } },
{ "type": "Feature", "properties": { "id": 82276, "model": "building", "type": "3", "accuracy": "97.4", "area": "1178.10", "address": "충청남도 아산시 음봉면 산동리 243-34", "region_code": "4420035033", "memo": "" }, "geometry": { "type": "Polygon", "coordinates": [ [ [ 127.102856, 36.84874 ], [ 127.103321, 36.848562 ], [ 127.1034, 36.848695 ], [ 127.102935, 36.848873 ], [ 127.102856, 36.84874 ] ] ] } },
{ "type": "Feature", "properties": { "id": 82277, "model": "building", "type": "2", "accuracy": "95.26", "area": "185.49", "address": "충청남도 천안시 서북구 성성동 329", "region_code": "4413310500", "memo": "" }, "geometry": { "type": "Polygon", "coordinates": [ [ [ 127.118782, 36.848738 ], [ 127.118774, 36.848613 ], [ 127.11887, 36.848609 ], [ 127.118877, 36.848734 ], [ 127.118782, 36.848738 ] ] ] } },
{ "type": "Feature", "properties": { "id": 82278, "model": "building", "type": "1", "accuracy": "77.49", "area": "202.95", "address": "충청남도 천안시 서북구 부대동 665", "region_code": "4413311100", "memo": "" }, "geometry": { "type": "Polygon", "coordinates": [ [ [ 127.150315, 36.848606 ], [ 127.150213, 36.848664 ], [ 127.150137, 36.848578 ], [ 127.150239, 36.84852 ], [ 127.150315, 36.848606 ] ] ] } },
{ "type": "Feature", "properties": { "id": 82279, "model": "building", "type": "2", "accuracy": "96.72", "area": "10968.62", "address": "충청남도 천안시 서북구 성성동 287-18", "region_code": "4413310500", "memo": "" }, "geometry": { "type": "Polygon", "coordinates": [ [ [ 127.124555, 36.848911 ], [ 127.125126, 36.848017 ], [ 127.125753, 36.848275 ], [ 127.125181, 36.84917 ], [ 127.124555, 36.848911 ] ] ] } },
{ "type": "Feature", "properties": { "id": 82281, "model": "building", "type": "1", "accuracy": "79.14", "area": "254.16", "address": "충청남도 천안시 서북구 부대동 699", "region_code": "4413311100", "memo": "" }, "geometry": { "type": "Polygon", "coordinates": [ [ [ 127.150875, 36.848455 ], [ 127.150911, 36.848585 ], [ 127.150791, 36.848607 ], [ 127.150755, 36.848476 ], [ 127.150875, 36.848455 ] ] ] } },
{ "type": "Feature", "properties": { "id": 82282, "model": "building", "type": "3", "accuracy": "92.84", "area": "461.49", "address": "충청남도 천안시 서북구 성성동 330-3", "region_code": "4413310500", "memo": "" }, "geometry": { "type": "Polygon", "coordinates": [ [ [ 127.118584, 36.848638 ], [ 127.118571, 36.848454 ], [ 127.118733, 36.848447 ], [ 127.118746, 36.84863 ], [ 127.118584, 36.848638 ] ] ] } },
{ "type": "Feature", "properties": { "id": 82287, "model": "building", "type": "1", "accuracy": "84.11", "area": "394.42", "address": "충청남도 천안시 서북구 부대동 1109", "region_code": "4413311100", "memo": "" }, "geometry": { "type": "Polygon", "coordinates": [ [ [ 127.154216, 36.848367 ], [ 127.154255, 36.848224 ], [ 127.154425, 36.848255 ], [ 127.154386, 36.848397 ], [ 127.154216, 36.848367 ] ] ] } },
{ "type": "Feature", "properties": { "id": 82289, "model": "building", "type": "1", "accuracy": "91.17", "area": "272.32", "address": "충청남도 천안시 서북구 부대동 581", "region_code": "4413311100", "memo": "" }, "geometry": { "type": "Polygon", "coordinates": [ [ [ 127.147264, 36.848252 ], [ 127.147269, 36.84815 ], [ 127.14744, 36.848155 ], [ 127.147434, 36.848258 ], [ 127.147264, 36.848252 ] ] ] } },
{ "type": "Feature", "properties": { "id": 82290, "model": "building", "type": "1", "accuracy": "79.81", "area": "151.61", "address": "충청남도 천안시 서북구 차암동 209-14", "region_code": "4413310600", "memo": "" }, "geometry": { "type": "Polygon", "coordinates": [ [ [ 127.116224, 36.848221 ], [ 127.116194, 36.848118 ], [ 127.116283, 36.848101 ], [ 127.116314, 36.848204 ], [ 127.116224, 36.848221 ] ] ] } },
{ "type": "Feature", "properties": { "id": 82297, "model": "building", "type": "3", "accuracy": "67.15", "area": "238.01", "address": "충청남도 천안시 서북구 부대동 712", "region_code": "4413311100", "memo": "" }, "geometry": { "type": "Polygon", "coordinates": [ [ [ 127.15191, 36.847765 ], [ 127.151829, 36.847888 ], [ 127.151731, 36.847847 ], [ 127.151812, 36.847724 ], [ 127.15191, 36.847765 ] ] ] } },
{ "type": "Feature", "properties": { "id": 82300, "model": "building", "type": "2", "accuracy": "97.93", "area": "980.24", "address": "충청남도 천안시 서북구 부대동 822", "region_code": "4413311100", "memo": "" }, "geometry": { "type": "Polygon", "coordinates": [ [ [ 127.154641, 36.847607 ], [ 127.154885, 36.847653 ], [ 127.154813, 36.847899 ], [ 127.154569, 36.847853 ], [ 127.154641, 36.847607 ] ] ] } },
{ "type": "Feature", "properties": { "id": 82302, "model": "building", "type": "1", "accuracy": "91.82", "area": "405.43", "address": "충청남도 천안시 서북구 부대동 641", "region_code": "4413311100", "memo": "" }, "geometry": { "type": "Polygon", "coordinates": [ [ [ 127.147495, 36.847762 ], [ 127.147329, 36.847745 ], [ 127.147355, 36.847589 ], [ 127.14752, 36.847606 ], [ 127.147495, 36.847762 ] ] ] } },
{ "type": "Feature", "properties": { "id": 82305, "model": "building", "type": "1", "accuracy": "97.64", "area": "213.68", "address": "충청남도 천안시 서북구 성성동 482-5", "region_code": "4413310500", "memo": "" }, "geometry": { "type": "Polygon", "coordinates": [ [ [ 127.11792, 36.847699 ], [ 127.117771, 36.847665 ], [ 127.117802, 36.847579 ], [ 127.11795, 36.847613 ], [ 127.11792, 36.847699 ] ] ] } },
{ "type": "Feature", "properties": { "id": 82306, "model": "building", "type": "1", "accuracy": "93.65", "area": "192.82", "address": "충청남도 천안시 서북구 부대동 639", "region_code": "4413311100", "memo": "" }, "geometry": { "type": "Polygon", "coordinates": [ [ [ 127.147702, 36.847532 ], [ 127.147828, 36.847538 ], [ 127.147822, 36.847636 ], [ 127.147695, 36.84763 ], [ 127.147702, 36.847532 ] ] ] } },
{ "type": "Feature", "properties": { "id": 82307, "model": "building", "type": "3", "accuracy": "83.62", "area": "362.75", "address": "충청남도 천안시 서북구 부대동 623", "region_code": "4413311100", "memo": "" }, "geometry": { "type": "Polygon", "coordinates": [ [ [ 127.148421, 36.847672 ], [ 127.148251, 36.847651 ], [ 127.148277, 36.847517 ], [ 127.148447, 36.847538 ], [ 127.148421, 36.847672 ] ] ] } },
{ "type": "Feature", "properties": { "id": 82308, "model": "building", "type": "2", "accuracy": "96.64", "area": "206.49", "address": "충청남도 천안시 서북구 성성동 336-47", "region_code": "4413310500", "memo": "" }, "geometry": { "type": "Polygon", "coordinates": [ [ [ 127.123823, 36.847625 ], [ 127.123761, 36.847519 ], [ 127.123864, 36.84748 ], [ 127.123926, 36.847587 ], [ 127.123823, 36.847625 ] ] ] } },
{ "type": "Feature", "properties": { "id": 82309, "model": "building", "type": "3", "accuracy": "94.77", "area": "343.51", "address": "충청남도 천안시 서북구 차암동 210-2", "region_code": "4413310600", "memo": "" }, "geometry": { "type": "Polygon", "coordinates": [ [ [ 127.115432, 36.847408 ], [ 127.115507, 36.847574 ], [ 127.115388, 36.847608 ], [ 127.115314, 36.847442 ], [ 127.115432, 36.847408 ] ] ] } },
{ "type": "Feature", "properties": { "id": 82310, "model": "building", "type": "2", "accuracy": "96.27", "area": "454.84", "address": "충청남도 천안시 서북구 성성동 336-47", "region_code": "4413310500", "memo": "" }, "geometry": { "type": "Polygon", "coordinates": [ [ [ 127.123697, 36.847411 ], [ 127.123988, 36.847308 ], [ 127.124035, 36.847393 ], [ 127.123744, 36.847496 ], [ 127.123697, 36.847411 ] ] ] } },
{ "type": "Feature", "properties": { "id": 82311, "model": "building", "type": "1", "accuracy": "85.1", "area": "170.37", "address": "충청남도 천안시 서북구 차암동 210-2", "region_code": "4413310600", "memo": "" }, "geometry": { "type": "Polygon", "coordinates": [ [ [ 127.115561, 36.847314 ], [ 127.1156, 36.847418 ], [ 127.115503, 36.847442 ], [ 127.115464, 36.847337 ], [ 127.115561, 36.847314 ] ] ] } },
{ "type": "Feature", "properties": { "id": 82312, "model": "building", "type": "2", "accuracy": "98.14", "area": "426.52", "address": "충청남도 천안시 서북구 업성동 465-7", "region_code": "4413310900", "memo": "" }, "geometry": { "type": "Polygon", "coordinates": [ [ [ 127.130133, 36.847276 ], [ 127.130366, 36.847306 ], [ 127.130343, 36.847421 ], [ 127.13011, 36.847392 ], [ 127.130133, 36.847276 ] ] ] } },
{ "type": "Feature", "properties": { "id": 82313, "model": "building", "type": "2", "accuracy": "96.95", "area": "468.32", "address": "충청남도 천안시 서북구 성성동 278-7", "region_code": "4413310500", "memo": "" }, "geometry": { "type": "Polygon", "coordinates": [ [ [ 127.124295, 36.847462 ], [ 127.124162, 36.84724 ], [ 127.124273, 36.847197 ], [ 127.124405, 36.847419 ], [ 127.124295, 36.847462 ] ] ] } },
{ "type": "Feature", "properties": { "id": 82318, "model": "building", "type": "2", "accuracy": "87.32", "area": "476.78", "address": "충청남도 천안시 서북구 업성동 465-7", "region_code": "4413310900", "memo": "" }, "geometry": { "type": "Polygon", "coordinates": [ [ [ 127.130131, 36.84713 ], [ 127.130153, 36.847003 ], [ 127.130392, 36.84703 ], [ 127.130369, 36.847157 ], [ 127.130131, 36.84713 ] ] ] } },
{ "type": "Feature", "properties": { "id": 82322, "model": "building", "type": "3", "accuracy": "89.57", "area": "305.77", "address": "충청남도 천안시 서북구 부대동 653", "region_code": "4413311100", "memo": "" }, "geometry": { "type": "Polygon", "coordinates": [ [ [ 127.148392, 36.846984 ], [ 127.148417, 36.846831 ], [ 127.148544, 36.846844 ], [ 127.148519, 36.846997 ], [ 127.148392, 36.846984 ] ] ] } },
{ "type": "Feature", "properties": { "id": 82323, "model": "building", "type": "1", "accuracy": "75.74", "area": "323.18", "address": "충청남도 천안시 서북구 부대동 983", "region_code": "4413311100", "memo": "" }, "geometry": { "type": "Polygon", "coordinates": [ [ [ 127.149355, 36.846815 ], [ 127.149355, 36.846712 ], [ 127.149558, 36.846712 ], [ 127.149559, 36.846815 ], [ 127.149355, 36.846815 ] ] ] } },
{ "type": "Feature", "properties": { "id": 82324, "model": "building", "type": "3", "accuracy": "62.49", "area": "460.65", "address": "충청남도 천안시 서북구 차암동 421", "region_code": "4413310600", "memo": "" }, "geometry": { "type": "Polygon", "coordinates": [ [ [ 127.110492, 36.846825 ], [ 127.110522, 36.846607 ], [ 127.110656, 36.846618 ], [ 127.110627, 36.846837 ], [ 127.110492, 36.846825 ] ] ] } },
{ "type": "Feature", "properties": { "id": 82329, "model": "building", "type": "3", "accuracy": "95.04", "area": "337.08", "address": "충청남도 천안시 서북구 성성동 481-13", "region_code": "4413310500", "memo": "" }, "geometry": { "type": "Polygon", "coordinates": [ [ [ 127.118455, 36.846485 ], [ 127.118594, 36.846478 ], [ 127.118605, 36.846634 ], [ 127.118466, 36.84664 ], [ 127.118455, 36.846485 ] ] ] } },
{ "type": "Feature", "properties": { "id": 82330, "model": "building", "type": "3", "accuracy": "89.13", "area": "115.28", "address": "충청남도 천안시 서북구 성성동 474-1", "region_code": "4413310500", "memo": "" }, "geometry": { "type": "Polygon", "coordinates": [ [ [ 127.118122, 36.84658 ], [ 127.118053, 36.846465 ], [ 127.118106, 36.846445 ], [ 127.118174, 36.846559 ], [ 127.118122, 36.84658 ] ] ] } },
{ "type": "Feature", "properties": { "id": 82332, "model": "building", "type": "3", "accuracy": "95.54", "area": "1859.86", "address": "충청남도 천안시 서북구 부대동 760", "region_code": "4413311100", "memo": "" }, "geometry": { "type": "Polygon", "coordinates": [ [ [ 127.151023, 36.846734 ], [ 127.150813, 36.846544 ], [ 127.151166, 36.846292 ], [ 127.151376, 36.846483 ], [ 127.151023, 36.846734 ] ] ] } },
{ "type": "Feature", "properties": { "id": 82334, "model": "building", "type": "3", "accuracy": "88.97", "area": "432.70", "address": "충청남도 천안시 서북구 성성동 264-1", "region_code": "4413310500", "memo": "" }, "geometry": { "type": "Polygon", "coordinates": [ [ [ 127.128837, 36.846387 ], [ 127.128758, 36.846577 ], [ 127.128625, 36.846541 ], [ 127.128704, 36.846352 ], [ 127.128837, 36.846387 ] ] ] } },
{ "type": "Feature", "properties": { "id": 82338, "model": "building", "type": "3", "accuracy": "90.98", "area": "1778.33", "address": "충청남도 천안시 서북구 부대동 760", "region_code": "4413311100", "memo": "" }, "geometry": { "type": "Polygon", "coordinates": [ [ [ 127.150006, 36.84639 ], [ 127.150376, 36.846133 ], [ 127.150567, 36.84631 ], [ 127.150197, 36.846567 ], [ 127.150006, 36.84639 ] ] ] } },
{ "type": "Feature", "properties": { "id": 82339, "model": "building", "type": "3", "accuracy": "93.77", "area": "1749.74", "address": "충청남도 천안시 서북구 부대동 760", "region_code": "4413311100", "memo": "" }, "geometry": { "type": "Polygon", "coordinates": [ [ [ 127.149858, 36.846222 ], [ 127.149521, 36.846484 ], [ 127.149312, 36.846311 ], [ 127.149649, 36.846049 ], [ 127.149858, 36.846222 ] ] ] } },
{ "type": "Feature", "properties": { "id": 82341, "model": "building", "type": "3", "accuracy": "96.28", "area": "1826.64", "address": "충청남도 천안시 서북구 부대동 760", "region_code": "4413311100", "memo": "" }, "geometry": { "type": "Polygon", "coordinates": [ [ [ 127.151496, 36.846043 ], [ 127.151124, 36.846304 ], [ 127.150928, 36.846125 ], [ 127.151301, 36.845863 ], [ 127.151496, 36.846043 ] ] ] } },
{ "type": "Feature", "properties": { "id": 82342, "model": "building", "type": "3", "accuracy": "87.01", "area": "1069.50", "address": "충청남도 천안시 서북구 성성동 1002", "region_code": "4413310500", "memo": "" }, "geometry": { "type": "Polygon", "coordinates": [ [ [ 127.119576, 36.845988 ], [ 127.119873, 36.845897 ], [ 127.11997, 36.8461 ], [ 127.119673, 36.846191 ], [ 127.119576, 36.845988 ] ] ] } },
{ "type": "Feature", "properties": { "id": 82343, "model": "building", "type": "3", "accuracy": "82.86", "area": "274.03", "address": "충청남도 천안시 서북구 성성동 215", "region_code": "4413310500", "memo": "" }, "geometry": { "type": "Polygon", "coordinates": [ [ [ 127.125159, 36.845967 ], [ 127.125152, 36.846102 ], [ 127.125021, 36.846097 ], [ 127.125028, 36.845962 ], [ 127.125159, 36.845967 ] ] ] } },
{ "type": "Feature", "properties": { "id": 82345, "model": "building", "type": "2", "accuracy": "95.19", "area": "967.42", "address": "충청남도 천안시 서북구 성성동 338-4", "region_code": "4413310500", "memo": "" }, "geometry": { "type": "Polygon", "coordinates": [ [ [ 127.124031, 36.846022 ], [ 127.123757, 36.846112 ], [ 127.123657, 36.845917 ], [ 127.12393, 36.845826 ], [ 127.124031, 36.846022 ] ] ] } },
{ "type": "Feature", "properties": { "id": 82346, "model": "building", "type": "3", "accuracy": "80.67", "area": "320.76", "address": "충청남도 천안시 서북구 성성동 1002", "region_code": "4413310500", "memo": "" }, "geometry": { "type": "Polygon", "coordinates": [ [ [ 127.119323, 36.845981 ], [ 127.119202, 36.846009 ], [ 127.119146, 36.845851 ], [ 127.119268, 36.845824 ], [ 127.119323, 36.845981 ] ] ] } },
{ "type": "Feature", "properties": { "id": 82347, "model": "building", "type": "3", "accuracy": "92.99", "area": "1079.25", "address": "충청남도 천안시 서북구 부대동 760", "region_code": "4413311100", "memo": "" }, "geometry": { "type": "Polygon", "coordinates": [ [ [ 127.150523, 36.846029 ], [ 127.150269, 36.845882 ], [ 127.15043, 36.845701 ], [ 127.150684, 36.845848 ], [ 127.150523, 36.846029 ] ] ] } },
{ "type": "Feature", "properties": { "id": 82349, "model": "building", "type": "3", "accuracy": "58.13", "area": "236.39", "address": "충청남도 천안시 서북구 부대동 750", "region_code": "4413311100", "memo": "" }, "geometry": { "type": "Polygon", "coordinates": [ [ [ 127.149021, 36.845756 ], [ 127.149145, 36.845767 ], [ 127.149129, 36.845889 ], [ 127.149006, 36.845878 ], [ 127.149021, 36.845756 ] ] ] } },
{ "type": "Feature", "properties": { "id": 82351, "model": "building", "type": "3", "accuracy": "97.11", "area": "15199.05", "address": "충청남도 천안시 서북구 성성동 508", "region_code": "4413310500", "memo": "" }, "geometry": { "type": "Polygon", "coordinates": [ [ [ 127.114748, 36.846434 ], [ 127.114382, 36.845661 ], [ 127.115491, 36.845322 ], [ 127.115856, 36.846096 ], [ 127.114748, 36.846434 ] ] ] } },
{ "type": "Feature", "properties": { "id": 82352, "model": "building", "type": "3", "accuracy": "96.23", "area": "1751.23", "address": "충청남도 천안시 서북구 부대동 760", "region_code": "4413311100", "memo": "" }, "geometry": { "type": "Polygon", "coordinates": [ [ [ 127.149409, 36.845869 ], [ 127.149744, 36.845604 ], [ 127.149954, 36.845774 ], [ 127.149619, 36.84604 ], [ 127.149409, 36.845869 ] ] ] } },
{ "type": "Feature", "properties": { "id": 82353, "model": "building", "type": "3", "accuracy": "70.31", "area": "184.62", "address": "충청남도 천안시 서북구 부대동 105-81", "region_code": "4413311100", "memo": "" }, "geometry": { "type": "Polygon", "coordinates": [ [ [ 127.158525, 36.845791 ], [ 127.158325, 36.845791 ], [ 127.158325, 36.845732 ], [ 127.158525, 36.845732 ], [ 127.158525, 36.845791 ] ] ] } },
{ "type": "Feature", "properties": { "id": 82355, "model": "building", "type": "2", "accuracy": "98.29", "area": "816.06", "address": "충청남도 천안시 서북구 부대동 754", "region_code": "4413311100", "memo": "" }, "geometry": { "type": "Polygon", "coordinates": [ [ [ 127.148325, 36.845605 ], [ 127.148597, 36.845637 ], [ 127.148563, 36.845826 ], [ 127.148291, 36.845795 ], [ 127.148325, 36.845605 ] ] ] } },
{ "type": "Feature", "properties": { "id": 82357, "model": "building", "type": "3", "accuracy": "77.89", "area": "153.95", "address": "충청남도 천안시 서북구 성성동 1002", "region_code": "4413310500", "memo": "" }, "geometry": { "type": "Polygon", "coordinates": [ [ [ 127.120872, 36.845738 ], [ 127.121023, 36.845689 ], [ 127.121052, 36.845745 ], [ 127.120901, 36.845795 ], [ 127.120872, 36.845738 ] ] ] } },
{ "type": "Feature", "properties": { "id": 82358, "model": "building", "type": "3", "accuracy": "91", "area": "18138.61", "address": "충청남도 천안시 서북구 성성동 1002", "region_code": "4413310500", "memo": "" }, "geometry": { "type": "Polygon", "coordinates": [ [ [ 127.11896, 36.845609 ], [ 127.120402, 36.845151 ], [ 127.120748, 36.845853 ], [ 127.119306, 36.846312 ], [ 127.11896, 36.845609 ] ] ] } },
{ "type": "Feature", "properties": { "id": 82359, "model": "building", "type": "3", "accuracy": "94", "area": "2870.65", "address": "충청남도 천안시 서북구 부대동 760", "region_code": "4413311100", "memo": "" }, "geometry": { "type": "Polygon", "coordinates": [ [ [ 127.150985, 36.845653 ], [ 127.15146, 36.845297 ], [ 127.151702, 36.845505 ], [ 127.151228, 36.845861 ], [ 127.150985, 36.845653 ] ] ] } },
{ "type": "Feature", "properties": { "id": 82361, "model": "building", "type": "3", "accuracy": "90.66", "area": "455.63", "address": "충청남도 천안시 서북구 부대동 760", "region_code": "4413311100", "memo": "" }, "geometry": { "type": "Polygon", "coordinates": [ [ [ 127.150391, 36.845429 ], [ 127.150542, 36.84552 ], [ 127.150425, 36.845645 ], [ 127.150274, 36.845554 ], [ 127.150391, 36.845429 ] ] ] } },
{ "type": "Feature", "properties": { "id": 82362, "model": "building", "type": "3", "accuracy": "80.85", "area": "277.37", "address": "충청남도 천안시 서북구 성성동 1002", "region_code": "4413310500", "memo": "" }, "geometry": { "type": "Polygon", "coordinates": [ [ [ 127.120935, 36.845482 ], [ 127.120935, 36.845657 ], [ 127.120833, 36.845657 ], [ 127.120833, 36.845482 ], [ 127.120935, 36.845482 ] ] ] } },
{ "type": "Feature", "properties": { "id": 82364, "model": "building", "type": "3", "accuracy": "95.28", "area": "344.85", "address": "충청남도 천안시 서북구 부대동 760", "region_code": "4413311100", "memo": "" }, "geometry": { "type": "Polygon", "coordinates": [ [ [ 127.150541, 36.84544 ], [ 127.150672, 36.845335 ], [ 127.150777, 36.845419 ], [ 127.150647, 36.845525 ], [ 127.150541, 36.84544 ] ] ] } },
{ "type": "Feature", "properties": { "id": 82365, "model": "building", "type": "3", "accuracy": "94.67", "area": "2234.81", "address": "충청남도 천안시 서북구 성성동 1002", "region_code": "4413310500", "memo": "" }, "geometry": { "type": "Polygon", "coordinates": [ [ [ 127.1211, 36.845664 ], [ 127.121004, 36.845478 ], [ 127.121666, 36.845257 ], [ 127.121762, 36.845442 ], [ 127.1211, 36.845664 ] ] ] } },
{ "type": "Feature", "properties": { "id": 82367, "model": "building", "type": "2", "accuracy": "98.52", "area": "511.95", "address": "충청남도 천안시 서북구 부대동 757", "region_code": "4413311100", "memo": "" }, "geometry": { "type": "Polygon", "coordinates": [ [ [ 127.149012, 36.845331 ], [ 127.148995, 36.845452 ], [ 127.148726, 36.845427 ], [ 127.148743, 36.845306 ], [ 127.149012, 36.845331 ] ] ] } },
{ "type": "Feature", "properties": { "id": 82369, "model": "building", "type": "2", "accuracy": "89.19", "area": "833.88", "address": "충청남도 천안시 서북구 부대동 756", "region_code": "4413311100", "memo": "" }, "geometry": { "type": "Polygon", "coordinates": [ [ [ 127.148702, 36.845467 ], [ 127.14842, 36.845471 ], [ 127.148415, 36.845281 ], [ 127.148697, 36.845276 ], [ 127.148702, 36.845467 ] ] ] } },
{ "type": "Feature", "properties": { "id": 82370, "model": "building", "type": "3", "accuracy": "89.43", "area": "1796.98", "address": "충청남도 천안시 서북구 부대동 760", "region_code": "4413311100", "memo": "" }, "geometry": { "type": "Polygon", "coordinates": [ [ [ 127.150065, 36.845322 ], [ 127.149698, 36.84557 ], [ 127.149505, 36.845384 ], [ 127.149872, 36.845137 ], [ 127.150065, 36.845322 ] ] ] } },
{ "type": "Feature", "properties": { "id": 82371, "model": "building", "type": "3", "accuracy": "78.46", "area": "481.53", "address": "충청남도 천안시 서북구 성성동 1002", "region_code": "4413310500", "memo": "" }, "geometry": { "type": "Polygon", "coordinates": [ [ [ 127.120793, 36.845509 ], [ 127.120634, 36.845188 ], [ 127.120718, 36.845162 ], [ 127.120877, 36.845482 ], [ 127.120793, 36.845509 ] ] ] } },
{ "type": "Feature", "properties": { "id": 82372, "model": "building", "type": "3", "accuracy": "89.55", "area": "359.66", "address": "충청남도 천안시 서북구 부대동 760", "region_code": "4413311100", "memo": "" }, "geometry": { "type": "Polygon", "coordinates": [ [ [ 127.150419, 36.8452 ], [ 127.15042, 36.845368 ], [ 127.150281, 36.845368 ], [ 127.150281, 36.845201 ], [ 127.150419, 36.8452 ] ] ] } },
{ "type": "Feature", "properties": { "id": 82375, "model": "building", "type": "1", "accuracy": "85.01", "area": "629.55", "address": "충청남도 천안시 서북구 성성동 44-9", "region_code": "4413310500", "memo": "" }, "geometry": { "type": "Polygon", "coordinates": [ [ [ 127.137788, 36.84511 ], [ 127.138005, 36.845233 ], [ 127.137896, 36.845358 ], [ 127.137678, 36.845235 ], [ 127.137788, 36.84511 ] ] ] } },
{ "type": "Feature", "properties": { "id": 82378, "model": "building", "type": "2", "accuracy": "90.45", "area": "582.66", "address": "충청남도 천안시 서북구 성성동 49-28", "region_code": "4413310500", "memo": "" }, "geometry": { "type": "Polygon", "coordinates": [ [ [ 127.135147, 36.845141 ], [ 127.135005, 36.845141 ], [ 127.135004, 36.844877 ], [ 127.135147, 36.844877 ], [ 127.135147, 36.845141 ] ] ] } },
{ "type": "Feature", "properties": { "id": 82380, "model": "building", "type": "1", "accuracy": "95.84", "area": "516.40", "address": "충청남도 천안시 서북구 부대동 765", "region_code": "4413311100", "memo": "" }, "geometry": { "type": "Polygon", "coordinates": [ [ [ 127.14918, 36.844887 ], [ 127.14941, 36.84482 ], [ 127.149468, 36.844948 ], [ 127.149238, 36.845015 ], [ 127.14918, 36.844887 ] ] ] } },
{ "type": "Feature", "properties": { "id": 82382, "model": "building", "type": "1", "accuracy": "90.74", "area": "826.58", "address": "충청남도 천안시 서북구 부대동 771", "region_code": "4413311100", "memo": "" }, "geometry": { "type": "Polygon", "coordinates": [ [ [ 127.150283, 36.844786 ], [ 127.150633, 36.844827 ], [ 127.150605, 36.844976 ], [ 127.150256, 36.844935 ], [ 127.150283, 36.844786 ] ] ] } },
{ "type": "Feature", "properties": { "id": 82383, "model": "building", "type": "1", "accuracy": "92.87", "area": "895.10", "address": "충청남도 천안시 서북구 차암동 422", "region_code": "4413310600", "memo": "" }, "geometry": { "type": "Polygon", "coordinates": [ [ [ 127.111411, 36.844848 ], [ 127.111616, 36.84477 ], [ 127.111752, 36.845 ], [ 127.111546, 36.845078 ], [ 127.111411, 36.844848 ] ] ] } },
{ "type": "Feature", "properties": { "id": 82384, "model": "building", "type": "3", "accuracy": "76.53", "area": "238.12", "address": "충청남도 천안시 서북구 부대동 105-87", "region_code": "4413311100", "memo": "" }, "geometry": { "type": "Polygon", "coordinates": [ [ [ 127.157563, 36.844827 ], [ 127.157766, 36.844826 ], [ 127.157766, 36.844902 ], [ 127.157563, 36.844902 ], [ 127.157563, 36.844827 ] ] ] } },
{ "type": "Feature", "properties": { "id": 82385, "model": "building", "type": "2", "accuracy": "90.51", "area": "235.16", "address": "충청남도 천안시 서북구 부대동 770", "region_code": "4413311100", "memo": "" }, "geometry": { "type": "Polygon", "coordinates": [ [ [ 127.150457, 36.844906 ], [ 127.150298, 36.844927 ], [ 127.150279, 36.844834 ], [ 127.150438, 36.844813 ], [ 127.150457, 36.844906 ] ] ] } },
{ "type": "Feature", "properties": { "id": 82387, "model": "building", "type": "3", "accuracy": "61.07", "area": "167.31", "address": "충청남도 천안시 서북구 성성동 508", "region_code": "4413310500", "memo": "" }, "geometry": { "type": "Polygon", "coordinates": [ [ [ 127.119311, 36.844884 ], [ 127.119282, 36.844785 ], [ 127.119386, 36.844766 ], [ 127.119414, 36.844865 ], [ 127.119311, 36.844884 ] ] ] } },
{ "type": "Feature", "properties": { "id": 82389, "model": "building", "type": "3", "accuracy": "71.21", "area": "169.87", "address": "충청남도 천안시 서북구 성성동 28-3", "region_code": "4413310500", "memo": "" }, "geometry": { "type": "Polygon", "coordinates": [ [ [ 127.135991, 36.84477 ], [ 127.136065, 36.84469 ], [ 127.136153, 36.844744 ], [ 127.136079, 36.844823 ], [ 127.135991, 36.84477 ] ] ] } },
{ "type": "Feature", "properties": { "id": 82394, "model": "building", "type": "1", "accuracy": "96.78", "area": "1337.59", "address": "충청남도 천안시 서북구 성성동 225-5", "region_code": "4413310500", "memo": "" }, "geometry": { "type": "Polygon", "coordinates": [ [ [ 127.127864, 36.844455 ], [ 127.128023, 36.844196 ], [ 127.128291, 36.844303 ], [ 127.128133, 36.844561 ], [ 127.127864, 36.844455 ] ] ] } },
{ "type": "Feature", "properties": { "id": 82397, "model": "building", "type": "3", "accuracy": "86.15", "area": "719.25", "address": "충청남도 천안시 서북구 차암동 422", "region_code": "4413310600", "memo": "" }, "geometry": { "type": "Polygon", "coordinates": [ [ [ 127.111032, 36.844123 ], [ 127.111273, 36.844051 ], [ 127.111351, 36.844221 ], [ 127.11111, 36.844293 ], [ 127.111032, 36.844123 ] ] ] } },
{ "type": "Feature", "properties": { "id": 82404, "model": "building", "type": "1", "accuracy": "96.87", "area": "373.01", "address": "충청남도 천안시 서북구 부대동 802", "region_code": "4413311100", "memo": "" }, "geometry": { "type": "Polygon", "coordinates": [ [ [ 127.151365, 36.844114 ], [ 127.151147, 36.844091 ], [ 127.151165, 36.843982 ], [ 127.151383, 36.844006 ], [ 127.151365, 36.844114 ] ] ] } },
{ "type": "Feature", "properties": { "id": 82405, "model": "building", "type": "2", "accuracy": "81.84", "area": "264.89", "address": "충청남도 천안시 서북구 성성동 93", "region_code": "4413310500", "memo": "" }, "geometry": { "type": "Polygon", "coordinates": [ [ [ 127.130956, 36.844131 ], [ 127.131004, 36.843974 ], [ 127.131107, 36.843995 ], [ 127.13106, 36.844151 ], [ 127.130956, 36.844131 ] ] ] } },
{ "type": "Feature", "properties": { "id": 82406, "model": "building", "type": "3", "accuracy": "87.08", "area": "1646.81", "address": "충청남도 천안시 서북구 성성동 510", "region_code": "4413310500", "memo": "" }, "geometry": { "type": "Polygon", "coordinates": [ [ [ 127.11762, 36.843993 ], [ 127.118215, 36.843804 ], [ 127.118291, 36.843959 ], [ 127.117696, 36.844148 ], [ 127.11762, 36.843993 ] ] ] } },
{ "type": "Feature", "properties": { "id": 82407, "model": "building", "type": "1", "accuracy": "97.75", "area": "916.10", "address": "충청남도 천안시 서북구 차암동 424", "region_code": "4413310600", "memo": "" }, "geometry": { "type": "Polygon", "coordinates": [ [ [ 127.110218, 36.843958 ], [ 127.110523, 36.84384 ], [ 127.110617, 36.843998 ], [ 127.110312, 36.844115 ], [ 127.110218, 36.843958 ] ] ] } },
{ "type": "Feature", "properties": { "id": 82409, "model": "building", "type": "3", "accuracy": "65.78", "area": "249.07", "address": "충청남도 천안시 서북구 성성동 510", "region_code": "4413310500", "memo": "" }, "geometry": { "type": "Polygon", "coordinates": [ [ [ 127.117957, 36.843829 ], [ 127.11783, 36.843832 ], [ 127.117826, 36.843706 ], [ 127.117952, 36.843702 ], [ 127.117957, 36.843829 ] ] ] } },
{ "type": "Feature", "properties": { "id": 82412, "model": "building", "type": "2", "accuracy": "95.13", "area": "659.45", "address": "충청남도 천안시 서북구 성성동 244", "region_code": "4413310500", "memo": "" }, "geometry": { "type": "Polygon", "coordinates": [ [ [ 127.129155, 36.843612 ], [ 127.12937, 36.843476 ], [ 127.12949, 36.843597 ], [ 127.129275, 36.843734 ], [ 127.129155, 36.843612 ] ] ] } },
{ "type": "Feature", "properties": { "id": 82417, "model": "building", "type": "1", "accuracy": "90.03", "area": "210.28", "address": "충청남도 천안시 서북구 성성동 508", "region_code": "4413310500", "memo": "" }, "geometry": { "type": "Polygon", "coordinates": [ [ [ 127.116958, 36.843688 ], [ 127.11689, 36.84353 ], [ 127.116967, 36.843509 ], [ 127.117035, 36.843666 ], [ 127.116958, 36.843688 ] ] ] } },
{ "type": "Feature", "properties": { "id": 82422, "model": "building", "type": "3", "accuracy": "97.77", "area": "7723.48", "address": "충청남도 천안시 서북구 성성동 508", "region_code": "4413310500", "memo": "" }, "geometry": { "type": "Polygon", "coordinates": [ [ [ 127.115921, 36.843518 ], [ 127.114771, 36.843879 ], [ 127.114588, 36.843503 ], [ 127.115738, 36.843142 ], [ 127.115921, 36.843518 ] ] ] } },
{ "type": "Feature", "properties": { "id": 82427, "model": "building", "type": "3", "accuracy": "95.27", "area": "235.16", "address": "충청남도 천안시 서북구 성성동 734", "region_code": "4413310500", "memo": "" }, "geometry": { "type": "Polygon", "coordinates": [ [ [ 127.135435, 36.843486 ], [ 127.135243, 36.843486 ], [ 127.135242, 36.843407 ], [ 127.135435, 36.843407 ], [ 127.135435, 36.843486 ] ] ] } },
{ "type": "Feature", "properties": { "id": 82431, "model": "building", "type": "3", "accuracy": "92.2", "area": "3201.89", "address": "충청남도 천안시 서북구 성성동 510", "region_code": "4413310500", "memo": "" }, "geometry": { "type": "Polygon", "coordinates": [ [ [ 127.111983, 36.843064 ], [ 127.112148, 36.843637 ], [ 127.111806, 36.843701 ], [ 127.11164, 36.843128 ], [ 127.111983, 36.843064 ] ] ] } },
{ "type": "Feature", "properties": { "id": 82432, "model": "building", "type": "2", "accuracy": "82.03", "area": "181.01", "address": "충청남도 천안시 서북구 성성동 510", "region_code": "4413310500", "memo": "" }, "geometry": { "type": "Polygon", "coordinates": [ [ [ 127.117977, 36.843434 ], [ 127.117946, 36.843316 ], [ 127.118041, 36.8433 ], [ 127.118072, 36.843417 ], [ 127.117977, 36.843434 ] ] ] } },
{ "type": "Feature", "properties": { "id": 82435, "model": "building", "type": "3", "accuracy": "92.02", "area": "3537.88", "address": "충청남도 천안시 서북구 성성동 510", "region_code": "4413310500", "memo": "" }, "geometry": { "type": "Polygon", "coordinates": [ [ [ 127.117776, 36.843051 ], [ 127.117753, 36.84353 ], [ 127.117276, 36.843515 ], [ 127.117299, 36.843037 ], [ 127.117776, 36.843051 ] ] ] } },
{ "type": "Feature", "properties": { "id": 82444, "model": "building", "type": "3", "accuracy": "91.14", "area": "265.74", "address": "충청남도 천안시 서북구 성성동 510", "region_code": "4413310500", "memo": "" }, "geometry": { "type": "Polygon", "coordinates": [ [ [ 127.117131, 36.84316 ], [ 127.117036, 36.84294 ], [ 127.117106, 36.84292 ], [ 127.117201, 36.843141 ], [ 127.117131, 36.84316 ] ] ] } },
{ "type": "Feature", "properties": { "id": 82450, "model": "building", "type": "1", "accuracy": "88.05", "area": "224.76", "address": "충청남도 천안시 서북구 성성동 237", "region_code": "4413310500", "memo": "" }, "geometry": { "type": "Polygon", "coordinates": [ [ [ 127.129493, 36.84294 ], [ 127.129337, 36.842935 ], [ 127.129342, 36.842842 ], [ 127.129498, 36.842847 ], [ 127.129493, 36.84294 ] ] ] } },
{ "type": "Feature", "properties": { "id": 82455, "model": "building", "type": "3", "accuracy": "85.59", "area": "196.44", "address": "충청남도 천안시 서북구 성성동 734", "region_code": "4413310500", "memo": "" }, "geometry": { "type": "Polygon", "coordinates": [ [ [ 127.136447, 36.842745 ], [ 127.136452, 36.842851 ], [ 127.136331, 36.842854 ], [ 127.136327, 36.842749 ], [ 127.136447, 36.842745 ] ] ] } },
{ "type": "Feature", "properties": { "id": 82456, "model": "building", "type": "3", "accuracy": "77.42", "area": "259.88", "address": "충청남도 천안시 서북구 부대동 45-1", "region_code": "4413311100", "memo": "" }, "geometry": { "type": "Polygon", "coordinates": [ [ [ 127.162561, 36.842677 ], [ 127.162385, 36.842835 ], [ 127.162326, 36.842792 ], [ 127.162502, 36.842635 ], [ 127.162561, 36.842677 ] ] ] } },
{ "type": "Feature", "properties": { "id": 82458, "model": "building", "type": "3", "accuracy": "95.43", "area": "2280.74", "address": "충청남도 천안시 서북구 성성동 510", "region_code": "4413310500", "memo": "" }, "geometry": { "type": "Polygon", "coordinates": [ [ [ 127.111745, 36.842719 ], [ 127.112333, 36.842552 ], [ 127.112431, 36.842775 ], [ 127.111843, 36.842942 ], [ 127.111745, 36.842719 ] ] ] } },
{ "type": "Feature", "properties": { "id": 82459, "model": "building", "type": "1", "accuracy": "88.67", "area": "135.23", "address": "충청남도 천안시 서북구 성성동 237-1", "region_code": "4413310500", "memo": "" }, "geometry": { "type": "Polygon", "coordinates": [ [ [ 127.129322, 36.842715 ], [ 127.129439, 36.842715 ], [ 127.129439, 36.84279 ], [ 127.129322, 36.84279 ], [ 127.129322, 36.842715 ] ] ] } },
{ "type": "Feature", "properties": { "id": 82460, "model": "building", "type": "3", "accuracy": "91.25", "area": "531.17", "address": "충청남도 천안시 서북구 부대동 837", "region_code": "4413311100", "memo": "" }, "geometry": { "type": "Polygon", "coordinates": [ [ [ 127.148466, 36.842833 ], [ 127.148283, 36.842781 ], [ 127.148357, 36.842615 ], [ 127.14854, 36.842667 ], [ 127.148466, 36.842833 ] ] ] } },
{ "type": "Feature", "properties": { "id": 82461, "model": "building", "type": "3", "accuracy": "72.36", "area": "254.11", "address": "충청남도 천안시 서북구 성성동 510", "region_code": "4413310500", "memo": "" }, "geometry": { "type": "Polygon", "coordinates": [ [ [ 127.117642, 36.842727 ], [ 127.117336, 36.842813 ], [ 127.117315, 36.842765 ], [ 127.117621, 36.842679 ], [ 127.117642, 36.842727 ] ] ] } },
{ "type": "Feature", "properties": { "id": 82462, "model": "building", "type": "3", "accuracy": "88.13", "area": "275.15", "address": "충청남도 천안시 서북구 성성동 734", "region_code": "4413310500", "memo": "" }, "geometry": { "type": "Polygon", "coordinates": [ [ [ 127.13403, 36.842795 ], [ 127.134028, 36.842643 ], [ 127.134145, 36.842642 ], [ 127.134146, 36.842794 ], [ 127.13403, 36.842795 ] ] ] } },
{ "type": "Feature", "properties": { "id": 82465, "model": "building", "type": "3", "accuracy": "81.69", "area": "437.79", "address": "충청남도 천안시 서북구 성성동 33-4", "region_code": "4413310500", "memo": "" }, "geometry": { "type": "Polygon", "coordinates": [ [ [ 127.139439, 36.842527 ], [ 127.139678, 36.842553 ], [ 127.139658, 36.842669 ], [ 127.139419, 36.842643 ], [ 127.139439, 36.842527 ] ] ] } },
{ "type": "Feature", "properties": { "id": 82466, "model": "building", "type": "2", "accuracy": "90.3", "area": "238.92", "address": "충청남도 천안시 서북구 부대동 46", "region_code": "4413311100", "memo": "" }, "geometry": { "type": "Polygon", "coordinates": [ [ [ 127.162677, 36.842466 ], [ 127.162795, 36.842574 ], [ 127.162715, 36.842631 ], [ 127.162597, 36.842522 ], [ 127.162677, 36.842466 ] ] ] } },
{ "type": "Feature", "properties": { "id": 82475, "model": "building", "type": "1", "accuracy": "92.39", "area": "898.49", "address": "충청남도 천안시 서북구 성성동 1-82", "region_code": "4413310500", "memo": "" }, "geometry": { "type": "Polygon", "coordinates": [ [ [ 127.142634, 36.84244 ], [ 127.142086, 36.84244 ], [ 127.142086, 36.842334 ], [ 127.142633, 36.842334 ], [ 127.142634, 36.84244 ] ] ] } },
{ "type": "Feature", "properties": { "id": 82477, "model": "building", "type": "3", "accuracy": "65.14", "area": "156.39", "address": "충청남도 천안시 서북구 성성동 734", "region_code": "4413310500", "memo": "" }, "geometry": { "type": "Polygon", "coordinates": [ [ [ 127.13406, 36.84237 ], [ 127.134077, 36.842248 ], [ 127.134159, 36.842256 ], [ 127.134142, 36.842377 ], [ 127.13406, 36.84237 ] ] ] } },
{ "type": "Feature", "properties": { "id": 82478, "model": "building", "type": "1", "accuracy": "86.62", "area": "504.42", "address": "충청남도 천안시 서북구 성성동 508", "region_code": "4413310500", "memo": "" }, "geometry": { "type": "Polygon", "coordinates": [ [ [ 127.118842, 36.8423 ], [ 127.119065, 36.842231 ], [ 127.119126, 36.842358 ], [ 127.118903, 36.842427 ], [ 127.118842, 36.8423 ] ] ] } },
{ "type": "Feature", "properties": { "id": 82479, "model": "building", "type": "3", "accuracy": "85.6", "area": "221.70", "address": "충청남도 천안시 서북구 성성동 750", "region_code": "4413310500", "memo": "" }, "geometry": { "type": "Polygon", "coordinates": [ [ [ 127.137936, 36.842229 ], [ 127.137931, 36.842338 ], [ 127.1378, 36.842333 ], [ 127.137805, 36.842224 ], [ 127.137936, 36.842229 ] ] ] } },
{ "type": "Feature", "properties": { "id": 82480, "model": "building", "type": "3", "accuracy": "90.24", "area": "174.47", "address": "충청남도 천안시 서북구 성성동 121-1", "region_code": "4413310500", "memo": "" }, "geometry": { "type": "Polygon", "coordinates": [ [ [ 127.130417, 36.842361 ], [ 127.130297, 36.842279 ], [ 127.130355, 36.842225 ], [ 127.130475, 36.842307 ], [ 127.130417, 36.842361 ] ] ] } },
{ "type": "Feature", "properties": { "id": 82483, "model": "building", "type": "3", "accuracy": "84.97", "area": "2248.67", "address": "충청남도 천안시 서북구 성성동 917", "region_code": "4413310500", "memo": "" }, "geometry": { "type": "Polygon", "coordinates": [ [ [ 127.12554, 36.842087 ], [ 127.125535, 36.842387 ], [ 127.125051, 36.842381 ], [ 127.125056, 36.842082 ], [ 127.12554, 36.842087 ] ] ] } },
{ "type": "Feature", "properties": { "id": 82487, "model": "building", "type": "3", "accuracy": "79.43", "area": "174.62", "address": "충청남도 천안시 서북구 성성동 510", "region_code": "4413310500", "memo": "" }, "geometry": { "type": "Polygon", "coordinates": [ [ [ 127.110881, 36.842089 ], [ 127.110991, 36.842052 ], [ 127.111037, 36.842139 ], [ 127.110927, 36.842176 ], [ 127.110881, 36.842089 ] ] ] } },
{ "type": "Feature", "properties": { "id": 82493, "model": "building", "type": "3", "accuracy": "72.8", "area": "1176.06", "address": "충청남도 천안시 서북구 성성동 510", "region_code": "4413310500", "memo": "" }, "geometry": { "type": "Polygon", "coordinates": [ [ [ 127.110685, 36.84222 ], [ 127.11065, 36.841817 ], [ 127.110838, 36.841807 ], [ 127.110873, 36.84221 ], [ 127.110685, 36.84222 ] ] ] } },
{ "type": "Feature", "properties": { "id": 82503, "model": "building", "type": "1", "accuracy": "95.99", "area": "451.85", "address": "충청남도 천안시 서북구 성성동 510", "region_code": "4413310500", "memo": "" }, "geometry": { "type": "Polygon", "coordinates": [ [ [ 127.111179, 36.841852 ], [ 127.110941, 36.841927 ], [ 127.110889, 36.841821 ], [ 127.111127, 36.841745 ], [ 127.111179, 36.841852 ] ] ] } },
{ "type": "Feature", "properties": { "id": 82506, "model": "building", "type": "2", "accuracy": "87.98", "area": "205.16", "address": "충청남도 천안시 서북구 성성동 510", "region_code": "4413310500", "memo": "" }, "geometry": { "type": "Polygon", "coordinates": [ [ [ 127.111971, 36.841759 ], [ 127.111923, 36.841614 ], [ 127.112008, 36.841596 ], [ 127.112056, 36.841741 ], [ 127.111971, 36.841759 ] ] ] } },
{ "type": "Feature", "properties": { "id": 82513, "model": "building", "type": "1", "accuracy": "82.97", "area": "404.19", "address": "충청남도 천안시 서북구 성성동 510", "region_code": "4413310500", "memo": "" }, "geometry": { "type": "Polygon", "coordinates": [ [ [ 127.115834, 36.841537 ], [ 127.115758, 36.84141 ], [ 127.115926, 36.841346 ], [ 127.116001, 36.841472 ], [ 127.115834, 36.841537 ] ] ] } },
{ "type": "Feature", "properties": { "id": 82514, "model": "building", "type": "3", "accuracy": "87.83", "area": "149.33", "address": "충청남도 천안시 서북구 성성동 510", "region_code": "4413310500", "memo": "" }, "geometry": { "type": "Polygon", "coordinates": [ [ [ 127.115894, 36.841466 ], [ 127.115802, 36.841494 ], [ 127.11576, 36.841401 ], [ 127.115851, 36.841374 ], [ 127.115894, 36.841466 ] ] ] } },
{ "type": "Feature", "properties": { "id": 82522, "model": "building", "type": "3", "accuracy": "96.27", "area": "8717.18", "address": "충청남도 천안시 서북구 성성동 953", "region_code": "4413310500", "memo": "" }, "geometry": { "type": "Polygon", "coordinates": [ [ [ 127.124747, 36.840842 ], [ 127.124748, 36.841428 ], [ 127.123787, 36.841429 ], [ 127.123786, 36.840843 ], [ 127.124747, 36.840842 ] ] ] } },
{ "type": "Feature", "properties": { "id": 82526, "model": "building", "type": "3", "accuracy": "87.98", "area": "155.29", "address": "충청남도 천안시 서북구 성성동 652", "region_code": "4413310500", "memo": "" }, "geometry": { "type": "Polygon", "coordinates": [ [ [ 127.128633, 36.84095 ], [ 127.128771, 36.840974 ], [ 127.128752, 36.841043 ], [ 127.128614, 36.841019 ], [ 127.128633, 36.84095 ] ] ] } },
{ "type": "Feature", "properties": { "id": 82531, "model": "building", "type": "3", "accuracy": "86.07", "area": "569.69", "address": "충청남도 천안시 서북구 성성동 853", "region_code": "4413310500", "memo": "" }, "geometry": { "type": "Polygon", "coordinates": [ [ [ 127.123248, 36.840695 ], [ 127.122996, 36.840691 ], [ 127.123001, 36.840545 ], [ 127.123253, 36.840549 ], [ 127.123248, 36.840695 ] ] ] } },
{ "type": "Feature", "properties": { "id": 82533, "model": "building", "type": "1", "accuracy": "96.82", "area": "658.03", "address": "충청남도 천안시 동남구 안서동 447-4", "region_code": "4413111900", "memo": "" }, "geometry": { "type": "Polygon", "coordinates": [ [ [ 127.173731, 36.840439 ], [ 127.173996, 36.840333 ], [ 127.174076, 36.840461 ], [ 127.173811, 36.840567 ], [ 127.173731, 36.840439 ] ] ] } },
{ "type": "Feature", "properties": { "id": 82536, "model": "building", "type": "3", "accuracy": "86.19", "area": "2481.73", "address": "충청남도 천안시 서북구 차암동 429", "region_code": "4413310600", "memo": "" }, "geometry": { "type": "Polygon", "coordinates": [ [ [ 127.108491, 36.840449 ], [ 127.108972, 36.840156 ], [ 127.109172, 36.840367 ], [ 127.108691, 36.840661 ], [ 127.108491, 36.840449 ] ] ] } },
{ "type": "Feature", "properties": { "id": 82540, "model": "building", "type": "1", "accuracy": "97.31", "area": "464.11", "address": "충청남도 천안시 서북구 성성동 859", "region_code": "4413310500", "memo": "" }, "geometry": { "type": "Polygon", "coordinates": [ [ [ 127.123076, 36.840446 ], [ 127.123063, 36.840251 ], [ 127.123216, 36.840244 ], [ 127.123229, 36.840439 ], [ 127.123076, 36.840446 ] ] ] } },
{ "type": "Feature", "properties": { "id": 82548, "model": "building", "type": "2", "accuracy": "97.07", "area": "217.54", "address": "충청남도 천안시 동남구 안서동 447-4", "region_code": "4413111900", "memo": "" }, "geometry": { "type": "Polygon", "coordinates": [ [ [ 127.17358, 36.840143 ], [ 127.173705, 36.840086 ], [ 127.173765, 36.840171 ], [ 127.173639, 36.840228 ], [ 127.17358, 36.840143 ] ] ] } },
{ "type": "Feature", "properties": { "id": 82549, "model": "building", "type": "3", "accuracy": "92.3", "area": "2143.13", "address": "충청남도 천안시 서북구 차암동 429", "region_code": "4413310600", "memo": "" }, "geometry": { "type": "Polygon", "coordinates": [ [ [ 127.108273, 36.840137 ], [ 127.108652, 36.839954 ], [ 127.108853, 36.840223 ], [ 127.108474, 36.840406 ], [ 127.108273, 36.840137 ] ] ] } },
{ "type": "Feature", "properties": { "id": 82550, "model": "building", "type": "3", "accuracy": "84.18", "area": "913.18", "address": "충청남도 천안시 서북구 부대동 155-4", "region_code": "4413311100", "memo": "" }, "geometry": { "type": "Polygon", "coordinates": [ [ [ 127.153951, 36.840045 ], [ 127.154353, 36.840063 ], [ 127.154343, 36.840209 ], [ 127.153941, 36.840191 ], [ 127.153951, 36.840045 ] ] ] } },
{ "type": "Feature", "properties": { "id": 82552, "model": "building", "type": "3", "accuracy": "75.78", "area": "323.13", "address": "충청남도 천안시 서북구 차암동 429", "region_code": "4413310600", "memo": "" }, "geometry": { "type": "Polygon", "coordinates": [ [ [ 127.108856, 36.840207 ], [ 127.108758, 36.840041 ], [ 127.10886, 36.840002 ], [ 127.108959, 36.840168 ], [ 127.108856, 36.840207 ] ] ] } },
{ "type": "Feature", "properties": { "id": 82553, "model": "building", "type": "1", "accuracy": "73.13", "area": "329.23", "address": "충청남도 천안시 서북구 부대동 155-4", "region_code": "4413311100", "memo": "" }, "geometry": { "type": "Polygon", "coordinates": [ [ [ 127.15399, 36.840002 ], [ 127.154341, 36.840002 ], [ 127.154341, 36.840062 ], [ 127.15399, 36.840063 ], [ 127.15399, 36.840002 ] ] ] } },
{ "type": "Feature", "properties": { "id": 82554, "model": "building", "type": "3", "accuracy": "81.56", "area": "263.25", "address": "충청남도 천안시 서북구 부대동 155-4", "region_code": "4413311100", "memo": "" }, "geometry": { "type": "Polygon", "coordinates": [ [ [ 127.154235, 36.840031 ], [ 127.153973, 36.840054 ], [ 127.153965, 36.839989 ], [ 127.154226, 36.839966 ], [ 127.154235, 36.840031 ] ] ] } },
{ "type": "Feature", "properties": { "id": 82555, "model": "building", "type": "1", "accuracy": "82.55", "area": "3088.35", "address": "충청남도 천안시 서북구 차암동 429", "region_code": "4413310600", "memo": "" }, "geometry": { "type": "Polygon", "coordinates": [ [ [ 127.10897, 36.840171 ], [ 127.108495, 36.840385 ], [ 127.108272, 36.840066 ], [ 127.108747, 36.839852 ], [ 127.10897, 36.840171 ] ] ] } },
{ "type": "Feature", "properties": { "id": 82558, "model": "building", "type": "3", "accuracy": "85.83", "area": "1257.01", "address": "충청남도 천안시 서북구 성성동 411-6", "region_code": "4413310500", "memo": "" }, "geometry": { "type": "Polygon", "coordinates": [ [ [ 127.120466, 36.839693 ], [ 127.120469, 36.839898 ], [ 127.120073, 36.839902 ], [ 127.12007, 36.839697 ], [ 127.120466, 36.839693 ] ] ] } },
{ "type": "Feature", "properties": { "id": 82562, "model": "building", "type": "1", "accuracy": "94.74", "area": "816.20", "address": "충청남도 천안시 서북구 차암동 345-9", "region_code": "4413310600", "memo": "" }, "geometry": { "type": "Polygon", "coordinates": [ [ [ 127.103184, 36.839791 ], [ 127.103113, 36.839637 ], [ 127.103413, 36.839547 ], [ 127.103485, 36.839701 ], [ 127.103184, 36.839791 ] ] ] } },
{ "type": "Feature", "properties": { "id": 82563, "model": "building", "type": "1", "accuracy": "96.51", "area": "1829.24", "address": "충청남도 천안시 서북구 차암동 404", "region_code": "4413310600", "memo": "" }, "geometry": { "type": "Polygon", "coordinates": [ [ [ 127.109936, 36.839636 ], [ 127.110426, 36.839482 ], [ 127.110527, 36.839692 ], [ 127.110038, 36.839845 ], [ 127.109936, 36.839636 ] ] ] } },
{ "type": "Feature", "properties": { "id": 82564, "model": "building", "type": "3", "accuracy": "89.04", "area": "145.59", "address": "충청남도 천안시 서북구 차암동 336-4", "region_code": "4413310600", "memo": "" }, "geometry": { "type": "Polygon", "coordinates": [ [ [ 127.101927, 36.839518 ], [ 127.101903, 36.839635 ], [ 127.101825, 36.839625 ], [ 127.101849, 36.839508 ], [ 127.101927, 36.839518 ] ] ] } },
{ "type": "Feature", "properties": { "id": 82565, "model": "building", "type": "1", "accuracy": "96.75", "area": "871.69", "address": "충청남도 천안시 서북구 차암동 345-17", "region_code": "4413310600", "memo": "" }, "geometry": { "type": "Polygon", "coordinates": [ [ [ 127.102918, 36.839532 ], [ 127.103005, 36.839239 ], [ 127.103187, 36.839274 ], [ 127.1031, 36.839567 ], [ 127.102918, 36.839532 ] ] ] } },
{ "type": "Feature", "properties": { "id": 82566, "model": "building", "type": "3", "accuracy": "89.71", "area": "369.04", "address": "충청남도 천안시 서북구 백석동 1047", "region_code": "4413310300", "memo": "" }, "geometry": { "type": "Polygon", "coordinates": [ [ [ 127.1222, 36.838854 ], [ 127.1222, 36.838923 ], [ 127.121855, 36.838924 ], [ 127.121855, 36.838854 ], [ 127.1222, 36.838854 ] ] ] } },
{ "type": "Feature", "properties": { "id": 82567, "model": "building", "type": "1", "accuracy": "88.44", "area": "110.28", "address": "충청남도 천안시 서북구 차암동 343-1", "region_code": "4413310600", "memo": "" }, "geometry": { "type": "Polygon", "coordinates": [ [ [ 127.102861, 36.838841 ], [ 127.102952, 36.838837 ], [ 127.102958, 36.838914 ], [ 127.102867, 36.838919 ], [ 127.102861, 36.838841 ] ] ] } },
{ "type": "Feature", "properties": { "id": 82568, "model": "building", "type": "1", "accuracy": "97.59", "area": "286.72", "address": "충청남도 천안시 서북구 차암동 389-4", "region_code": "4413310600", "memo": "" }, "geometry": { "type": "Polygon", "coordinates": [ [ [ 127.1029, 36.838705 ], [ 127.103094, 36.838697 ], [ 127.1031, 36.838792 ], [ 127.102906, 36.8388 ], [ 127.1029, 36.838705 ] ] ] } },
{ "type": "Feature", "properties": { "id": 82569, "model": "building", "type": "3", "accuracy": "79.42", "area": "439.94", "address": "충청남도 천안시 서북구 두정동 393-10", "region_code": "4413310400", "memo": "" }, "geometry": { "type": "Polygon", "coordinates": [ [ [ 127.15408, 36.838621 ], [ 127.154522, 36.838642 ], [ 127.154518, 36.838706 ], [ 127.154075, 36.838685 ], [ 127.15408, 36.838621 ] ] ] } },
{ "type": "Feature", "properties": { "id": 82570, "model": "building", "type": "3", "accuracy": "95.56", "area": "2300.56", "address": "충청남도 천안시 서북구 성성동 1004", "region_code": "4413310500", "memo": "" }, "geometry": { "type": "Polygon", "coordinates": [ [ [ 127.12501, 36.838997 ], [ 127.124599, 36.8387 ], [ 127.124822, 36.8385 ], [ 127.125234, 36.838797 ], [ 127.12501, 36.838997 ] ] ] } },
{ "type": "Feature", "properties": { "id": 82572, "model": "building", "type": "3", "accuracy": "95.56", "area": "3077.68", "address": "충청남도 천안시 서북구 성성동 1004", "region_code": "4413310500", "memo": "" }, "geometry": { "type": "Polygon", "coordinates": [ [ [ 127.12428, 36.839028 ], [ 127.123776, 36.838672 ], [ 127.124019, 36.838449 ], [ 127.124523, 36.838805 ], [ 127.12428, 36.839028 ] ] ] } },
{ "type": "Feature", "properties": { "id": 82573, "model": "building", "type": "3", "accuracy": "96.32", "area": "2974.70", "address": "충청남도 천안시 서북구 성성동 1004", "region_code": "4413310500", "memo": "" }, "geometry": { "type": "Polygon", "coordinates": [ [ [ 127.126129, 36.838751 ], [ 127.125916, 36.838982 ], [ 127.125379, 36.838661 ], [ 127.125592, 36.838431 ], [ 127.126129, 36.838751 ] ] ] } },
{ "type": "Feature", "properties": { "id": 82575, "model": "building", "type": "3", "accuracy": "71.98", "area": "240.80", "address": "충청남도 천안시 서북구 백석동 1049", "region_code": "4413310300", "memo": "" }, "geometry": { "type": "Polygon", "coordinates": [ [ [ 127.121046, 36.838549 ], [ 127.121105, 36.838686 ], [ 127.121003, 36.838714 ], [ 127.120945, 36.838576 ], [ 127.121046, 36.838549 ] ] ] } },
{ "type": "Feature", "properties": { "id": 82580, "model": "building", "type": "3", "accuracy": "80.7", "area": "289.59", "address": "충청남도 천안시 서북구 백석동 1049", "region_code": "4413310300", "memo": "" }, "geometry": { "type": "Polygon", "coordinates": [ [ [ 127.120194, 36.838628 ], [ 127.120072, 36.838664 ], [ 127.12001, 36.838529 ], [ 127.120133, 36.838493 ], [ 127.120194, 36.838628 ] ] ] } },
{ "type": "Feature", "properties": { "id": 82584, "model": "building", "type": "2", "accuracy": "84.38", "area": "271.83", "address": "충청남도 천안시 서북구 성성동 511-4", "region_code": "4413310500", "memo": "" }, "geometry": { "type": "Polygon", "coordinates": [ [ [ 127.117109, 36.838381 ], [ 127.117284, 36.83832 ], [ 127.117329, 36.838404 ], [ 127.117154, 36.838465 ], [ 127.117109, 36.838381 ] ] ] } },
{ "type": "Feature", "properties": { "id": 82585, "model": "building", "type": "3", "accuracy": "56.68", "area": "200.96", "address": "충청남도 천안시 서북구 두정동 1588", "region_code": "4413310400", "memo": "" }, "geometry": { "type": "Polygon", "coordinates": [ [ [ 127.143844, 36.83843 ], [ 127.143863, 36.83829 ], [ 127.143954, 36.838298 ], [ 127.143936, 36.838437 ], [ 127.143844, 36.83843 ] ] ] } },
{ "type": "Feature", "properties": { "id": 82590, "model": "building", "type": "3", "accuracy": "83.36", "area": "322.52", "address": "충청남도 천안시 서북구 두정동 1073-1", "region_code": "4413310400", "memo": "" }, "geometry": { "type": "Polygon", "coordinates": [ [ [ 127.134487, 36.838229 ], [ 127.134697, 36.838224 ], [ 127.134702, 36.838322 ], [ 127.134491, 36.838328 ], [ 127.134487, 36.838229 ] ] ] } },
{ "type": "Feature", "properties": { "id": 82592, "model": "building", "type": "1", "accuracy": "96.27", "area": "136.74", "address": "충청남도 천안시 서북구 두정동 393-27", "region_code": "4413310400", "memo": "" }, "geometry": { "type": "Polygon", "coordinates": [ [ [ 127.153466, 36.838177 ], [ 127.153642, 36.838182 ], [ 127.15364, 36.838232 ], [ 127.153464, 36.838227 ], [ 127.153466, 36.838177 ] ] ] } },
{ "type": "Feature", "properties": { "id": 82594, "model": "building", "type": "3", "accuracy": "93.08", "area": "780.67", "address": "충청남도 천안시 서북구 성성동 1004", "region_code": "4413310500", "memo": "" }, "geometry": { "type": "Polygon", "coordinates": [ [ [ 127.125498, 36.838341 ], [ 127.12522, 36.83816 ], [ 127.12533, 36.83805 ], [ 127.125608, 36.838231 ], [ 127.125498, 36.838341 ] ] ] } },
{ "type": "Feature", "properties": { "id": 82598, "model": "building", "type": "3", "accuracy": "80.27", "area": "358.15", "address": "충청남도 천안시 서북구 두정동 1864", "region_code": "4413310400", "memo": "" }, "geometry": { "type": "Polygon", "coordinates": [ [ [ 127.132733, 36.83817 ], [ 127.132783, 36.837966 ], [ 127.132892, 36.837984 ], [ 127.132842, 36.838187 ], [ 127.132733, 36.83817 ] ] ] } },
{ "type": "Feature", "properties": { "id": 82602, "model": "building", "type": "3", "accuracy": "96.37", "area": "2802.70", "address": "충청남도 천안시 서북구 성성동 1004", "region_code": "4413310500", "memo": "" }, "geometry": { "type": "Polygon", "coordinates": [ [ [ 127.12408, 36.83831 ], [ 127.123566, 36.83802 ], [ 127.123772, 36.837784 ], [ 127.124286, 36.838074 ], [ 127.12408, 36.83831 ] ] ] } },
{ "type": "Feature", "properties": { "id": 82603, "model": "building", "type": "3", "accuracy": "97.25", "area": "2374.24", "address": "충청남도 천안시 서북구 성성동 1004", "region_code": "4413310500", "memo": "" }, "geometry": { "type": "Polygon", "coordinates": [ [ [ 127.124651, 36.838071 ], [ 127.124992, 36.837796 ], [ 127.125272, 36.83802 ], [ 127.124931, 36.838295 ], [ 127.124651, 36.838071 ] ] ] } },
{ "type": "Feature", "properties": { "id": 82609, "model": "building", "type": "3", "accuracy": "77.23", "area": "284.75", "address": "충청남도 천안시 서북구 두정동 393-21", "region_code": "4413310400", "memo": "" }, "geometry": { "type": "Polygon", "coordinates": [ [ [ 127.152958, 36.837808 ], [ 127.15302, 36.837721 ], [ 127.153179, 36.837795 ], [ 127.153116, 36.837882 ], [ 127.152958, 36.837808 ] ] ] } },
{ "type": "Feature", "properties": { "id": 82610, "model": "building", "type": "1", "accuracy": "86.56", "area": "408.68", "address": "충청남도 천안시 서북구 성성동 1004", "region_code": "4413310500", "memo": "" }, "geometry": { "type": "Polygon", "coordinates": [ [ [ 127.124622, 36.837882 ], [ 127.12445, 36.83775 ], [ 127.124546, 36.837669 ], [ 127.124717, 36.837801 ], [ 127.124622, 36.837882 ] ] ] } },
{ "type": "Feature", "properties": { "id": 82611, "model": "building", "type": "3", "accuracy": "64.93", "area": "295.65", "address": "충청남도 천안시 서북구 두정동 1895-1", "region_code": "4413310400", "memo": "" }, "geometry": { "type": "Polygon", "coordinates": [ [ [ 127.131178, 36.837749 ], [ 127.130952, 36.837772 ], [ 127.130938, 36.837689 ], [ 127.131165, 36.837666 ], [ 127.131178, 36.837749 ] ] ] } },
{ "type": "Feature", "properties": { "id": 82612, "model": "building", "type": "3", "accuracy": "94.25", "area": "350.36", "address": "충청남도 천안시 서북구 두정동 1179", "region_code": "4413310400", "memo": "" }, "geometry": { "type": "Polygon", "coordinates": [ [ [ 127.13986, 36.837653 ], [ 127.140061, 36.837643 ], [ 127.140069, 36.837756 ], [ 127.139868, 36.837765 ], [ 127.13986, 36.837653 ] ] ] } },
{ "type": "Feature", "properties": { "id": 82614, "model": "building", "type": "3", "accuracy": "85.15", "area": "645.05", "address": "충청남도 천안시 서북구 두정동 393-21", "region_code": "4413310400", "memo": "" }, "geometry": { "type": "Polygon", "coordinates": [ [ [ 127.152718, 36.83784 ], [ 127.152595, 36.837754 ], [ 127.152803, 36.83756 ], [ 127.152926, 36.837646 ], [ 127.152718, 36.83784 ] ] ] } },
{ "type": "Feature", "properties": { "id": 82618, "model": "building", "type": "3", "accuracy": "96.86", "area": "1484.88", "address": "충청남도 천안시 서북구 두정동 393-21", "region_code": "4413310400", "memo": "" }, "geometry": { "type": "Polygon", "coordinates": [ [ [ 127.152297, 36.837503 ], [ 127.152029, 36.837721 ], [ 127.151807, 36.837544 ], [ 127.152075, 36.837326 ], [ 127.152297, 36.837503 ] ] ] } },
{ "type": "Feature", "properties": { "id": 82624, "model": "building", "type": "3", "accuracy": "94.79", "area": "2376.70", "address": "충청남도 천안시 서북구 성성동 1004", "region_code": "4413310500", "memo": "" }, "geometry": { "type": "Polygon", "coordinates": [ [ [ 127.123619, 36.837638 ], [ 127.123281, 36.837317 ], [ 127.123559, 36.837127 ], [ 127.123898, 36.837448 ], [ 127.123619, 36.837638 ] ] ] } },
{ "type": "Feature", "properties": { "id": 82628, "model": "building", "type": "3", "accuracy": "61.53", "area": "170.25", "address": "충청남도 천안시 서북구 두정동 1887", "region_code": "4413310400", "memo": "" }, "geometry": { "type": "Polygon", "coordinates": [ [ [ 127.131763, 36.837293 ], [ 127.131886, 36.837289 ], [ 127.13189, 36.837379 ], [ 127.131767, 36.837383 ], [ 127.131763, 36.837293 ] ] ] } },
{ "type": "Feature", "properties": { "id": 82629, "model": "building", "type": "3", "accuracy": "96.96", "area": "1517.05", "address": "충청남도 천안시 서북구 두정동 393-21", "region_code": "4413310400", "memo": "" }, "geometry": { "type": "Polygon", "coordinates": [ [ [ 127.152597, 36.837347 ], [ 127.152845, 36.837143 ], [ 127.153091, 36.837335 ], [ 127.152843, 36.83754 ], [ 127.152597, 36.837347 ] ] ] } },
{ "type": "Feature", "properties": { "id": 82630, "model": "building", "type": "3", "accuracy": "95.58", "area": "3204.88", "address": "충청남도 천안시 서북구 성성동 1004", "region_code": "4413310500", "memo": "" }, "geometry": { "type": "Polygon", "coordinates": [ [ [ 127.124802, 36.837428 ], [ 127.12457, 36.837662 ], [ 127.124029, 36.837317 ], [ 127.124261, 36.837082 ], [ 127.124802, 36.837428 ] ] ] } },
{ "type": "Feature", "properties": { "id": 82632, "model": "building", "type": "3", "accuracy": "85.95", "area": "2132.29", "address": "충청남도 천안시 서북구 백석동 1057", "region_code": "4413310300", "memo": "" }, "geometry": { "type": "Polygon", "coordinates": [ [ [ 127.120247, 36.837421 ], [ 127.119795, 36.837546 ], [ 127.119678, 36.837273 ], [ 127.120131, 36.837149 ], [ 127.120247, 36.837421 ] ] ] } },
{ "type": "Feature", "properties": { "id": 82633, "model": "building", "type": "1", "accuracy": "96.89", "area": "802.27", "address": "충청남도 천안시 서북구 두정동 393-56", "region_code": "4413310400", "memo": "" }, "geometry": { "type": "Polygon", "coordinates": [ [ [ 127.154716, 36.837072 ], [ 127.154675, 36.83744 ], [ 127.154536, 36.83743 ], [ 127.154576, 36.837062 ], [ 127.154716, 36.837072 ] ] ] } },
{ "type": "Feature", "properties": { "id": 82637, "model": "building", "type": "3", "accuracy": "95.63", "area": "1583.02", "address": "충청남도 천안시 서북구 두정동 393-21", "region_code": "4413310400", "memo": "" }, "geometry": { "type": "Polygon", "coordinates": [ [ [ 127.152347, 36.837102 ], [ 127.15211, 36.837333 ], [ 127.151847, 36.837159 ], [ 127.152084, 36.836927 ], [ 127.152347, 36.837102 ] ] ] } },
{ "type": "Feature", "properties": { "id": 82639, "model": "building", "type": "3", "accuracy": "64.54", "area": "411.83", "address": "충청남도 천안시 서북구 두정동 401-1", "region_code": "4413310400", "memo": "" }, "geometry": { "type": "Polygon", "coordinates": [ [ [ 127.157185, 36.837166 ], [ 127.156928, 36.837083 ], [ 127.156973, 36.836994 ], [ 127.15723, 36.837077 ], [ 127.157185, 36.837166 ] ] ] } },
{ "type": "Feature", "properties": { "id": 82641, "model": "building", "type": "3", "accuracy": "79.67", "area": "282.03", "address": "충청남도 천안시 서북구 두정동 1891", "region_code": "4413310400", "memo": "" }, "geometry": { "type": "Polygon", "coordinates": [ [ [ 127.131245, 36.836991 ], [ 127.13128, 36.837138 ], [ 127.13116, 36.837156 ], [ 127.131125, 36.837009 ], [ 127.131245, 36.836991 ] ] ] } },
{ "type": "Feature", "properties": { "id": 82646, "model": "building", "type": "3", "accuracy": "96.35", "area": "1445.92", "address": "충청남도 천안시 서북구 두정동 393-21", "region_code": "4413310400", "memo": "" }, "geometry": { "type": "Polygon", "coordinates": [ [ [ 127.15291, 36.837122 ], [ 127.152646, 36.836936 ], [ 127.152864, 36.836736 ], [ 127.153128, 36.836922 ], [ 127.15291, 36.837122 ] ] ] } },
{ "type": "Feature", "properties": { "id": 82647, "model": "building", "type": "1", "accuracy": "98.03", "area": "266.26", "address": "충청남도 천안시 서북구 두정동 1718", "region_code": "4413310400", "memo": "" }, "geometry": { "type": "Polygon", "coordinates": [ [ [ 127.15083, 36.836867 ], [ 127.150843, 36.836718 ], [ 127.150959, 36.836725 ], [ 127.150945, 36.836873 ], [ 127.15083, 36.836867 ] ] ] } },
{ "type": "Feature", "properties": { "id": 82648, "model": "building", "type": "3", "accuracy": "87.21", "area": "123.75", "address": "충청남도 천안시 서북구 두정동 393-21", "region_code": "4413310400", "memo": "" }, "geometry": { "type": "Polygon", "coordinates": [ [ [ 127.153093, 36.836708 ], [ 127.15322, 36.836802 ], [ 127.153181, 36.836836 ], [ 127.153054, 36.836742 ], [ 127.153093, 36.836708 ] ] ] } },
{ "type": "Feature", "properties": { "id": 82650, "model": "building", "type": "3", "accuracy": "93.59", "area": "1396.17", "address": "충청남도 천안시 서북구 두정동 393-21", "region_code": "4413310400", "memo": "" }, "geometry": { "type": "Polygon", "coordinates": [ [ [ 127.152376, 36.836689 ], [ 127.152125, 36.836897 ], [ 127.151901, 36.836723 ], [ 127.152152, 36.836515 ], [ 127.152376, 36.836689 ] ] ] } },
{ "type": "Feature", "properties": { "id": 82651, "model": "building", "type": "1", "accuracy": "96.67", "area": "283.86", "address": "충청남도 천안시 서북구 두정동 1718-1", "region_code": "4413310400", "memo": "" }, "geometry": { "type": "Polygon", "coordinates": [ [ [ 127.150827, 36.836704 ], [ 127.150845, 36.836563 ], [ 127.150973, 36.836573 ], [ 127.150955, 36.836714 ], [ 127.150827, 36.836704 ] ] ] } },
{ "type": "Feature", "properties": { "id": 82655, "model": "building", "type": "3", "accuracy": "80.29", "area": "153.70", "address": "충청남도 천안시 서북구 두정동 399-1", "region_code": "4413310400", "memo": "" }, "geometry": { "type": "Polygon", "coordinates": [ [ [ 127.155608, 36.836547 ], [ 127.155528, 36.836497 ], [ 127.155603, 36.83642 ], [ 127.155683, 36.836469 ], [ 127.155608, 36.836547 ] ] ] } },
{ "type": "Feature", "properties": { "id": 82656, "model": "building", "type": "3", "accuracy": "91.75", "area": "1385.04", "address": "충청남도 천안시 서북구 두정동 393-21", "region_code": "4413310400", "memo": "" }, "geometry": { "type": "Polygon", "coordinates": [ [ [ 127.153173, 36.836505 ], [ 127.152954, 36.836706 ], [ 127.152702, 36.836529 ], [ 127.15292, 36.836328 ], [ 127.153173, 36.836505 ] ] ] } },
{ "type": "Feature", "properties": { "id": 82657, "model": "building", "type": "3", "accuracy": "67.6", "area": "228.62", "address": "충청남도 천안시 서북구 백석동 1070", "region_code": "4413310300", "memo": "" }, "geometry": { "type": "Polygon", "coordinates": [ [ [ 127.121023, 36.836408 ], [ 127.121192, 36.836467 ], [ 127.121153, 36.83654 ], [ 127.120983, 36.836481 ], [ 127.121023, 36.836408 ] ] ] } },
{ "type": "Feature", "properties": { "id": 82661, "model": "building", "type": "3", "accuracy": "84.1", "area": "282.72", "address": "충청남도 천안시 서북구 백석동 1070", "region_code": "4413310300", "memo": "" }, "geometry": { "type": "Polygon", "coordinates": [ [ [ 127.12104, 36.836471 ], [ 127.120901, 36.836425 ], [ 127.120959, 36.836313 ], [ 127.121098, 36.836359 ], [ 127.12104, 36.836471 ] ] ] } },
{ "type": "Feature", "properties": { "id": 82662, "model": "building", "type": "3", "accuracy": "81.39", "area": "149.13", "address": "충청남도 천안시 서북구 두정동 399-1", "region_code": "4413310400", "memo": "" }, "geometry": { "type": "Polygon", "coordinates": [ [ [ 127.155345, 36.836369 ], [ 127.155346, 36.836252 ], [ 127.155429, 36.836253 ], [ 127.155428, 36.836369 ], [ 127.155345, 36.836369 ] ] ] } },
{ "type": "Feature", "properties": { "id": 82663, "model": "building", "type": "3", "accuracy": "94.09", "area": "1360.40", "address": "충청남도 천안시 서북구 두정동 393-21", "region_code": "4413310400", "memo": "" }, "geometry": { "type": "Polygon", "coordinates": [ [ [ 127.151929, 36.83635 ], [ 127.152176, 36.836146 ], [ 127.152397, 36.836319 ], [ 127.15215, 36.836523 ], [ 127.151929, 36.83635 ] ] ] } },
{ "type": "Feature", "properties": { "id": 82664, "model": "building", "type": "3", "accuracy": "96.03", "area": "2356.91", "address": "충청남도 천안시 서북구 백석동 1222", "region_code": "4413310300", "memo": "" }, "geometry": { "type": "Polygon", "coordinates": [ [ [ 127.123241, 36.836599 ], [ 127.12281, 36.836311 ], [ 127.123027, 36.836103 ], [ 127.123457, 36.83639 ], [ 127.123241, 36.836599 ] ] ] } },
{ "type": "Feature", "properties": { "id": 82665, "model": "building", "type": "3", "accuracy": "93.32", "area": "306.80", "address": "충청남도 천안시 서북구 두정동 1013-4", "region_code": "4413310400", "memo": "" }, "geometry": { "type": "Polygon", "coordinates": [ [ [ 127.136448, 36.836311 ], [ 127.136277, 36.836317 ], [ 127.136271, 36.836201 ], [ 127.136443, 36.836196 ], [ 127.136448, 36.836311 ] ] ] } },
{ "type": "Feature", "properties": { "id": 82667, "model": "building", "type": "3", "accuracy": "83.71", "area": "476.03", "address": "충청남도 천안시 동남구 안서동 522", "region_code": "4413111900", "memo": "" }, "geometry": { "type": "Polygon", "coordinates": [ [ [ 127.166688, 36.83612 ], [ 127.166529, 36.836279 ], [ 127.166412, 36.836204 ], [ 127.16657, 36.836044 ], [ 127.166688, 36.83612 ] ] ] } },
{ "type": "Feature", "properties": { "id": 82669, "model": "building", "type": "3", "accuracy": "70.91", "area": "1428.13", "address": "충청남도 천안시 서북구 두정동 399-1", "region_code": "4413310400", "memo": "" }, "geometry": { "type": "Polygon", "coordinates": [ [ [ 127.156116, 36.835956 ], [ 127.155876, 36.836271 ], [ 127.155663, 36.836166 ], [ 127.155904, 36.835851 ], [ 127.156116, 36.835956 ] ] ] } },
{ "type": "Feature", "properties": { "id": 82670, "model": "building", "type": "3", "accuracy": "80.33", "area": "1490.06", "address": "충청남도 천안시 서북구 두정동 393-21", "region_code": "4413310400", "memo": "" }, "geometry": { "type": "Polygon", "coordinates": [ [ [ 127.152242, 36.835885 ], [ 127.152718, 36.836041 ], [ 127.15263, 36.836215 ], [ 127.152154, 36.836058 ], [ 127.152242, 36.835885 ] ] ] } },
{ "type": "Feature", "properties": { "id": 82672, "model": "building", "type": "3", "accuracy": "72.83", "area": "297.87", "address": "충청남도 천안시 서북구 백석동 1070", "region_code": "4413310300", "memo": "" }, "geometry": { "type": "Polygon", "coordinates": [ [ [ 127.120259, 36.835811 ], [ 127.120429, 36.835925 ], [ 127.12036, 36.835992 ], [ 127.12019, 36.835877 ], [ 127.120259, 36.835811 ] ] ] } },
{ "type": "Feature", "properties": { "id": 82673, "model": "building", "type": "3", "accuracy": "83.98", "area": "127.68", "address": "충청남도 천안시 서북구 두정동 404-1", "region_code": "4413310400", "memo": "" }, "geometry": { "type": "Polygon", "coordinates": [ [ [ 127.158192, 36.835876 ], [ 127.158293, 36.835807 ], [ 127.158343, 36.835854 ], [ 127.158242, 36.835923 ], [ 127.158192, 36.835876 ] ] ] } },
{ "type": "Feature", "properties": { "id": 82674, "model": "building", "type": "3", "accuracy": "96.73", "area": "1496.28", "address": "충청남도 천안시 서북구 백석동 1222", "region_code": "4413310300", "memo": "" }, "geometry": { "type": "Polygon", "coordinates": [ [ [ 127.123266, 36.835892 ], [ 127.123051, 36.836106 ], [ 127.122777, 36.835928 ], [ 127.122992, 36.835715 ], [ 127.123266, 36.835892 ] ] ] } },
{ "type": "Feature", "properties": { "id": 82675, "model": "building", "type": "3", "accuracy": "78.69", "area": "114.03", "address": "충청남도 천안시 서북구 백석동 1070", "region_code": "4413310300", "memo": "" }, "geometry": { "type": "Polygon", "coordinates": [ [ [ 127.120706, 36.835876 ], [ 127.120706, 36.83581 ], [ 127.120817, 36.83581 ], [ 127.120818, 36.835876 ], [ 127.120706, 36.835876 ] ] ] } },
{ "type": "Feature", "properties": { "id": 82676, "model": "building", "type": "1", "accuracy": "87.18", "area": "527.12", "address": "충청남도 천안시 서북구 두정동 1210", "region_code": "4413310400", "memo": "" }, "geometry": { "type": "Polygon", "coordinates": [ [ [ 127.141388, 36.835869 ], [ 127.141382, 36.83565 ], [ 127.141538, 36.835648 ], [ 127.141543, 36.835867 ], [ 127.141388, 36.835869 ] ] ] } },
{ "type": "Feature", "properties": { "id": 82678, "model": "building", "type": "3", "accuracy": "63.88", "area": "151.58", "address": "충청남도 천안시 서북구 두정동 399-1", "region_code": "4413310400", "memo": "" }, "geometry": { "type": "Polygon", "coordinates": [ [ [ 127.155318, 36.835691 ], [ 127.15539, 36.835639 ], [ 127.155474, 36.835715 ], [ 127.155403, 36.835766 ], [ 127.155318, 36.835691 ] ] ] } },
{ "type": "Feature", "properties": { "id": 82679, "model": "building", "type": "3", "accuracy": "83.71", "area": "264.63", "address": "충청남도 천안시 서북구 두정동 1740-1", "region_code": "4413310400", "memo": "" }, "geometry": { "type": "Polygon", "coordinates": [ [ [ 127.14976, 36.83563 ], [ 127.149945, 36.835639 ], [ 127.149939, 36.835731 ], [ 127.149753, 36.835722 ], [ 127.14976, 36.83563 ] ] ] } },
{ "type": "Feature", "properties": { "id": 82681, "model": "building", "type": "2", "accuracy": "98.49", "area": "1643.51", "address": "충청남도 천안시 서북구 백석동 1056", "region_code": "4413310300", "memo": "" }, "geometry": { "type": "Polygon", "coordinates": [ [ [ 127.117982, 36.835508 ], [ 127.118139, 36.83582 ], [ 127.117846, 36.835915 ], [ 127.11769, 36.835603 ], [ 127.117982, 36.835508 ] ] ] } },
{ "type": "Feature", "properties": { "id": 82684, "model": "building", "type": "3", "accuracy": "76.78", "area": "460.91", "address": "충청남도 천안시 서북구 두정동 400-5", "region_code": "4413310400", "memo": "" }, "geometry": { "type": "Polygon", "coordinates": [ [ [ 127.156705, 36.835333 ], [ 127.156861, 36.835471 ], [ 127.156743, 36.835557 ], [ 127.156587, 36.835419 ], [ 127.156705, 36.835333 ] ] ] } },
{ "type": "Feature", "properties": { "id": 82685, "model": "building", "type": "3", "accuracy": "84.62", "area": "165.54", "address": "충청남도 천안시 서북구 백석동 736", "region_code": "4413310300", "memo": "" }, "geometry": { "type": "Polygon", "coordinates": [ [ [ 127.111664, 36.835461 ], [ 127.111796, 36.835461 ], [ 127.111796, 36.835542 ], [ 127.111664, 36.835542 ], [ 127.111664, 36.835461 ] ] ] } },
{ "type": "Feature", "properties": { "id": 82686, "model": "building", "type": "3", "accuracy": "57.06", "area": "224.19", "address": "충청남도 천안시 서북구 백석동 1222", "region_code": "4413310300", "memo": "" }, "geometry": { "type": "Polygon", "coordinates": [ [ [ 127.122446, 36.835485 ], [ 127.12265, 36.835416 ], [ 127.122681, 36.835476 ], [ 127.122478, 36.835545 ], [ 127.122446, 36.835485 ] ] ] } },
{ "type": "Feature", "properties": { "id": 82688, "model": "building", "type": "3", "accuracy": "91.95", "area": "438.81", "address": "충청남도 천안시 동남구 안서동 522", "region_code": "4413111900", "memo": "" }, "geometry": { "type": "Polygon", "coordinates": [ [ [ 127.168197, 36.835361 ], [ 127.168028, 36.835488 ], [ 127.167923, 36.835399 ], [ 127.168093, 36.835272 ], [ 127.168197, 36.835361 ] ] ] } },
{ "type": "Feature", "properties": { "id": 82689, "model": "building", "type": "3", "accuracy": "87.6", "area": "1243.34", "address": "충청남도 천안시 서북구 두정동 400-6", "region_code": "4413310400", "memo": "" }, "geometry": { "type": "Polygon", "coordinates": [ [ [ 127.15708, 36.835191 ], [ 127.157356, 36.8354 ], [ 127.157176, 36.835554 ], [ 127.156899, 36.835345 ], [ 127.15708, 36.835191 ] ] ] } },
{ "type": "Feature", "properties": { "id": 82693, "model": "building", "type": "3", "accuracy": "59.06", "area": "192.75", "address": "충청남도 천안시 서북구 백석동 1075", "region_code": "4413310300", "memo": "" }, "geometry": { "type": "Polygon", "coordinates": [ [ [ 127.120497, 36.835267 ], [ 127.120658, 36.835224 ], [ 127.120686, 36.835294 ], [ 127.120525, 36.835337 ], [ 127.120497, 36.835267 ] ] ] } },
{ "type": "Feature", "properties": { "id": 82694, "model": "building", "type": "3", "accuracy": "96.89", "area": "2821.36", "address": "충청남도 천안시 서북구 백석동 1222", "region_code": "4413310300", "memo": "" }, "geometry": { "type": "Polygon", "coordinates": [ [ [ 127.122916, 36.835572 ], [ 127.122449, 36.835247 ], [ 127.122688, 36.835024 ], [ 127.123156, 36.83535 ], [ 127.122916, 36.835572 ] ] ] } },
{ "type": "Feature", "properties": { "id": 82695, "model": "building", "type": "3", "accuracy": "96.13", "area": "2444.54", "address": "충청남도 천안시 서북구 백석동 1222", "region_code": "4413310300", "memo": "" }, "geometry": { "type": "Polygon", "coordinates": [ [ [ 127.123678, 36.835527 ], [ 127.123268, 36.835223 ], [ 127.123508, 36.835015 ], [ 127.123917, 36.835319 ], [ 127.123678, 36.835527 ] ] ] } },
{ "type": "Feature", "properties": { "id": 82696, "model": "building", "type": "3", "accuracy": "87.47", "area": "553.18", "address": "충청남도 천안시 서북구 두정동 2006", "region_code": "4413310400", "memo": "" }, "geometry": { "type": "Polygon", "coordinates": [ [ [ 127.130262, 36.835105 ], [ 127.130491, 36.835142 ], [ 127.130453, 36.835292 ], [ 127.130224, 36.835255 ], [ 127.130262, 36.835105 ] ] ] } },
{ "type": "Feature", "properties": { "id": 82697, "model": "building", "type": "1", "accuracy": "93.91", "area": "1454.16", "address": "충청남도 천안시 서북구 백석동 737", "region_code": "4413310300", "memo": "" }, "geometry": { "type": "Polygon", "coordinates": [ [ [ 127.110775, 36.835025 ], [ 127.110893, 36.83527 ], [ 127.11056, 36.835374 ], [ 127.110442, 36.835129 ], [ 127.110775, 36.835025 ] ] ] } },
{ "type": "Feature", "properties": { "id": 82700, "model": "building", "type": "2", "accuracy": "89.09", "area": "364.48", "address": "충청남도 천안시 서북구 백석동 737", "region_code": "4413310300", "memo": "" }, "geometry": { "type": "Polygon", "coordinates": [ [ [ 127.111148, 36.835144 ], [ 127.110957, 36.8352 ], [ 127.110908, 36.835092 ], [ 127.111098, 36.835036 ], [ 127.111148, 36.835144 ] ] ] } },
{ "type": "Feature", "properties": { "id": 82701, "model": "building", "type": "3", "accuracy": "79.67", "area": "166.48", "address": "충청남도 천안시 서북구 두정동 1520", "region_code": "4413310400", "memo": "" }, "geometry": { "type": "Polygon", "coordinates": [ [ [ 127.142251, 36.835049 ], [ 127.142392, 36.835027 ], [ 127.142409, 36.835101 ], [ 127.142268, 36.835123 ], [ 127.142251, 36.835049 ] ] ] } },
{ "type": "Feature", "properties": { "id": 82702, "model": "building", "type": "2", "accuracy": "93.56", "area": "123.66", "address": "충청남도 천안시 서북구 백석동 737", "region_code": "4413310300", "memo": "" }, "geometry": { "type": "Polygon", "coordinates": [ [ [ 127.111125, 36.835089 ], [ 127.111254, 36.835042 ], [ 127.111283, 36.835094 ], [ 127.111154, 36.83514 ], [ 127.111125, 36.835089 ] ] ] } },
{ "type": "Feature", "properties": { "id": 82703, "model": "building", "type": "3", "accuracy": "88.31", "area": "553.39", "address": "충청남도 천안시 서북구 백석동 737", "region_code": "4413310300", "memo": "" }, "geometry": { "type": "Polygon", "coordinates": [ [ [ 127.111288, 36.835083 ], [ 127.111029, 36.83519 ], [ 127.11096, 36.83508 ], [ 127.111219, 36.834974 ], [ 127.111288, 36.835083 ] ] ] } },
{ "type": "Feature", "properties": { "id": 82704, "model": "building", "type": "3", "accuracy": "56.07", "area": "179.67", "address": "충청남도 천안시 동남구 신부동 232", "region_code": "4413111800", "memo": "" }, "geometry": { "type": "Polygon", "coordinates": [ [ [ 127.166314, 36.834997 ], [ 127.166384, 36.834902 ], [ 127.166475, 36.834945 ], [ 127.166405, 36.83504 ], [ 127.166314, 36.834997 ] ] ] } },
{ "type": "Feature", "properties": { "id": 82705, "model": "building", "type": "3", "accuracy": "76.4", "area": "282.19", "address": "충청남도 천안시 서북구 백석동 1222", "region_code": "4413310300", "memo": "" }, "geometry": { "type": "Polygon", "coordinates": [ [ [ 127.123218, 36.83492 ], [ 127.123211, 36.835056 ], [ 127.123077, 36.835051 ], [ 127.123085, 36.834915 ], [ 127.123218, 36.83492 ] ] ] } },
{ "type": "Feature", "properties": { "id": 82706, "model": "building", "type": "3", "accuracy": "88.64", "area": "1272.51", "address": "충청남도 천안시 서북구 백석동 1116", "region_code": "4413310300", "memo": "" }, "geometry": { "type": "Polygon", "coordinates": [ [ [ 127.117938, 36.835036 ], [ 127.118586, 36.834822 ], [ 127.118641, 36.834931 ], [ 127.117994, 36.835145 ], [ 127.117938, 36.835036 ] ] ] } },
{ "type": "Feature", "properties": { "id": 82707, "model": "building", "type": "3", "accuracy": "78.05", "area": "763.93", "address": "충청남도 천안시 서북구 두정동 399-1", "region_code": "4413310400", "memo": "" }, "geometry": { "type": "Polygon", "coordinates": [ [ [ 127.155677, 36.834823 ], [ 127.155509, 36.835067 ], [ 127.155354, 36.834998 ], [ 127.155522, 36.834754 ], [ 127.155677, 36.834823 ] ] ] } },
{ "type": "Feature", "properties": { "id": 82708, "model": "building", "type": "3", "accuracy": "91.15", "area": "442.33", "address": "충청남도 천안시 서북구 백석동 1116", "region_code": "4413310300", "memo": "" }, "geometry": { "type": "Polygon", "coordinates": [ [ [ 127.117508, 36.834803 ], [ 127.117636, 36.835062 ], [ 127.117541, 36.835092 ], [ 127.117412, 36.834833 ], [ 127.117508, 36.834803 ] ] ] } },
{ "type": "Feature", "properties": { "id": 82709, "model": "building", "type": "3", "accuracy": "85.18", "area": "266.80", "address": "충청남도 천안시 서북구 백석동 1116", "region_code": "4413310300", "memo": "" }, "geometry": { "type": "Polygon", "coordinates": [ [ [ 127.117708, 36.834972 ], [ 127.117629, 36.834828 ], [ 127.11773, 36.834793 ], [ 127.117808, 36.834937 ], [ 127.117708, 36.834972 ] ] ] } },
{ "type": "Feature", "properties": { "id": 82710, "model": "building", "type": "3", "accuracy": "92.59", "area": "1259.29", "address": "충청남도 천안시 서북구 백석동 737", "region_code": "4413310300", "memo": "" }, "geometry": { "type": "Polygon", "coordinates": [ [ [ 127.110784, 36.834854 ], [ 127.111104, 36.834743 ], [ 127.111219, 36.834957 ], [ 127.110899, 36.835068 ], [ 127.110784, 36.834854 ] ] ] } },
{ "type": "Feature", "properties": { "id": 82711, "model": "building", "type": "3", "accuracy": "91.54", "area": "219.78", "address": "충청남도 천안시 서북구 백석동 737", "region_code": "4413310300", "memo": "" }, "geometry": { "type": "Polygon", "coordinates": [ [ [ 127.110488, 36.834864 ], [ 127.110632, 36.834821 ], [ 127.110672, 36.834908 ], [ 127.110528, 36.83495 ], [ 127.110488, 36.834864 ] ] ] } },
{ "type": "Feature", "properties": { "id": 82712, "model": "building", "type": "3", "accuracy": "91.91", "area": "582.43", "address": "충청남도 천안시 서북구 백석동 1116", "region_code": "4413310300", "memo": "" }, "geometry": { "type": "Polygon", "coordinates": [ [ [ 127.118209, 36.834831 ], [ 127.117893, 36.834932 ], [ 127.117842, 36.834829 ], [ 127.118158, 36.834728 ], [ 127.118209, 36.834831 ] ] ] } },
{ "type": "Feature", "properties": { "id": 82713, "model": "building", "type": "3", "accuracy": "77.55", "area": "332.99", "address": "충청남도 천안시 서북구 백석동 1116", "region_code": "4413310300", "memo": "" }, "geometry": { "type": "Polygon", "coordinates": [ [ [ 127.118403, 36.834905 ], [ 127.118218, 36.834861 ], [ 127.118258, 36.834754 ], [ 127.118442, 36.834799 ], [ 127.118403, 36.834905 ] ] ] } },
{ "type": "Feature", "properties": { "id": 82714, "model": "building", "type": "3", "accuracy": "74.14", "area": "208.24", "address": "충청남도 천안시 서북구 두정동 79-24", "region_code": "4413310400", "memo": "" }, "geometry": { "type": "Polygon", "coordinates": [ [ [ 127.148154, 36.834664 ], [ 127.148238, 36.834669 ], [ 127.148226, 36.834827 ], [ 127.148142, 36.834822 ], [ 127.148154, 36.834664 ] ] ] } },
{ "type": "Feature", "properties": { "id": 82715, "model": "building", "type": "3", "accuracy": "77.81", "area": "150.58", "address": "충청남도 천안시 서북구 두정동 978", "region_code": "4413310400", "memo": "" }, "geometry": { "type": "Polygon", "coordinates": [ [ [ 127.135731, 36.834753 ], [ 127.135571, 36.834754 ], [ 127.13557, 36.834694 ], [ 127.13573, 36.834692 ], [ 127.135731, 36.834753 ] ] ] } },
{ "type": "Feature", "properties": { "id": 82716, "model": "building", "type": "3", "accuracy": "89.81", "area": "346.84", "address": "충청남도 천안시 서북구 백석동 1116", "region_code": "4413310300", "memo": "" }, "geometry": { "type": "Polygon", "coordinates": [ [ [ 127.118718, 36.834622 ], [ 127.118987, 36.834622 ], [ 127.118987, 36.834705 ], [ 127.118718, 36.834705 ], [ 127.118718, 36.834622 ] ] ] } },
{ "type": "Feature", "properties": { "id": 82717, "model": "building", "type": "3", "accuracy": "87.4", "area": "327.18", "address": "충청남도 천안시 서북구 백석동 1116", "region_code": "4413310300", "memo": "" }, "geometry": { "type": "Polygon", "coordinates": [ [ [ 127.119192, 36.834566 ], [ 127.119192, 36.834781 ], [ 127.119094, 36.834782 ], [ 127.119094, 36.834566 ], [ 127.119192, 36.834566 ] ] ] } },
{ "type": "Feature", "properties": { "id": 82718, "model": "building", "type": "3", "accuracy": "62.48", "area": "123.60", "address": "충청남도 천안시 동남구 신부동 233-2", "region_code": "4413111800", "memo": "" }, "geometry": { "type": "Polygon", "coordinates": [ [ [ 127.166026, 36.834543 ], [ 127.166101, 36.834542 ], [ 127.166101, 36.834648 ], [ 127.166026, 36.834649 ], [ 127.166026, 36.834543 ] ] ] } },
{ "type": "Feature", "properties": { "id": 82720, "model": "building", "type": "3", "accuracy": "89.84", "area": "709.81", "address": "충청남도 천안시 서북구 백석동 1116", "region_code": "4413310300", "memo": "" }, "geometry": { "type": "Polygon", "coordinates": [ [ [ 127.11876, 36.834648 ], [ 127.118453, 36.834776 ], [ 127.118377, 36.834658 ], [ 127.118685, 36.83453 ], [ 127.11876, 36.834648 ] ] ] } },
{ "type": "Feature", "properties": { "id": 82721, "model": "building", "type": "3", "accuracy": "97.18", "area": "595.64", "address": "충청남도 천안시 서북구 백석동 1116", "region_code": "4413310300", "memo": "" }, "geometry": { "type": "Polygon", "coordinates": [ [ [ 127.117718, 36.834535 ], [ 127.11776, 36.834619 ], [ 127.117367, 36.834745 ], [ 127.117325, 36.834661 ], [ 127.117718, 36.834535 ] ] ] } },
{ "type": "Feature", "properties": { "id": 82722, "model": "building", "type": "3", "accuracy": "94.01", "area": "2752.95", "address": "충청남도 천안시 서북구 백석동 1222", "region_code": "4413310300", "memo": "" }, "geometry": { "type": "Polygon", "coordinates": [ [ [ 127.122612, 36.834914 ], [ 127.122151, 36.834596 ], [ 127.122388, 36.834374 ], [ 127.122849, 36.834692 ], [ 127.122612, 36.834914 ] ] ] } },
{ "type": "Feature", "properties": { "id": 82724, "model": "building", "type": "3", "accuracy": "94.66", "area": "3158.45", "address": "충청남도 천안시 서북구 백석동 1222", "region_code": "4413310300", "memo": "" }, "geometry": { "type": "Polygon", "coordinates": [ [ [ 127.124375, 36.834927 ], [ 127.123831, 36.834584 ], [ 127.124058, 36.834352 ], [ 127.124602, 36.834695 ], [ 127.124375, 36.834927 ] ] ] } },
{ "type": "Feature", "properties": { "id": 82726, "model": "building", "type": "3", "accuracy": "90.74", "area": "2839.82", "address": "충청남도 천안시 서북구 백석동 1222", "region_code": "4413310300", "memo": "" }, "geometry": { "type": "Polygon", "coordinates": [ [ [ 127.123458, 36.834902 ], [ 127.122989, 36.834573 ], [ 127.12323, 36.834351 ], [ 127.123699, 36.83468 ], [ 127.123458, 36.834902 ] ] ] } },
{ "type": "Feature", "properties": { "id": 82727, "model": "building", "type": "3", "accuracy": "96.2", "area": "1871.38", "address": "충청남도 천안시 서북구 백석동 1116", "region_code": "4413310300", "memo": "" }, "geometry": { "type": "Polygon", "coordinates": [ [ [ 127.11854, 36.834442 ], [ 127.117847, 36.834664 ], [ 127.117772, 36.834513 ], [ 127.118465, 36.834291 ], [ 127.11854, 36.834442 ] ] ] } },
{ "type": "Feature", "properties": { "id": 82731, "model": "building", "type": "3", "accuracy": "90.99", "area": "1651.57", "address": "충청남도 천안시 서북구 백석동 1116", "region_code": "4413310300", "memo": "" }, "geometry": { "type": "Polygon", "coordinates": [ [ [ 127.118823, 36.834621 ], [ 127.118675, 36.834317 ], [ 127.118979, 36.834221 ], [ 127.119127, 36.834525 ], [ 127.118823, 36.834621 ] ] ] } },
{ "type": "Feature", "properties": { "id": 82735, "model": "building", "type": "3", "accuracy": "87", "area": "498.13", "address": "충청남도 천안시 서북구 두정동 1526", "region_code": "4413310400", "memo": "" }, "geometry": { "type": "Polygon", "coordinates": [ [ [ 127.142198, 36.834228 ], [ 127.142418, 36.834223 ], [ 127.142423, 36.834369 ], [ 127.142203, 36.834374 ], [ 127.142198, 36.834228 ] ] ] } },
{ "type": "Feature", "properties": { "id": 82736, "model": "building", "type": "3", "accuracy": "65.59", "area": "220.03", "address": "충청남도 천안시 서북구 두정동 530", "region_code": "4413310400", "memo": "" }, "geometry": { "type": "Polygon", "coordinates": [ [ [ 127.143548, 36.83427 ], [ 127.143398, 36.834281 ], [ 127.143388, 36.834187 ], [ 127.143538, 36.834176 ], [ 127.143548, 36.83427 ] ] ] } },
{ "type": "Feature", "properties": { "id": 82739, "model": "building", "type": "3", "accuracy": "69.36", "area": "325.65", "address": "충청남도 천안시 서북구 두정동 534", "region_code": "4413310400", "memo": "" }, "geometry": { "type": "Polygon", "coordinates": [ [ [ 127.127795, 36.833852 ], [ 127.127789, 36.83373 ], [ 127.12796, 36.833724 ], [ 127.127966, 36.833847 ], [ 127.127795, 36.833852 ] ] ] } },
{ "type": "Feature", "properties": { "id": 82746, "model": "building", "type": "3", "accuracy": "66.58", "area": "351.87", "address": "충청남도 천안시 서북구 백석동 941", "region_code": "4413310300", "memo": "" }, "geometry": { "type": "Polygon", "coordinates": [ [ [ 127.124857, 36.833496 ], [ 127.125004, 36.833614 ], [ 127.124907, 36.833692 ], [ 127.124761, 36.833574 ], [ 127.124857, 36.833496 ] ] ] } },
{ "type": "Feature", "properties": { "id": 82747, "model": "building", "type": "3", "accuracy": "76.65", "area": "273.00", "address": "충청남도 천안시 서북구 백석동 711-3", "region_code": "4413310300", "memo": "" }, "geometry": { "type": "Polygon", "coordinates": [ [ [ 127.113013, 36.833585 ], [ 127.113174, 36.833528 ], [ 127.113224, 36.83362 ], [ 127.113063, 36.833677 ], [ 127.113013, 36.833585 ] ] ] } },
{ "type": "Feature", "properties": { "id": 82748, "model": "building", "type": "2", "accuracy": "81.26", "area": "583.65", "address": "충청남도 천안시 서북구 백석동 711-3", "region_code": "4413310300", "memo": "" }, "geometry": { "type": "Polygon", "coordinates": [ [ [ 127.112974, 36.83351 ], [ 127.113169, 36.833444 ], [ 127.113255, 36.833609 ], [ 127.11306, 36.833674 ], [ 127.112974, 36.83351 ] ] ] } },
{ "type": "Feature", "properties": { "id": 82751, "model": "building", "type": "3", "accuracy": "94.99", "area": "270.81", "address": "충청남도 천안시 서북구 두정동 692-1", "region_code": "4413310400", "memo": "" }, "geometry": { "type": "Polygon", "coordinates": [ [ [ 127.130533, 36.83356 ], [ 127.130388, 36.833561 ], [ 127.130386, 36.833441 ], [ 127.130531, 36.833439 ], [ 127.130533, 36.83356 ] ] ] } },
{ "type": "Feature", "properties": { "id": 82757, "model": "building", "type": "3", "accuracy": "49.84", "area": "343.25", "address": "충청남도 천안시 서북구 백석동 1119", "region_code": "4413310300", "memo": "" }, "geometry": { "type": "Polygon", "coordinates": [ [ [ 127.116684, 36.833433 ], [ 127.116525, 36.833312 ], [ 127.116611, 36.833239 ], [ 127.11677, 36.83336 ], [ 127.116684, 36.833433 ] ] ] } },
{ "type": "Feature", "properties": { "id": 82758, "model": "building", "type": "1", "accuracy": "93.32", "area": "145.69", "address": "충청남도 천안시 서북구 백석동 711-1", "region_code": "4413310300", "memo": "" }, "geometry": { "type": "Polygon", "coordinates": [ [ [ 127.114244, 36.833309 ], [ 127.114397, 36.833259 ], [ 127.114423, 36.833312 ], [ 127.11427, 36.833361 ], [ 127.114244, 36.833309 ] ] ] } },
{ "type": "Feature", "properties": { "id": 82759, "model": "building", "type": "3", "accuracy": "68.79", "area": "371.18", "address": "충청남도 천안시 서북구 두정동 545", "region_code": "4413310400", "memo": "" }, "geometry": { "type": "Polygon", "coordinates": [ [ [ 127.129384, 36.833366 ], [ 127.129376, 36.833209 ], [ 127.129529, 36.833204 ], [ 127.129537, 36.83336 ], [ 127.129384, 36.833366 ] ] ] } },
{ "type": "Feature", "properties": { "id": 82762, "model": "building", "type": "3", "accuracy": "94.62", "area": "268.45", "address": "충청남도 천안시 동남구 신부동 232", "region_code": "4413111800", "memo": "" }, "geometry": { "type": "Polygon", "coordinates": [ [ [ 127.165474, 36.833265 ], [ 127.165474, 36.833104 ], [ 127.165581, 36.833104 ], [ 127.165582, 36.833265 ], [ 127.165474, 36.833265 ] ] ] } },
{ "type": "Feature", "properties": { "id": 82764, "model": "building", "type": "3", "accuracy": "74.41", "area": "246.72", "address": "충청남도 천안시 서북구 두정동 1499", "region_code": "4413310400", "memo": "" }, "geometry": { "type": "Polygon", "coordinates": [ [ [ 127.143322, 36.833282 ], [ 127.143301, 36.833132 ], [ 127.143406, 36.833122 ], [ 127.143427, 36.833272 ], [ 127.143322, 36.833282 ] ] ] } },
{ "type": "Feature", "properties": { "id": 82771, "model": "building", "type": "3", "accuracy": "80.61", "area": "1839.16", "address": "충청남도 천안시 서북구 백석동 1185", "region_code": "4413310300", "memo": "" }, "geometry": { "type": "Polygon", "coordinates": [ [ [ 127.103798, 36.832975 ], [ 127.104182, 36.832968 ], [ 127.104192, 36.833277 ], [ 127.103807, 36.833284 ], [ 127.103798, 36.832975 ] ] ] } },
{ "type": "Feature", "properties": { "id": 82772, "model": "building", "type": "3", "accuracy": "48.16", "area": "293.86", "address": "충청남도 천안시 서북구 백석동 1185", "region_code": "4413310300", "memo": "" }, "geometry": { "type": "Polygon", "coordinates": [ [ [ 127.104376, 36.833051 ], [ 127.104394, 36.833202 ], [ 127.10427, 36.833212 ], [ 127.104252, 36.83306 ], [ 127.104376, 36.833051 ] ] ] } },
{ "type": "Feature", "properties": { "id": 82776, "model": "building", "type": "3", "accuracy": "94.69", "area": "1707.54", "address": "충청남도 천안시 서북구 두정동 1503", "region_code": "4413310400", "memo": "" }, "geometry": { "type": "Polygon", "coordinates": [ [ [ 127.144827, 36.832734 ], [ 127.144874, 36.833194 ], [ 127.144636, 36.83321 ], [ 127.144589, 36.83275 ], [ 127.144827, 36.832734 ] ] ] } },
{ "type": "Feature", "properties": { "id": 82780, "model": "building", "type": "3", "accuracy": "60.96", "area": "296.72", "address": "충청남도 천안시 동남구 신부동 232", "region_code": "4413111800", "memo": "" }, "geometry": { "type": "Polygon", "coordinates": [ [ [ 127.165266, 36.832876 ], [ 127.165469, 36.832822 ], [ 127.165504, 36.832907 ], [ 127.165301, 36.832961 ], [ 127.165266, 36.832876 ] ] ] } },
{ "type": "Feature", "properties": { "id": 82781, "model": "building", "type": "3", "accuracy": "88.12", "area": "908.46", "address": "충청남도 천안시 서북구 두정동 1492", "region_code": "4413310400", "memo": "" }, "geometry": { "type": "Polygon", "coordinates": [ [ [ 127.143754, 36.833003 ], [ 127.143451, 36.833023 ], [ 127.143432, 36.83283 ], [ 127.143735, 36.832811 ], [ 127.143754, 36.833003 ] ] ] } },
{ "type": "Feature", "properties": { "id": 82783, "model": "building", "type": "1", "accuracy": "75.55", "area": "174.98", "address": "충청남도 천안시 서북구 두정동 1492", "region_code": "4413310400", "memo": "" }, "geometry": { "type": "Polygon", "coordinates": [ [ [ 127.143499, 36.832827 ], [ 127.143514, 36.833007 ], [ 127.143451, 36.83301 ], [ 127.143436, 36.832831 ], [ 127.143499, 36.832827 ] ] ] } },
{ "type": "Feature", "properties": { "id": 82784, "model": "building", "type": "3", "accuracy": "77.76", "area": "930.37", "address": "충청남도 천안시 서북구 두정동 71-11", "region_code": "4413310400", "memo": "" }, "geometry": { "type": "Polygon", "coordinates": [ [ [ 127.146756, 36.832931 ], [ 127.146439, 36.832878 ], [ 127.146486, 36.832696 ], [ 127.146803, 36.832749 ], [ 127.146756, 36.832931 ] ] ] } },
{ "type": "Feature", "properties": { "id": 82792, "model": "building", "type": "3", "accuracy": "60.56", "area": "304.49", "address": "충청남도 천안시 서북구 백석동 711-2", "region_code": "4413310300", "memo": "" }, "geometry": { "type": "Polygon", "coordinates": [ [ [ 127.112681, 36.832588 ], [ 127.112772, 36.83272 ], [ 127.112658, 36.832771 ], [ 127.112567, 36.832639 ], [ 127.112681, 36.832588 ] ] ] } },
{ "type": "Feature", "properties": { "id": 82794, "model": "building", "type": "3", "accuracy": "81.25", "area": "493.27", "address": "충청남도 천안시 서북구 두정동 71-24", "region_code": "4413310400", "memo": "" }, "geometry": { "type": "Polygon", "coordinates": [ [ [ 127.145606, 36.832509 ], [ 127.145843, 36.832491 ], [ 127.145858, 36.832624 ], [ 127.145621, 36.832642 ], [ 127.145606, 36.832509 ] ] ] } },
{ "type": "Feature", "properties": { "id": 82797, "model": "building", "type": "3", "accuracy": "64.73", "area": "166.62", "address": "충청남도 천안시 서북구 두정동 2063", "region_code": "4413310400", "memo": "" }, "geometry": { "type": "Polygon", "coordinates": [ [ [ 127.155048, 36.832502 ], [ 127.155011, 36.832397 ], [ 127.155105, 36.832375 ], [ 127.155142, 36.832481 ], [ 127.155048, 36.832502 ] ] ] } },
{ "type": "Feature", "properties": { "id": 82800, "model": "building", "type": "3", "accuracy": "63.21", "area": "185.93", "address": "충청남도 천안시 서북구 두정동 2063", "region_code": "4413310400", "memo": "" }, "geometry": { "type": "Polygon", "coordinates": [ [ [ 127.155074, 36.832411 ], [ 127.155071, 36.832314 ], [ 127.155195, 36.832311 ], [ 127.155197, 36.832409 ], [ 127.155074, 36.832411 ] ] ] } },
{ "type": "Feature", "properties": { "id": 82801, "model": "building", "type": "3", "accuracy": "87.42", "area": "1537.90", "address": "충청남도 천안시 서북구 두정동 1502", "region_code": "4413310400", "memo": "" }, "geometry": { "type": "Polygon", "coordinates": [ [ [ 127.144941, 36.83223 ], [ 127.145214, 36.832207 ], [ 127.14526, 36.832566 ], [ 127.144987, 36.832589 ], [ 127.144941, 36.83223 ] ] ] } },
{ "type": "Feature", "properties": { "id": 82805, "model": "building", "type": "3", "accuracy": "86.47", "area": "994.89", "address": "충청남도 천안시 서북구 두정동 1502", "region_code": "4413310400", "memo": "" }, "geometry": { "type": "Polygon", "coordinates": [ [ [ 127.144567, 36.83224 ], [ 127.144854, 36.832237 ], [ 127.144858, 36.83246 ], [ 127.144571, 36.832464 ], [ 127.144567, 36.83224 ] ] ] } },
{ "type": "Feature", "properties": { "id": 82807, "model": "building", "type": "1", "accuracy": "79.21", "area": "397.73", "address": "충청남도 천안시 서북구 두정동 71-10", "region_code": "4413310400", "memo": "" }, "geometry": { "type": "Polygon", "coordinates": [ [ [ 127.145595, 36.832189 ], [ 127.145749, 36.832183 ], [ 127.14576, 36.832349 ], [ 127.145606, 36.832356 ], [ 127.145595, 36.832189 ] ] ] } },
{ "type": "Feature", "properties": { "id": 82808, "model": "building", "type": "2", "accuracy": "98.08", "area": "2052.32", "address": "충청남도 천안시 서북구 두정동 1354", "region_code": "4413310400", "memo": "" }, "geometry": { "type": "Polygon", "coordinates": [ [ [ 127.138746, 36.832109 ], [ 127.138781, 36.832402 ], [ 127.138332, 36.832436 ], [ 127.138297, 36.832144 ], [ 127.138746, 36.832109 ] ] ] } },
{ "type": "Feature", "properties": { "id": 82809, "model": "building", "type": "1", "accuracy": "87.97", "area": "570.34", "address": "충청남도 천안시 서북구 두정동 71-40", "region_code": "4413310400", "memo": "" }, "geometry": { "type": "Polygon", "coordinates": [ [ [ 127.146386, 36.8323 ], [ 127.146103, 36.832319 ], [ 127.14609, 36.83219 ], [ 127.146373, 36.832171 ], [ 127.146386, 36.8323 ] ] ] } },
{ "type": "Feature", "properties": { "id": 82810, "model": "building", "type": "3", "accuracy": "81.61", "area": "155.61", "address": "충청남도 천안시 서북구 두정동 2063", "region_code": "4413310400", "memo": "" }, "geometry": { "type": "Polygon", "coordinates": [ [ [ 127.155115, 36.832215 ], [ 127.155239, 36.832163 ], [ 127.155281, 36.832226 ], [ 127.155157, 36.832279 ], [ 127.155115, 36.832215 ] ] ] } },
{ "type": "Feature", "properties": { "id": 82814, "model": "building", "type": "3", "accuracy": "93.51", "area": "417.20", "address": "충청남도 천안시 서북구 두정동 25-22", "region_code": "4413310400", "memo": "" }, "geometry": { "type": "Polygon", "coordinates": [ [ [ 127.15262, 36.832052 ], [ 127.152853, 36.832067 ], [ 127.152841, 36.832182 ], [ 127.152608, 36.832166 ], [ 127.15262, 36.832052 ] ] ] } },
{ "type": "Feature", "properties": { "id": 82819, "model": "building", "type": "3", "accuracy": "77.11", "area": "215.67", "address": "충청남도 천안시 서북구 두정동 2063", "region_code": "4413310400", "memo": "" }, "geometry": { "type": "Polygon", "coordinates": [ [ [ 127.155764, 36.832034 ], [ 127.155954, 36.832031 ], [ 127.155956, 36.832104 ], [ 127.155766, 36.832107 ], [ 127.155764, 36.832034 ] ] ] } },
{ "type": "Feature", "properties": { "id": 82821, "model": "building", "type": "3", "accuracy": "72.68", "area": "988.44", "address": "충청남도 천안시 서북구 두정동 2063", "region_code": "4413310400", "memo": "" }, "geometry": { "type": "Polygon", "coordinates": [ [ [ 127.156156, 36.832127 ], [ 127.156373, 36.831842 ], [ 127.156536, 36.831922 ], [ 127.15632, 36.832207 ], [ 127.156156, 36.832127 ] ] ] } },
{ "type": "Feature", "properties": { "id": 82824, "model": "building", "type": "1", "accuracy": "92.36", "area": "806.08", "address": "충청남도 천안시 서북구 두정동 71-10", "region_code": "4413310400", "memo": "" }, "geometry": { "type": "Polygon", "coordinates": [ [ [ 127.14555, 36.831953 ], [ 127.14596, 36.831937 ], [ 127.145967, 36.832064 ], [ 127.145558, 36.83208 ], [ 127.14555, 36.831953 ] ] ] } },
{ "type": "Feature", "properties": { "id": 82825, "model": "building", "type": "3", "accuracy": "78.98", "area": "484.10", "address": "충청남도 천안시 서북구 백석동 714-1", "region_code": "4413310300", "memo": "" }, "geometry": { "type": "Polygon", "coordinates": [ [ [ 127.113543, 36.832069 ], [ 127.113325, 36.832125 ], [ 127.113273, 36.831994 ], [ 127.113491, 36.831938 ], [ 127.113543, 36.832069 ] ] ] } },
{ "type": "Feature", "properties": { "id": 82826, "model": "building", "type": "1", "accuracy": "95.29", "area": "509.92", "address": "충청남도 천안시 서북구 두정동 71-48", "region_code": "4413310400", "memo": "" }, "geometry": { "type": "Polygon", "coordinates": [ [ [ 127.146107, 36.831904 ], [ 127.146348, 36.831896 ], [ 127.146355, 36.832032 ], [ 127.146113, 36.83204 ], [ 127.146107, 36.831904 ] ] ] } },
{ "type": "Feature", "properties": { "id": 82831, "model": "building", "type": "3", "accuracy": "68.37", "area": "186.41", "address": "충청남도 천안시 서북구 두정동 2063", "region_code": "4413310400", "memo": "" }, "geometry": { "type": "Polygon", "coordinates": [ [ [ 127.155157, 36.831754 ], [ 127.155376, 36.831757 ], [ 127.155375, 36.831812 ], [ 127.155156, 36.831809 ], [ 127.155157, 36.831754 ] ] ] } },
{ "type": "Feature", "properties": { "id": 82832, "model": "building", "type": "3", "accuracy": "57.03", "area": "154.08", "address": "충청남도 천안시 서북구 두정동 1332", "region_code": "4413310400", "memo": "" }, "geometry": { "type": "Polygon", "coordinates": [ [ [ 127.140966, 36.831666 ], [ 127.140989, 36.831797 ], [ 127.140914, 36.831805 ], [ 127.140891, 36.831674 ], [ 127.140966, 36.831666 ] ] ] } },
{ "type": "Feature", "properties": { "id": 82833, "model": "building", "type": "3", "accuracy": "80.53", "area": "189.59", "address": "충청남도 천안시 서북구 두정동 1464", "region_code": "4413310400", "memo": "" }, "geometry": { "type": "Polygon", "coordinates": [ [ [ 127.141802, 36.831635 ], [ 127.141988, 36.831629 ], [ 127.141991, 36.831695 ], [ 127.141806, 36.831701 ], [ 127.141802, 36.831635 ] ] ] } },
{ "type": "Feature", "properties": { "id": 82835, "model": "building", "type": "3", "accuracy": "90.94", "area": "192.71", "address": "충청남도 천안시 서북구 두정동 2063", "region_code": "4413310400", "memo": "" }, "geometry": { "type": "Polygon", "coordinates": [ [ [ 127.155947, 36.831682 ], [ 127.155756, 36.831666 ], [ 127.155764, 36.831602 ], [ 127.155955, 36.831617 ], [ 127.155947, 36.831682 ] ] ] } },
{ "type": "Feature", "properties": { "id": 82837, "model": "building", "type": "3", "accuracy": "54.89", "area": "267.80", "address": "충청남도 천안시 동남구 신부동 238-5", "region_code": "4413111800", "memo": "" }, "geometry": { "type": "Polygon", "coordinates": [ [ [ 127.163036, 36.831641 ], [ 127.162877, 36.831688 ], [ 127.162833, 36.831592 ], [ 127.162992, 36.831545 ], [ 127.163036, 36.831641 ] ] ] } },
{ "type": "Feature", "properties": { "id": 82838, "model": "building", "type": "3", "accuracy": "93.13", "area": "103.68", "address": "충청남도 천안시 서북구 백석동 1121", "region_code": "4413310300", "memo": "" }, "geometry": { "type": "Polygon", "coordinates": [ [ [ 127.11578, 36.831657 ], [ 127.115708, 36.83168 ], [ 127.115668, 36.831599 ], [ 127.11574, 36.831576 ], [ 127.11578, 36.831657 ] ] ] } },
{ "type": "Feature", "properties": { "id": 82839, "model": "building", "type": "3", "accuracy": "67.46", "area": "160.20", "address": "충청남도 천안시 동남구 신부동 221-12", "region_code": "4413111800", "memo": "" }, "geometry": { "type": "Polygon", "coordinates": [ [ [ 127.164218, 36.831497 ], [ 127.164334, 36.831582 ], [ 127.164279, 36.831631 ], [ 127.164163, 36.831545 ], [ 127.164218, 36.831497 ] ] ] } },
{ "type": "Feature", "properties": { "id": 82842, "model": "building", "type": "3", "accuracy": "92.46", "area": "3993.67", "address": "충청남도 천안시 서북구 두정동 1452", "region_code": "4413310400", "memo": "" }, "geometry": { "type": "Polygon", "coordinates": [ [ [ 127.142921, 36.831735 ], [ 127.142857, 36.83118 ], [ 127.143318, 36.831146 ], [ 127.143382, 36.831701 ], [ 127.142921, 36.831735 ] ] ] } },
{ "type": "Feature", "properties": { "id": 82846, "model": "building", "type": "3", "accuracy": "59.37", "area": "185.04", "address": "충청남도 천안시 서북구 백석동 1122", "region_code": "4413310300", "memo": "" }, "geometry": { "type": "Polygon", "coordinates": [ [ [ 127.115842, 36.831427 ], [ 127.11576, 36.831545 ], [ 127.115683, 36.831511 ], [ 127.115765, 36.831393 ], [ 127.115842, 36.831427 ] ] ] } },
{ "type": "Feature", "properties": { "id": 82848, "model": "building", "type": "3", "accuracy": "65.49", "area": "209.85", "address": "충청남도 천안시 서북구 두정동 843", "region_code": "4413310400", "memo": "" }, "geometry": { "type": "Polygon", "coordinates": [ [ [ 127.137483, 36.831334 ], [ 127.137683, 36.831324 ], [ 127.137688, 36.831392 ], [ 127.137488, 36.831401 ], [ 127.137483, 36.831334 ] ] ] } },
{ "type": "Feature", "properties": { "id": 82850, "model": "building", "type": "3", "accuracy": "69.27", "area": "681.89", "address": "충청남도 천안시 서북구 두정동 2063", "region_code": "4413310400", "memo": "" }, "geometry": { "type": "Polygon", "coordinates": [ [ [ 127.157073, 36.831401 ], [ 127.156753, 36.831282 ], [ 127.156818, 36.831169 ], [ 127.157138, 36.831287 ], [ 127.157073, 36.831401 ] ] ] } },
{ "type": "Feature", "properties": { "id": 82858, "model": "building", "type": "3", "accuracy": "66.78", "area": "329.08", "address": "충청남도 천안시 서북구 백석동 714", "region_code": "4413310300", "memo": "" }, "geometry": { "type": "Polygon", "coordinates": [ [ [ 127.113399, 36.831278 ], [ 127.113237, 36.831321 ], [ 127.113189, 36.831202 ], [ 127.11335, 36.831159 ], [ 127.113399, 36.831278 ] ] ] } },
{ "type": "Feature", "properties": { "id": 82859, "model": "building", "type": "3", "accuracy": "64.61", "area": "227.35", "address": "충청남도 천안시 서북구 백석동 715", "region_code": "4413310300", "memo": "" }, "geometry": { "type": "Polygon", "coordinates": [ [ [ 127.114195, 36.831223 ], [ 127.114024, 36.831212 ], [ 127.114033, 36.831127 ], [ 127.114204, 36.831138 ], [ 127.114195, 36.831223 ] ] ] } },
{ "type": "Feature", "properties": { "id": 82871, "model": "building", "type": "3", "accuracy": "78.27", "area": "335.82", "address": "충청남도 천안시 서북구 백석동 716", "region_code": "4413310300", "memo": "" }, "geometry": { "type": "Polygon", "coordinates": [ [ [ 127.11251, 36.831028 ], [ 127.112448, 36.830883 ], [ 127.112582, 36.830846 ], [ 127.112644, 36.830991 ], [ 127.11251, 36.831028 ] ] ] } },
{ "type": "Feature", "properties": { "id": 82872, "model": "building", "type": "3", "accuracy": "85.83", "area": "292.67", "address": "충청남도 천안시 서북구 두정동 1373", "region_code": "4413310400", "memo": "" }, "geometry": { "type": "Polygon", "coordinates": [ [ [ 127.140152, 36.830863 ], [ 127.140152, 36.830945 ], [ 127.139922, 36.830945 ], [ 127.139922, 36.830863 ], [ 127.140152, 36.830863 ] ] ] } },
{ "type": "Feature", "properties": { "id": 82880, "model": "building", "type": "3", "accuracy": "91.48", "area": "2034.71", "address": "충청남도 천안시 서북구 두정동 1411", "region_code": "4413310400", "memo": "" }, "geometry": { "type": "Polygon", "coordinates": [ [ [ 127.142986, 36.830944 ], [ 127.142944, 36.830514 ], [ 127.143247, 36.830495 ], [ 127.143289, 36.830925 ], [ 127.142986, 36.830944 ] ] ] } },
{ "type": "Feature", "properties": { "id": 82882, "model": "building", "type": "3", "accuracy": "91.63", "area": "371.97", "address": "충청남도 천안시 서북구 두정동 35-3", "region_code": "4413310400", "memo": "" }, "geometry": { "type": "Polygon", "coordinates": [ [ [ 127.156059, 36.830544 ], [ 127.156024, 36.830734 ], [ 127.1559, 36.830719 ], [ 127.155935, 36.830529 ], [ 127.156059, 36.830544 ] ] ] } },
{ "type": "Feature", "properties": { "id": 82889, "model": "building", "type": "3", "accuracy": "73.02", "area": "279.60", "address": "충청남도 천안시 서북구 두정동 1359", "region_code": "4413310400", "memo": "" }, "geometry": { "type": "Polygon", "coordinates": [ [ [ 127.138601, 36.830466 ], [ 127.138602, 36.830605 ], [ 127.138471, 36.830605 ], [ 127.138471, 36.830467 ], [ 127.138601, 36.830466 ] ] ] } },
{ "type": "Feature", "properties": { "id": 82893, "model": "building", "type": "3", "accuracy": "63.04", "area": "204.79", "address": "충청남도 천안시 서북구 두정동 35-3", "region_code": "4413310400", "memo": "" }, "geometry": { "type": "Polygon", "coordinates": [ [ [ 127.155681, 36.830587 ], [ 127.155675, 36.830433 ], [ 127.155761, 36.830431 ], [ 127.155767, 36.830585 ], [ 127.155681, 36.830587 ] ] ] } },
{ "type": "Feature", "properties": { "id": 82897, "model": "building", "type": "2", "accuracy": "84.24", "area": "533.24", "address": "충청남도 천안시 동남구 신부동 287", "region_code": "4413111800", "memo": "" }, "geometry": { "type": "Polygon", "coordinates": [ [ [ 127.159674, 36.83029 ], [ 127.159946, 36.830303 ], [ 127.159936, 36.83043 ], [ 127.159665, 36.830417 ], [ 127.159674, 36.83029 ] ] ] } },
{ "type": "Feature", "properties": { "id": 82900, "model": "building", "type": "3", "accuracy": "80.22", "area": "297.31", "address": "충청남도 천안시 서북구 두정동 602-1", "region_code": "4413310400", "memo": "" }, "geometry": { "type": "Polygon", "coordinates": [ [ [ 127.127796, 36.830401 ], [ 127.12779, 36.830291 ], [ 127.127964, 36.830285 ], [ 127.127969, 36.830395 ], [ 127.127796, 36.830401 ] ] ] } },
{ "type": "Feature", "properties": { "id": 82902, "model": "building", "type": "3", "accuracy": "89.34", "area": "620.54", "address": "충청남도 천안시 서북구 백석동 1124", "region_code": "4413310300", "memo": "" }, "geometry": { "type": "Polygon", "coordinates": [ [ [ 127.116852, 36.83018 ], [ 127.116937, 36.830386 ], [ 127.116762, 36.830432 ], [ 127.116677, 36.830227 ], [ 127.116852, 36.83018 ] ] ] } },
{ "type": "Feature", "properties": { "id": 82908, "model": "building", "type": "1", "accuracy": "91.98", "area": "153.93", "address": "충청남도 천안시 서북구 백석동 574", "region_code": "4413310300", "memo": "" }, "geometry": { "type": "Polygon", "coordinates": [ [ [ 127.101682, 36.830192 ], [ 127.101724, 36.83009 ], [ 127.101812, 36.830114 ], [ 127.10177, 36.830216 ], [ 127.101682, 36.830192 ] ] ] } },
{ "type": "Feature", "properties": { "id": 82910, "model": "building", "type": "2", "accuracy": "95.75", "area": "110.07", "address": "충청남도 천안시 서북구 백석동 574", "region_code": "4413310300", "memo": "" }, "geometry": { "type": "Polygon", "coordinates": [ [ [ 127.103707, 36.830097 ], [ 127.103713, 36.830164 ], [ 127.103608, 36.830171 ], [ 127.103601, 36.830104 ], [ 127.103707, 36.830097 ] ] ] } },
{ "type": "Feature", "properties": { "id": 82911, "model": "building", "type": "3", "accuracy": "92.22", "area": "420.37", "address": "충청남도 천안시 서북구 두정동 1431", "region_code": "4413310400", "memo": "" }, "geometry": { "type": "Polygon", "coordinates": [ [ [ 127.144601, 36.83013 ], [ 127.144414, 36.830146 ], [ 127.144394, 36.830003 ], [ 127.144582, 36.829986 ], [ 127.144601, 36.83013 ] ] ] } },
{ "type": "Feature", "properties": { "id": 82912, "model": "building", "type": "3", "accuracy": "79.99", "area": "152.10", "address": "충청남도 천안시 서북구 백석동 574", "region_code": "4413310300", "memo": "" }, "geometry": { "type": "Polygon", "coordinates": [ [ [ 127.101361, 36.830072 ], [ 127.101301, 36.830178 ], [ 127.101224, 36.830151 ], [ 127.101285, 36.830044 ], [ 127.101361, 36.830072 ] ] ] } },
{ "type": "Feature", "properties": { "id": 82915, "model": "building", "type": "3", "accuracy": "82.89", "area": "158.60", "address": "충청남도 천안시 서북구 성정동 1145", "region_code": "4413310200", "memo": "" }, "geometry": { "type": "Polygon", "coordinates": [ [ [ 127.13437, 36.829975 ], [ 127.134491, 36.829974 ], [ 127.134493, 36.830058 ], [ 127.134371, 36.830059 ], [ 127.13437, 36.829975 ] ] ] } },
{ "type": "Feature", "properties": { "id": 82919, "model": "building", "type": "3", "accuracy": "88.02", "area": "276.36", "address": "충청남도 천안시 서북구 백석동 574", "region_code": "4413310300", "memo": "" }, "geometry": { "type": "Polygon", "coordinates": [ [ [ 127.101283, 36.830039 ], [ 127.101366, 36.82987 ], [ 127.101457, 36.829899 ], [ 127.101374, 36.830068 ], [ 127.101283, 36.830039 ] ] ] } },
{ "type": "Feature", "properties": { "id": 82922, "model": "building", "type": "3", "accuracy": "85.34", "area": "603.79", "address": "충청남도 천안시 동남구 신부동 245", "region_code": "4413111800", "memo": "" }, "geometry": { "type": "Polygon", "coordinates": [ [ [ 127.158344, 36.829939 ], [ 127.158018, 36.829941 ], [ 127.158017, 36.829822 ], [ 127.158343, 36.829819 ], [ 127.158344, 36.829939 ] ] ] } },
{ "type": "Feature", "properties": { "id": 82924, "model": "building", "type": "3", "accuracy": "64.98", "area": "351.31", "address": "충청남도 천안시 동남구 신부동 245", "region_code": "4413111800", "memo": "" }, "geometry": { "type": "Polygon", "coordinates": [ [ [ 127.158359, 36.829778 ], [ 127.158637, 36.829822 ], [ 127.158618, 36.8299 ], [ 127.15834, 36.829856 ], [ 127.158359, 36.829778 ] ] ] } },
{ "type": "Feature", "properties": { "id": 82927, "model": "building", "type": "3", "accuracy": "96.92", "area": "4879.34", "address": "충청남도 천안시 서북구 백석동 555-32", "region_code": "4413310300", "memo": "" }, "geometry": { "type": "Polygon", "coordinates": [ [ [ 127.109208, 36.830277 ], [ 127.108568, 36.829937 ], [ 127.108851, 36.829594 ], [ 127.10949, 36.829935 ], [ 127.109208, 36.830277 ] ] ] } },
{ "type": "Feature", "properties": { "id": 82928, "model": "building", "type": "1", "accuracy": "83.99", "area": "226.24", "address": "충청남도 천안시 서북구 백석동 574", "region_code": "4413310300", "memo": "" }, "geometry": { "type": "Polygon", "coordinates": [ [ [ 127.101395, 36.82976 ], [ 127.101512, 36.829781 ], [ 127.101479, 36.8299 ], [ 127.101362, 36.829879 ], [ 127.101395, 36.82976 ] ] ] } },
{ "type": "Feature", "properties": { "id": 82929, "model": "building", "type": "3", "accuracy": "85.1", "area": "235.96", "address": "충청남도 천안시 서북구 백석동 555-36", "region_code": "4413310300", "memo": "" }, "geometry": { "type": "Polygon", "coordinates": [ [ [ 127.106747, 36.829886 ], [ 127.106615, 36.829805 ], [ 127.106683, 36.829732 ], [ 127.106816, 36.829813 ], [ 127.106747, 36.829886 ] ] ] } },
{ "type": "Feature", "properties": { "id": 82931, "model": "building", "type": "3", "accuracy": "96.12", "area": "512.42", "address": "충청남도 천안시 동남구 신부동 208-23", "region_code": "4413111800", "memo": "" }, "geometry": { "type": "Polygon", "coordinates": [ [ [ 127.164265, 36.829577 ], [ 127.164428, 36.829688 ], [ 127.164303, 36.829806 ], [ 127.16414, 36.829695 ], [ 127.164265, 36.829577 ] ] ] } },
{ "type": "Feature", "properties": { "id": 82933, "model": "building", "type": "3", "accuracy": "93.04", "area": "647.80", "address": "충청남도 천안시 서북구 두정동 596", "region_code": "4413310400", "memo": "" }, "geometry": { "type": "Polygon", "coordinates": [ [ [ 127.12771, 36.829588 ], [ 127.127708, 36.829813 ], [ 127.127522, 36.829812 ], [ 127.127524, 36.829587 ], [ 127.12771, 36.829588 ] ] ] } },
{ "type": "Feature", "properties": { "id": 82936, "model": "building", "type": "3", "accuracy": "89.23", "area": "1633.82", "address": "충청남도 천안시 서북구 성정동 1328", "region_code": "4413310200", "memo": "" }, "geometry": { "type": "Polygon", "coordinates": [ [ [ 127.143153, 36.829759 ], [ 127.142811, 36.829791 ], [ 127.142767, 36.829487 ], [ 127.14311, 36.829455 ], [ 127.143153, 36.829759 ] ] ] } },
{ "type": "Feature", "properties": { "id": 82938, "model": "building", "type": "2", "accuracy": "89.62", "area": "282.64", "address": "충청남도 천안시 서북구 두정동 2082", "region_code": "4413310400", "memo": "" }, "geometry": { "type": "Polygon", "coordinates": [ [ [ 127.154085, 36.829627 ], [ 127.153866, 36.829627 ], [ 127.153866, 36.829544 ], [ 127.154085, 36.829543 ], [ 127.154085, 36.829627 ] ] ] } },
{ "type": "Feature", "properties": { "id": 82940, "model": "building", "type": "2", "accuracy": "95.42", "area": "316.62", "address": "충청남도 천안시 서북구 백석동 555-17", "region_code": "4413310300", "memo": "" }, "geometry": { "type": "Polygon", "coordinates": [ [ [ 127.112499, 36.829682 ], [ 127.112499, 36.829522 ], [ 127.112626, 36.829522 ], [ 127.112627, 36.829682 ], [ 127.112499, 36.829682 ] ] ] } },
{ "type": "Feature", "properties": { "id": 82942, "model": "building", "type": "3", "accuracy": "60.25", "area": "169.25", "address": "충청남도 천안시 서북구 두정동 2082", "region_code": "4413310400", "memo": "" }, "geometry": { "type": "Polygon", "coordinates": [ [ [ 127.153762, 36.82948 ], [ 127.1539, 36.82954 ], [ 127.153859, 36.829601 ], [ 127.153721, 36.829542 ], [ 127.153762, 36.82948 ] ] ] } },
{ "type": "Feature", "properties": { "id": 82943, "model": "building", "type": "3", "accuracy": "72.73", "area": "292.16", "address": "충청남도 천안시 동남구 신부동 289-44", "region_code": "4413111800", "memo": "" }, "geometry": { "type": "Polygon", "coordinates": [ [ [ 127.157469, 36.829485 ], [ 127.157355, 36.829611 ], [ 127.157257, 36.829555 ], [ 127.157371, 36.829428 ], [ 127.157469, 36.829485 ] ] ] } },
{ "type": "Feature", "properties": { "id": 82946, "model": "building", "type": "3", "accuracy": "94.72", "area": "192.08", "address": "충청남도 천안시 서북구 백석동 430-2", "region_code": "4413310300", "memo": "" }, "geometry": { "type": "Polygon", "coordinates": [ [ [ 127.117738, 36.829516 ], [ 127.117542, 36.82957 ], [ 127.117518, 36.829513 ], [ 127.117714, 36.829459 ], [ 127.117738, 36.829516 ] ] ] } },
{ "type": "Feature", "properties": { "id": 82947, "model": "building", "type": "2", "accuracy": "96.13", "area": "1024.15", "address": "충청남도 천안시 서북구 백석동 430-2", "region_code": "4413310300", "memo": "" }, "geometry": { "type": "Polygon", "coordinates": [ [ [ 127.117679, 36.829304 ], [ 127.117751, 36.82951 ], [ 127.117453, 36.829577 ], [ 127.117381, 36.829371 ], [ 127.117679, 36.829304 ] ] ] } },
{ "type": "Feature", "properties": { "id": 82948, "model": "building", "type": "3", "accuracy": "73.89", "area": "176.21", "address": "충청남도 천안시 서북구 백석동 555-20", "region_code": "4413310300", "memo": "" }, "geometry": { "type": "Polygon", "coordinates": [ [ [ 127.111074, 36.829379 ], [ 127.111233, 36.829416 ], [ 127.111209, 36.829483 ], [ 127.11105, 36.829446 ], [ 127.111074, 36.829379 ] ] ] } },
{ "type": "Feature", "properties": { "id": 82950, "model": "building", "type": "3", "accuracy": "88.18", "area": "278.20", "address": "충청남도 천안시 서북구 두정동 603", "region_code": "4413310400", "memo": "" }, "geometry": { "type": "Polygon", "coordinates": [ [ [ 127.128607, 36.829365 ], [ 127.128793, 36.829351 ], [ 127.128804, 36.829447 ], [ 127.128618, 36.829461 ], [ 127.128607, 36.829365 ] ] ] } },
{ "type": "Feature", "properties": { "id": 82951, "model": "building", "type": "1", "accuracy": "78.46", "area": "476.48", "address": "충청남도 천안시 서북구 백석동 555-17", "region_code": "4413310300", "memo": "" }, "geometry": { "type": "Polygon", "coordinates": [ [ [ 127.112551, 36.82948 ], [ 127.11255, 36.829266 ], [ 127.112693, 36.829265 ], [ 127.112695, 36.82948 ], [ 127.112551, 36.82948 ] ] ] } },
{ "type": "Feature", "properties": { "id": 82952, "model": "building", "type": "3", "accuracy": "89.28", "area": "1729.71", "address": "충청남도 천안시 서북구 성정동 1331", "region_code": "4413310200", "memo": "" }, "geometry": { "type": "Polygon", "coordinates": [ [ [ 127.14306, 36.829183 ], [ 127.143086, 36.82946 ], [ 127.142686, 36.829485 ], [ 127.142659, 36.829208 ], [ 127.14306, 36.829183 ] ] ] } },
{ "type": "Feature", "properties": { "id": 82954, "model": "building", "type": "3", "accuracy": "94.99", "area": "2277.75", "address": "충청남도 천안시 서북구 두정동 2082", "region_code": "4413310400", "memo": "" }, "geometry": { "type": "Polygon", "coordinates": [ [ [ 127.154787, 36.82917 ], [ 127.155356, 36.829235 ], [ 127.155311, 36.829488 ], [ 127.154742, 36.829423 ], [ 127.154787, 36.82917 ] ] ] } },
{ "type": "Feature", "properties": { "id": 82958, "model": "building", "type": "3", "accuracy": "76.18", "area": "227.54", "address": "충청남도 천안시 서북구 백석동 555-17", "region_code": "4413310300", "memo": "" }, "geometry": { "type": "Polygon", "coordinates": [ [ [ 127.112609, 36.829233 ], [ 127.112699, 36.829363 ], [ 127.112614, 36.829402 ], [ 127.112523, 36.829272 ], [ 127.112609, 36.829233 ] ] ] } },
{ "type": "Feature", "properties": { "id": 82959, "model": "building", "type": "3", "accuracy": "93.73", "area": "373.22", "address": "충청남도 천안시 서북구 백석동 555-20", "region_code": "4413310300", "memo": "" }, "geometry": { "type": "Polygon", "coordinates": [ [ [ 127.111009, 36.829427 ], [ 127.110775, 36.829281 ], [ 127.110837, 36.829217 ], [ 127.111071, 36.829363 ], [ 127.111009, 36.829427 ] ] ] } },
{ "type": "Feature", "properties": { "id": 82960, "model": "building", "type": "3", "accuracy": "95.69", "area": "2404.56", "address": "충청남도 천안시 서북구 두정동 2082", "region_code": "4413310400", "memo": "" }, "geometry": { "type": "Polygon", "coordinates": [ [ [ 127.154077, 36.829107 ], [ 127.154672, 36.829158 ], [ 127.154638, 36.829416 ], [ 127.154044, 36.829366 ], [ 127.154077, 36.829107 ] ] ] } },
{ "type": "Feature", "properties": { "id": 82968, "model": "building", "type": "1", "accuracy": "86.37", "area": "622.69", "address": "충청남도 천안시 동남구 신부동 280-19", "region_code": "4413111800", "memo": "" }, "geometry": { "type": "Polygon", "coordinates": [ [ [ 127.161009, 36.829192 ], [ 127.161156, 36.829003 ], [ 127.16131, 36.829081 ], [ 127.161163, 36.829269 ], [ 127.161009, 36.829192 ] ] ] } },
{ "type": "Feature", "properties": { "id": 82970, "model": "building", "type": "3", "accuracy": "95.43", "area": "2338.72", "address": "충청남도 천안시 서북구 두정동 2082", "region_code": "4413310400", "memo": "" }, "geometry": { "type": "Polygon", "coordinates": [ [ [ 127.153963, 36.829207 ], [ 127.153605, 36.829419 ], [ 127.153354, 36.829145 ], [ 127.153713, 36.828934 ], [ 127.153963, 36.829207 ] ] ] } },
{ "type": "Feature", "properties": { "id": 82971, "model": "building", "type": "1", "accuracy": "93.04", "area": "1335.64", "address": "충청남도 천안시 서북구 백석동 555-17", "region_code": "4413310300", "memo": "" }, "geometry": { "type": "Polygon", "coordinates": [ [ [ 127.112077, 36.82904 ], [ 127.112378, 36.829042 ], [ 127.112376, 36.829329 ], [ 127.112074, 36.829327 ], [ 127.112077, 36.82904 ] ] ] } },
{ "type": "Feature", "properties": { "id": 82972, "model": "building", "type": "3", "accuracy": "96.53", "area": "611.07", "address": "충청남도 천안시 서북구 백석동 555-37", "region_code": "4413310300", "memo": "" }, "geometry": { "type": "Polygon", "coordinates": [ [ [ 127.106748, 36.82927 ], [ 127.106544, 36.829149 ], [ 127.106659, 36.829023 ], [ 127.106863, 36.829144 ], [ 127.106748, 36.82927 ] ] ] } },
{ "type": "Feature", "properties": { "id": 82974, "model": "building", "type": "3", "accuracy": "96.22", "area": "2074.81", "address": "충청남도 천안시 서북구 두정동 2082", "region_code": "4413310400", "memo": "" }, "geometry": { "type": "Polygon", "coordinates": [ [ [ 127.152959, 36.829279 ], [ 127.152728, 36.828995 ], [ 127.153059, 36.828822 ], [ 127.15329, 36.829106 ], [ 127.152959, 36.829279 ] ] ] } },
{ "type": "Feature", "properties": { "id": 82982, "model": "building", "type": "2", "accuracy": "98.44", "area": "227.08", "address": "충청남도 천안시 서북구 백석동 421", "region_code": "4413310300", "memo": "" }, "geometry": { "type": "Polygon", "coordinates": [ [ [ 127.118492, 36.828996 ], [ 127.118381, 36.829021 ], [ 127.118338, 36.828898 ], [ 127.118448, 36.828873 ], [ 127.118492, 36.828996 ] ] ] } },
{ "type": "Feature", "properties": { "id": 82983, "model": "building", "type": "1", "accuracy": "85.98", "area": "141.40", "address": "충청남도 천안시 동남구 신부동 280-1", "region_code": "4413111800", "memo": "" }, "geometry": { "type": "Polygon", "coordinates": [ [ [ 127.161385, 36.828843 ], [ 127.161323, 36.828956 ], [ 127.161255, 36.828933 ], [ 127.161317, 36.828819 ], [ 127.161385, 36.828843 ] ] ] } },
{ "type": "Feature", "properties": { "id": 82986, "model": "building", "type": "3", "accuracy": "90.24", "area": "679.36", "address": "충청남도 천안시 동남구 신부동 280-1", "region_code": "4413111800", "memo": "" }, "geometry": { "type": "Polygon", "coordinates": [ [ [ 127.161366, 36.828838 ], [ 127.161313, 36.828975 ], [ 127.161022, 36.828902 ], [ 127.161076, 36.828764 ], [ 127.161366, 36.828838 ] ] ] } },
{ "type": "Feature", "properties": { "id": 82987, "model": "building", "type": "3", "accuracy": "93.33", "area": "2483.89", "address": "충청남도 천안시 서북구 두정동 2082", "region_code": "4413310400", "memo": "" }, "geometry": { "type": "Polygon", "coordinates": [ [ [ 127.15551, 36.828672 ], [ 127.156111, 36.828777 ], [ 127.156043, 36.829032 ], [ 127.155441, 36.828927 ], [ 127.15551, 36.828672 ] ] ] } },
{ "type": "Feature", "properties": { "id": 82988, "model": "building", "type": "3", "accuracy": "69.29", "area": "136.06", "address": "충청남도 천안시 서북구 성정동 24-31", "region_code": "4413310200", "memo": "" }, "geometry": { "type": "Polygon", "coordinates": [ [ [ 127.145841, 36.828821 ], [ 127.146054, 36.82882 ], [ 127.146055, 36.828862 ], [ 127.145841, 36.828862 ], [ 127.145841, 36.828821 ] ] ] } },
{ "type": "Feature", "properties": { "id": 82993, "model": "building", "type": "1", "accuracy": "96.01", "area": "136.00", "address": "충청남도 천안시 동남구 신부동 200-6", "region_code": "4413111800", "memo": "" }, "geometry": { "type": "Polygon", "coordinates": [ [ [ 127.166531, 36.828665 ], [ 127.166554, 36.828773 ], [ 127.166475, 36.828784 ], [ 127.166453, 36.828676 ], [ 127.166531, 36.828665 ] ] ] } },
{ "type": "Feature", "properties": { "id": 82997, "model": "building", "type": "3", "accuracy": "90.8", "area": "271.25", "address": "충청남도 천안시 동남구 신부동 17-1", "region_code": "4413111800", "memo": "" }, "geometry": { "type": "Polygon", "coordinates": [ [ [ 127.169803, 36.828598 ], [ 127.170012, 36.828748 ], [ 127.16996, 36.828795 ], [ 127.169751, 36.828644 ], [ 127.169803, 36.828598 ] ] ] } },
{ "type": "Feature", "properties": { "id": 82999, "model": "building", "type": "3", "accuracy": "96.27", "area": "2386.84", "address": "충청남도 천안시 서북구 두정동 2082", "region_code": "4413310400", "memo": "" }, "geometry": { "type": "Polygon", "coordinates": [ [ [ 127.154837, 36.828512 ], [ 127.155432, 36.828615 ], [ 127.155366, 36.828863 ], [ 127.154771, 36.82876 ], [ 127.154837, 36.828512 ] ] ] } },
{ "type": "Feature", "properties": { "id": 83003, "model": "building", "type": "3", "accuracy": "76.33", "area": "129.51", "address": "충청남도 천안시 서북구 성정동 24-31", "region_code": "4413310200", "memo": "" }, "geometry": { "type": "Polygon", "coordinates": [ [ [ 127.145908, 36.828657 ], [ 127.146054, 36.828646 ], [ 127.14606, 36.828703 ], [ 127.145914, 36.828714 ], [ 127.145908, 36.828657 ] ] ] } },
{ "type": "Feature", "properties": { "id": 83004, "model": "building", "type": "3", "accuracy": "92.96", "area": "440.91", "address": "충청남도 천안시 동남구 신부동 205-4", "region_code": "4413111800", "memo": "" }, "geometry": { "type": "Polygon", "coordinates": [ [ [ 127.165181, 36.828503 ], [ 127.16533, 36.828622 ], [ 127.16521, 36.828719 ], [ 127.165062, 36.8286 ], [ 127.165181, 36.828503 ] ] ] } },
{ "type": "Feature", "properties": { "id": 83007, "model": "building", "type": "3", "accuracy": "96.68", "area": "2423.10", "address": "충청남도 천안시 서북구 두정동 2082", "region_code": "4413310400", "memo": "" }, "geometry": { "type": "Polygon", "coordinates": [ [ [ 127.154159, 36.828411 ], [ 127.154769, 36.828451 ], [ 127.154743, 36.828706 ], [ 127.154133, 36.828666 ], [ 127.154159, 36.828411 ] ] ] } },
{ "type": "Feature", "properties": { "id": 83008, "model": "building", "type": "3", "accuracy": "91.03", "area": "253.33", "address": "충청남도 천안시 동남구 신부동 1004", "region_code": "4413111800", "memo": "" }, "geometry": { "type": "Polygon", "coordinates": [ [ [ 127.160472, 36.828549 ], [ 127.16055, 36.828464 ], [ 127.160674, 36.828539 ], [ 127.160596, 36.828623 ], [ 127.160472, 36.828549 ] ] ] } },
{ "type": "Feature", "properties": { "id": 83009, "model": "building", "type": "3", "accuracy": "97.11", "area": "679.38", "address": "충청남도 천안시 서북구 성정동 1377", "region_code": "4413310200", "memo": "" }, "geometry": { "type": "Polygon", "coordinates": [ [ [ 127.144591, 36.828656 ], [ 127.144572, 36.828453 ], [ 127.144787, 36.82844 ], [ 127.144805, 36.828644 ], [ 127.144591, 36.828656 ] ] ] } },
{ "type": "Feature", "properties": { "id": 83011, "model": "building", "type": "1", "accuracy": "78.56", "area": "163.30", "address": "충청남도 천안시 서북구 성정동 24-9", "region_code": "4413310200", "memo": "" }, "geometry": { "type": "Polygon", "coordinates": [ [ [ 127.149943, 36.828523 ], [ 127.14983, 36.828575 ], [ 127.14978, 36.828505 ], [ 127.149893, 36.828453 ], [ 127.149943, 36.828523 ] ] ] } },
{ "type": "Feature", "properties": { "id": 83012, "model": "building", "type": "3", "accuracy": "96.97", "area": "754.73", "address": "충청남도 천안시 서북구 두정동 2082", "region_code": "4413310400", "memo": "" }, "geometry": { "type": "Polygon", "coordinates": [ [ [ 127.15616, 36.828505 ], [ 127.155856, 36.828608 ], [ 127.155785, 36.828472 ], [ 127.156089, 36.828369 ], [ 127.15616, 36.828505 ] ] ] } },
{ "type": "Feature", "properties": { "id": 83014, "model": "building", "type": "1", "accuracy": "76.35", "area": "370.57", "address": "충청남도 천안시 서북구 백석동 555-27", "region_code": "4413310300", "memo": "" }, "geometry": { "type": "Polygon", "coordinates": [ [ [ 127.108311, 36.828412 ], [ 127.108518, 36.828535 ], [ 127.10845, 36.82861 ], [ 127.108242, 36.828487 ], [ 127.108311, 36.828412 ] ] ] } },
{ "type": "Feature", "properties": { "id": 83016, "model": "building", "type": "3", "accuracy": "96.29", "area": "1467.20", "address": "충청남도 천안시 동남구 신부동 1004", "region_code": "4413111800", "memo": "" }, "geometry": { "type": "Polygon", "coordinates": [ [ [ 127.160592, 36.828355 ], [ 127.160494, 36.828669 ], [ 127.16021, 36.828612 ], [ 127.160309, 36.828298 ], [ 127.160592, 36.828355 ] ] ] } },
{ "type": "Feature", "properties": { "id": 83017, "model": "building", "type": "3", "accuracy": "95.59", "area": "2073.57", "address": "충청남도 천안시 서북구 두정동 2082", "region_code": "4413310400", "memo": "" }, "geometry": { "type": "Polygon", "coordinates": [ [ [ 127.153481, 36.828424 ], [ 127.153831, 36.82828 ], [ 127.154025, 36.828582 ], [ 127.153675, 36.828727 ], [ 127.153481, 36.828424 ] ] ] } },
{ "type": "Feature", "properties": { "id": 83018, "model": "building", "type": "3", "accuracy": "95.49", "area": "2097.87", "address": "충청남도 천안시 동남구 신부동 1004", "region_code": "4413111800", "memo": "" }, "geometry": { "type": "Polygon", "coordinates": [ [ [ 127.161121, 36.828299 ], [ 127.161584, 36.828278 ], [ 127.161604, 36.82857 ], [ 127.161141, 36.828591 ], [ 127.161121, 36.828299 ] ] ] } },
{ "type": "Feature", "properties": { "id": 83020, "model": "building", "type": "2", "accuracy": "83.82", "area": "487.65", "address": "충청남도 천안시 동남구 신부동 1006", "region_code": "4413111800", "memo": "" }, "geometry": { "type": "Polygon", "coordinates": [ [ [ 127.161903, 36.828287 ], [ 127.161811, 36.828514 ], [ 127.161685, 36.828481 ], [ 127.161777, 36.828254 ], [ 127.161903, 36.828287 ] ] ] } },
{ "type": "Feature", "properties": { "id": 83021, "model": "building", "type": "3", "accuracy": "92.35", "area": "832.15", "address": "충청남도 천안시 동남구 신부동 287-27", "region_code": "4413111800", "memo": "" }, "geometry": { "type": "Polygon", "coordinates": [ [ [ 127.159082, 36.828493 ], [ 127.159179, 36.82824 ], [ 127.159373, 36.828288 ], [ 127.159276, 36.828541 ], [ 127.159082, 36.828493 ] ] ] } },
{ "type": "Feature", "properties": { "id": 83022, "model": "building", "type": "3", "accuracy": "75.19", "area": "306.74", "address": "충청남도 천안시 서북구 두정동 2082", "region_code": "4413310400", "memo": "" }, "geometry": { "type": "Polygon", "coordinates": [ [ [ 127.155133, 36.828386 ], [ 127.154945, 36.828459 ], [ 127.154894, 36.828374 ], [ 127.155082, 36.828301 ], [ 127.155133, 36.828386 ] ] ] } },
{ "type": "Feature", "properties": { "id": 83024, "model": "building", "type": "3", "accuracy": "96.21", "area": "2211.85", "address": "충청남도 천안시 서북구 두정동 2082", "region_code": "4413310400", "memo": "" }, "geometry": { "type": "Polygon", "coordinates": [ [ [ 127.153047, 36.828626 ], [ 127.152824, 36.82833 ], [ 127.153177, 36.828158 ], [ 127.1534, 36.828454 ], [ 127.153047, 36.828626 ] ] ] } },
{ "type": "Feature", "properties": { "id": 83028, "model": "building", "type": "3", "accuracy": "73.79", "area": "680.33", "address": "충청남도 천안시 서북구 두정동 2082", "region_code": "4413310400", "memo": "" }, "geometry": { "type": "Polygon", "coordinates": [ [ [ 127.154903, 36.828384 ], [ 127.154641, 36.828347 ], [ 127.154677, 36.828184 ], [ 127.154938, 36.828221 ], [ 127.154903, 36.828384 ] ] ] } },
{ "type": "Feature", "properties": { "id": 83029, "model": "building", "type": "3", "accuracy": "97.31", "area": "2017.72", "address": "충청남도 천안시 서북구 백석동 555-21", "region_code": "4413310300", "memo": "" }, "geometry": { "type": "Polygon", "coordinates": [ [ [ 127.110733, 36.828029 ], [ 127.11104, 36.828213 ], [ 127.110786, 36.828486 ], [ 127.110479, 36.828301 ], [ 127.110733, 36.828029 ] ] ] } },
{ "type": "Feature", "properties": { "id": 83030, "model": "building", "type": "3", "accuracy": "74.55", "area": "399.87", "address": "충청남도 천안시 동남구 신부동 205-50", "region_code": "4413111800", "memo": "" }, "geometry": { "type": "Polygon", "coordinates": [ [ [ 127.164594, 36.828227 ], [ 127.164709, 36.828115 ], [ 127.164846, 36.828205 ], [ 127.164731, 36.828318 ], [ 127.164594, 36.828227 ] ] ] } },
{ "type": "Feature", "properties": { "id": 83035, "model": "building", "type": "3", "accuracy": "95.06", "area": "673.45", "address": "충청남도 천안시 동남구 신부동 1004", "region_code": "4413111800", "memo": "" }, "geometry": { "type": "Polygon", "coordinates": [ [ [ 127.161787, 36.82805 ], [ 127.161557, 36.828281 ], [ 127.161442, 36.828207 ], [ 127.161673, 36.827976 ], [ 127.161787, 36.82805 ] ] ] } },
{ "type": "Feature", "properties": { "id": 83038, "model": "building", "type": "3", "accuracy": "96", "area": "2064.92", "address": "충청남도 천안시 동남구 신부동 1004", "region_code": "4413111800", "memo": "" }, "geometry": { "type": "Polygon", "coordinates": [ [ [ 127.15958, 36.827981 ], [ 127.160028, 36.827929 ], [ 127.16008, 36.82822 ], [ 127.159632, 36.828272 ], [ 127.15958, 36.827981 ] ] ] } },
{ "type": "Feature", "properties": { "id": 83039, "model": "building", "type": "3", "accuracy": "95.24", "area": "3334.87", "address": "충청남도 천안시 동남구 신부동 1004", "region_code": "4413111800", "memo": "" }, "geometry": { "type": "Polygon", "coordinates": [ [ [ 127.160672, 36.827867 ], [ 127.161285, 36.827912 ], [ 127.161245, 36.828261 ], [ 127.160632, 36.828216 ], [ 127.160672, 36.827867 ] ] ] } },
{ "type": "Feature", "properties": { "id": 83044, "model": "building", "type": "3", "accuracy": "81.8", "area": "8897.25", "address": "충청남도 천안시 서북구 백석동 555-27", "region_code": "4413310300", "memo": "" }, "geometry": { "type": "Polygon", "coordinates": [ [ [ 127.109128, 36.827875 ], [ 127.108496, 36.828613 ], [ 127.107968, 36.828321 ], [ 127.108599, 36.827583 ], [ 127.109128, 36.827875 ] ] ] } },
{ "type": "Feature", "properties": { "id": 83046, "model": "building", "type": "3", "accuracy": "94.19", "area": "307.46", "address": "충청남도 천안시 동남구 신부동 1004", "region_code": "4413111800", "memo": "" }, "geometry": { "type": "Polygon", "coordinates": [ [ [ 127.159265, 36.82791 ], [ 127.159466, 36.828031 ], [ 127.159407, 36.828095 ], [ 127.159206, 36.827973 ], [ 127.159265, 36.82791 ] ] ] } },
{ "type": "Feature", "properties": { "id": 83052, "model": "building", "type": "3", "accuracy": "96.39", "area": "821.50", "address": "충청남도 천안시 서북구 두정동 2082", "region_code": "4413310400", "memo": "" }, "geometry": { "type": "Polygon", "coordinates": [ [ [ 127.153265, 36.827848 ], [ 127.153048, 36.828072 ], [ 127.1529, 36.827979 ], [ 127.153118, 36.827756 ], [ 127.153265, 36.827848 ] ] ] } },
{ "type": "Feature", "properties": { "id": 83056, "model": "building", "type": "3", "accuracy": "95.62", "area": "2640.35", "address": "충청남도 천안시 동남구 신부동 1004", "region_code": "4413111800", "memo": "" }, "geometry": { "type": "Polygon", "coordinates": [ [ [ 127.159133, 36.827572 ], [ 127.15969, 36.827695 ], [ 127.159593, 36.82798 ], [ 127.159036, 36.827857 ], [ 127.159133, 36.827572 ] ] ] } },
{ "type": "Feature", "properties": { "id": 83058, "model": "building", "type": "2", "accuracy": "97.12", "area": "1368.73", "address": "충청남도 천안시 서북구 백석동 433-3", "region_code": "4413310300", "memo": "" }, "geometry": { "type": "Polygon", "coordinates": [ [ [ 127.116735, 36.828068 ], [ 127.116674, 36.827614 ], [ 127.116866, 36.827597 ], [ 127.116928, 36.828051 ], [ 127.116735, 36.828068 ] ] ] } },
{ "type": "Feature", "properties": { "id": 83059, "model": "building", "type": "3", "accuracy": "81.09", "area": "121.06", "address": "충청남도 천안시 서북구 성정동 1492", "region_code": "4413310200", "memo": "" }, "geometry": { "type": "Polygon", "coordinates": [ [ [ 127.139852, 36.82782 ], [ 127.139851, 36.827699 ], [ 127.139916, 36.827699 ], [ 127.139916, 36.82782 ], [ 127.139852, 36.82782 ] ] ] } },
{ "type": "Feature", "properties": { "id": 83060, "model": "building", "type": "1", "accuracy": "70.68", "area": "516.39", "address": "충청남도 천안시 서북구 백석동 462-39", "region_code": "4413310300", "memo": "" }, "geometry": { "type": "Polygon", "coordinates": [ [ [ 127.114499, 36.827654 ], [ 127.114664, 36.827718 ], [ 127.114565, 36.827882 ], [ 127.1144, 36.827818 ], [ 127.114499, 36.827654 ] ] ] } },
{ "type": "Feature", "properties": { "id": 83061, "model": "building", "type": "3", "accuracy": "96.25", "area": "2507.03", "address": "충청남도 천안시 동남구 신부동 1004", "region_code": "4413111800", "memo": "" }, "geometry": { "type": "Polygon", "coordinates": [ [ [ 127.159874, 36.827625 ], [ 127.160371, 36.827478 ], [ 127.160502, 36.827764 ], [ 127.160005, 36.827912 ], [ 127.159874, 36.827625 ] ] ] } },
{ "type": "Feature", "properties": { "id": 83062, "model": "building", "type": "1", "accuracy": "91.21", "area": "425.78", "address": "충청남도 천안시 서북구 성정동 24-28", "region_code": "4413310200", "memo": "" }, "geometry": { "type": "Polygon", "coordinates": [ [ [ 127.145925, 36.827593 ], [ 127.145953, 36.827761 ], [ 127.145792, 36.827778 ], [ 127.145764, 36.82761 ], [ 127.145925, 36.827593 ] ] ] } },
{ "type": "Feature", "properties": { "id": 83063, "model": "building", "type": "3", "accuracy": "93.02", "area": "219.36", "address": "충청남도 천안시 동남구 신부동 190-4", "region_code": "4413111800", "memo": "" }, "geometry": { "type": "Polygon", "coordinates": [ [ [ 127.168637, 36.827566 ], [ 127.168678, 36.827695 ], [ 127.168575, 36.827716 ], [ 127.168534, 36.827587 ], [ 127.168637, 36.827566 ] ] ] } },
{ "type": "Feature", "properties": { "id": 83066, "model": "building", "type": "2", "accuracy": "97.51", "area": "719.63", "address": "충청남도 천안시 서북구 백석동 410-2", "region_code": "4413310300", "memo": "" }, "geometry": { "type": "Polygon", "coordinates": [ [ [ 127.117244, 36.827555 ], [ 127.117405, 36.827538 ], [ 127.117451, 36.82782 ], [ 127.11729, 36.827837 ], [ 127.117244, 36.827555 ] ] ] } },
{ "type": "Feature", "properties": { "id": 83067, "model": "building", "type": "2", "accuracy": "96.14", "area": "531.25", "address": "충청남도 천안시 서북구 백석동 419-4", "region_code": "4413310300", "memo": "" }, "geometry": { "type": "Polygon", "coordinates": [ [ [ 127.117654, 36.827796 ], [ 127.117565, 36.827582 ], [ 127.117709, 36.827543 ], [ 127.117798, 36.827757 ], [ 127.117654, 36.827796 ] ] ] } },
{ "type": "Feature", "properties": { "id": 83070, "model": "building", "type": "2", "accuracy": "97", "area": "186.49", "address": "충청남도 천안시 서북구 백석동 414-1", "region_code": "4413310300", "memo": "" }, "geometry": { "type": "Polygon", "coordinates": [ [ [ 127.11798, 36.827522 ], [ 127.118016, 36.827601 ], [ 127.117883, 36.827641 ], [ 127.117846, 36.827561 ], [ 127.11798, 36.827522 ] ] ] } },
{ "type": "Feature", "properties": { "id": 83072, "model": "building", "type": "2", "accuracy": "92.47", "area": "900.99", "address": "충청남도 천안시 서북구 백석동 416-2", "region_code": "4413310300", "memo": "" }, "geometry": { "type": "Polygon", "coordinates": [ [ [ 127.118181, 36.827345 ], [ 127.118336, 36.827705 ], [ 127.118191, 36.827745 ], [ 127.118037, 36.827385 ], [ 127.118181, 36.827345 ] ] ] } },
{ "type": "Feature", "properties": { "id": 83074, "model": "building", "type": "3", "accuracy": "96.34", "area": "488.97", "address": "충청남도 천안시 동남구 신부동 1004", "region_code": "4413111800", "memo": "" }, "geometry": { "type": "Polygon", "coordinates": [ [ [ 127.159974, 36.827565 ], [ 127.159771, 36.827447 ], [ 127.159863, 36.827345 ], [ 127.160066, 36.827463 ], [ 127.159974, 36.827565 ] ] ] } },
{ "type": "Feature", "properties": { "id": 83075, "model": "building", "type": "3", "accuracy": "95.81", "area": "1842.92", "address": "충청남도 천안시 동남구 신부동 190-2", "region_code": "4413111800", "memo": "" }, "geometry": { "type": "Polygon", "coordinates": [ [ [ 127.168696, 36.82713 ], [ 127.169028, 36.827419 ], [ 127.168806, 36.827584 ], [ 127.168474, 36.827295 ], [ 127.168696, 36.82713 ] ] ] } },
{ "type": "Feature", "properties": { "id": 83076, "model": "building", "type": "3", "accuracy": "74.56", "area": "206.75", "address": "충청남도 천안시 서북구 백석동 405-1", "region_code": "4413310300", "memo": "" }, "geometry": { "type": "Polygon", "coordinates": [ [ [ 127.116033, 36.82742 ], [ 127.116182, 36.827381 ], [ 127.116215, 36.827461 ], [ 127.116066, 36.827501 ], [ 127.116033, 36.82742 ] ] ] } },
{ "type": "Feature", "properties": { "id": 83077, "model": "building", "type": "2", "accuracy": "83.79", "area": "167.99", "address": "충청남도 천안시 서북구 백석동 411-1", "region_code": "4413310300", "memo": "" }, "geometry": { "type": "Polygon", "coordinates": [ [ [ 127.116704, 36.827502 ], [ 127.116665, 36.827417 ], [ 127.116776, 36.827383 ], [ 127.116816, 36.827468 ], [ 127.116704, 36.827502 ] ] ] } },
{ "type": "Feature", "properties": { "id": 83079, "model": "building", "type": "2", "accuracy": "97.87", "area": "349.52", "address": "충청남도 천안시 서북구 백석동 411-1", "region_code": "4413310300", "memo": "" }, "geometry": { "type": "Polygon", "coordinates": [ [ [ 127.116821, 36.827358 ], [ 127.11705, 36.827334 ], [ 127.117065, 36.827431 ], [ 127.116836, 36.827455 ], [ 127.116821, 36.827358 ] ] ] } },
{ "type": "Feature", "properties": { "id": 83083, "model": "building", "type": "1", "accuracy": "87.15", "area": "170.14", "address": "충청남도 천안시 동남구 신부동 147-3", "region_code": "4413111800", "memo": "" }, "geometry": { "type": "Polygon", "coordinates": [ [ [ 127.157757, 36.827344 ], [ 127.157596, 36.827274 ], [ 127.157631, 36.827221 ], [ 127.157792, 36.827291 ], [ 127.157757, 36.827344 ] ] ] } },
{ "type": "Feature", "properties": { "id": 83095, "model": "building", "type": "2", "accuracy": "78.07", "area": "282.48", "address": "충청남도 천안시 서북구 성정동 21-2", "region_code": "4413310200", "memo": "" }, "geometry": { "type": "Polygon", "coordinates": [ [ [ 127.150064, 36.827172 ], [ 127.149926, 36.827182 ], [ 127.14991, 36.827051 ], [ 127.150048, 36.827041 ], [ 127.150064, 36.827172 ] ] ] } },
{ "type": "Feature", "properties": { "id": 83100, "model": "building", "type": "3", "accuracy": "83.46", "area": "216.08", "address": "충청남도 천안시 동남구 신부동 297-4", "region_code": "4413111800", "memo": "" }, "geometry": { "type": "Polygon", "coordinates": [ [ [ 127.157056, 36.827041 ], [ 127.156933, 36.827019 ], [ 127.156963, 36.826911 ], [ 127.157086, 36.826934 ], [ 127.157056, 36.827041 ] ] ] } },
{ "type": "Feature", "properties": { "id": 83102, "model": "building", "type": "3", "accuracy": "75.98", "area": "177.61", "address": "충청남도 천안시 서북구 백석동 1152", "region_code": "4413310300", "memo": "" }, "geometry": { "type": "Polygon", "coordinates": [ [ [ 127.123008, 36.826897 ], [ 127.123125, 36.826901 ], [ 127.12312, 36.826998 ], [ 127.123002, 36.826994 ], [ 127.123008, 36.826897 ] ] ] } },
{ "type": "Feature", "properties": { "id": 83104, "model": "building", "type": "3", "accuracy": "71.96", "area": "214.98", "address": "충청남도 천안시 서북구 백석동 1151", "region_code": "4413310300", "memo": "" }, "geometry": { "type": "Polygon", "coordinates": [ [ [ 127.123382, 36.826933 ], [ 127.123386, 36.82683 ], [ 127.123521, 36.826834 ], [ 127.123517, 36.826936 ], [ 127.123382, 36.826933 ] ] ] } },
{ "type": "Feature", "properties": { "id": 83105, "model": "building", "type": "3", "accuracy": "84.9", "area": "641.71", "address": "충청남도 천안시 서북구 백석동 555-47", "region_code": "4413310300", "memo": "" }, "geometry": { "type": "Polygon", "coordinates": [ [ [ 127.109545, 36.826717 ], [ 127.109773, 36.826844 ], [ 127.109667, 36.826967 ], [ 127.109439, 36.826839 ], [ 127.109545, 36.826717 ] ] ] } },
{ "type": "Feature", "properties": { "id": 83107, "model": "building", "type": "3", "accuracy": "61.27", "area": "210.47", "address": "충청남도 천안시 서북구 성정동 1518", "region_code": "4413310200", "memo": "" }, "geometry": { "type": "Polygon", "coordinates": [ [ [ 127.138286, 36.826837 ], [ 127.138034, 36.826796 ], [ 127.138047, 36.826744 ], [ 127.138299, 36.826786 ], [ 127.138286, 36.826837 ] ] ] } },
{ "type": "Feature", "properties": { "id": 83108, "model": "building", "type": "2", "accuracy": "98.29", "area": "1600.98", "address": "충청남도 천안시 서북구 두정동 653-1", "region_code": "4413310400", "memo": "" }, "geometry": { "type": "Polygon", "coordinates": [ [ [ 127.132104, 36.826864 ], [ 127.132261, 36.826541 ], [ 127.132539, 36.826629 ], [ 127.132382, 36.826952 ], [ 127.132104, 36.826864 ] ] ] } },
{ "type": "Feature", "properties": { "id": 83110, "model": "building", "type": "1", "accuracy": "97.96", "area": "801.95", "address": "충청남도 천안시 동남구 신부동 298-136", "region_code": "4413111800", "memo": "" }, "geometry": { "type": "Polygon", "coordinates": [ [ [ 127.15395, 36.826562 ], [ 127.154239, 36.826607 ], [ 127.154198, 36.826779 ], [ 127.153909, 36.826734 ], [ 127.15395, 36.826562 ] ] ] } },
{ "type": "Feature", "properties": { "id": 83118, "model": "building", "type": "1", "accuracy": "97.21", "area": "479.39", "address": "충청남도 천안시 동남구 신부동 998", "region_code": "4413111800", "memo": "" }, "geometry": { "type": "Polygon", "coordinates": [ [ [ 127.153963, 36.826344 ], [ 127.15425, 36.826401 ], [ 127.154219, 36.826502 ], [ 127.153932, 36.826446 ], [ 127.153963, 36.826344 ] ] ] } },
{ "type": "Feature", "properties": { "id": 83120, "model": "building", "type": "3", "accuracy": "92.76", "area": "281.54", "address": "충청남도 천안시 서북구 백석동 356-3", "region_code": "4413310300", "memo": "" }, "geometry": { "type": "Polygon", "coordinates": [ [ [ 127.115614, 36.826316 ], [ 127.115748, 36.826301 ], [ 127.115771, 36.826434 ], [ 127.115638, 36.826449 ], [ 127.115614, 36.826316 ] ] ] } },
{ "type": "Feature", "properties": { "id": 83122, "model": "building", "type": "3", "accuracy": "83.18", "area": "416.84", "address": "충청남도 천안시 서북구 두정동 488", "region_code": "4413310400", "memo": "" }, "geometry": { "type": "Polygon", "coordinates": [ [ [ 127.152761, 36.826294 ], [ 127.152535, 36.826391 ], [ 127.152473, 36.826298 ], [ 127.152699, 36.826201 ], [ 127.152761, 36.826294 ] ] ] } },
{ "type": "Feature", "properties": { "id": 83123, "model": "building", "type": "3", "accuracy": "92.54", "area": "200.14", "address": "충청남도 천안시 서북구 두정동 488", "region_code": "4413310400", "memo": "" }, "geometry": { "type": "Polygon", "coordinates": [ [ [ 127.152145, 36.826214 ], [ 127.152321, 36.826234 ], [ 127.152308, 36.826306 ], [ 127.152132, 36.826286 ], [ 127.152145, 36.826214 ] ] ] } },
{ "type": "Feature", "properties": { "id": 83125, "model": "building", "type": "3", "accuracy": "68.2", "area": "554.96", "address": "충청남도 천안시 서북구 백석동 130", "region_code": "4413310300", "memo": "" }, "geometry": { "type": "Polygon", "coordinates": [ [ [ 127.118644, 36.826125 ], [ 127.118683, 36.826395 ], [ 127.118552, 36.826407 ], [ 127.118513, 36.826137 ], [ 127.118644, 36.826125 ] ] ] } },
{ "type": "Feature", "properties": { "id": 83126, "model": "building", "type": "2", "accuracy": "77.37", "area": "145.54", "address": "충청남도 천안시 서북구 두정동 638-1", "region_code": "4413310400", "memo": "" }, "geometry": { "type": "Polygon", "coordinates": [ [ [ 127.130299, 36.826307 ], [ 127.130206, 36.826268 ], [ 127.130257, 36.826188 ], [ 127.13035, 36.826227 ], [ 127.130299, 36.826307 ] ] ] } },
{ "type": "Feature", "properties": { "id": 83132, "model": "building", "type": "3", "accuracy": "96.04", "area": "392.37", "address": "충청남도 천안시 서북구 백석동 11-2", "region_code": "4413310300", "memo": "" }, "geometry": { "type": "Polygon", "coordinates": [ [ [ 127.126702, 36.826169 ], [ 127.126468, 36.826104 ], [ 127.12651, 36.826008 ], [ 127.126743, 36.826072 ], [ 127.126702, 36.826169 ] ] ] } },
{ "type": "Feature", "properties": { "id": 83136, "model": "building", "type": "3", "accuracy": "96.33", "area": "2043.55", "address": "충청남도 천안시 서북구 두정동 488", "region_code": "4413310400", "memo": "" }, "geometry": { "type": "Polygon", "coordinates": [ [ [ 127.152726, 36.825987 ], [ 127.152376, 36.826237 ], [ 127.152143, 36.826026 ], [ 127.152492, 36.825776 ], [ 127.152726, 36.825987 ] ] ] } },
{ "type": "Feature", "properties": { "id": 83137, "model": "building", "type": "3", "accuracy": "97.53", "area": "2612.50", "address": "충청남도 천안시 서북구 백석동 555-43", "region_code": "4413310300", "memo": "" }, "geometry": { "type": "Polygon", "coordinates": [ [ [ 127.1092, 36.826268 ], [ 127.108681, 36.82597 ], [ 127.108873, 36.825754 ], [ 127.109391, 36.826053 ], [ 127.1092, 36.826268 ] ] ] } },
{ "type": "Feature", "properties": { "id": 83138, "model": "building", "type": "3", "accuracy": "81.62", "area": "507.74", "address": "충청남도 천안시 서북구 백석동 11-12", "region_code": "4413310300", "memo": "" }, "geometry": { "type": "Polygon", "coordinates": [ [ [ 127.125591, 36.826056 ], [ 127.125664, 36.82585 ], [ 127.125811, 36.825883 ], [ 127.125739, 36.82609 ], [ 127.125591, 36.826056 ] ] ] } },
{ "type": "Feature", "properties": { "id": 83143, "model": "building", "type": "3", "accuracy": "96.33", "area": "2265.25", "address": "충청남도 천안시 서북구 두정동 489", "region_code": "4413310400", "memo": "" }, "geometry": { "type": "Polygon", "coordinates": [ [ [ 127.151553, 36.826174 ], [ 127.151217, 36.825881 ], [ 127.151488, 36.825681 ], [ 127.151823, 36.825973 ], [ 127.151553, 36.826174 ] ] ] } },
{ "type": "Feature", "properties": { "id": 83144, "model": "building", "type": "3", "accuracy": "96.35", "area": "303.60", "address": "충청남도 천안시 동남구 신부동 299-5", "region_code": "4413111800", "memo": "" }, "geometry": { "type": "Polygon", "coordinates": [ [ [ 127.154395, 36.825759 ], [ 127.154545, 36.825846 ], [ 127.154468, 36.825932 ], [ 127.154318, 36.825845 ], [ 127.154395, 36.825759 ] ] ] } },
{ "type": "Feature", "properties": { "id": 83145, "model": "building", "type": "1", "accuracy": "77.71", "area": "296.28", "address": "충청남도 천안시 서북구 백석동 611-7", "region_code": "4413310300", "memo": "" }, "geometry": { "type": "Polygon", "coordinates": [ [ [ 127.10785, 36.825801 ], [ 127.107995, 36.825869 ], [ 127.107924, 36.825968 ], [ 127.107779, 36.8259 ], [ 127.10785, 36.825801 ] ] ] } },
{ "type": "Feature", "properties": { "id": 83146, "model": "building", "type": "3", "accuracy": "65.28", "area": "285.29", "address": "충청남도 천안시 서북구 백석동 611-7", "region_code": "4413310300", "memo": "" }, "geometry": { "type": "Polygon", "coordinates": [ [ [ 127.107919, 36.825901 ], [ 127.107715, 36.825905 ], [ 127.107712, 36.825815 ], [ 127.107916, 36.825811 ], [ 127.107919, 36.825901 ] ] ] } },
{ "type": "Feature", "properties": { "id": 83147, "model": "building", "type": "3", "accuracy": "96.45", "area": "2098.83", "address": "충청남도 천안시 서북구 두정동 490", "region_code": "4413310400", "memo": "" }, "geometry": { "type": "Polygon", "coordinates": [ [ [ 127.150824, 36.826072 ], [ 127.150508, 36.825787 ], [ 127.150774, 36.825597 ], [ 127.151089, 36.825882 ], [ 127.150824, 36.826072 ] ] ] } },
{ "type": "Feature", "properties": { "id": 83148, "model": "building", "type": "3", "accuracy": "81.4", "area": "307.32", "address": "충청남도 천안시 서북구 백석동 611-7", "region_code": "4413310300", "memo": "" }, "geometry": { "type": "Polygon", "coordinates": [ [ [ 127.107573, 36.825922 ], [ 127.107354, 36.825826 ], [ 127.107402, 36.825756 ], [ 127.107621, 36.825853 ], [ 127.107573, 36.825922 ] ] ] } },
{ "type": "Feature", "properties": { "id": 83150, "model": "building", "type": "1", "accuracy": "77.99", "area": "502.36", "address": "충청남도 천안시 서북구 백석동 611-7", "region_code": "4413310300", "memo": "" }, "geometry": { "type": "Polygon", "coordinates": [ [ [ 127.107392, 36.82574 ], [ 127.10747, 36.825611 ], [ 127.107674, 36.825691 ], [ 127.107596, 36.82582 ], [ 127.107392, 36.82574 ] ] ] } },
{ "type": "Feature", "properties": { "id": 83152, "model": "building", "type": "3", "accuracy": "84.14", "area": "225.91", "address": "충청남도 천안시 서북구 백석동 361-11", "region_code": "4413310300", "memo": "" }, "geometry": { "type": "Polygon", "coordinates": [ [ [ 127.115322, 36.82574 ], [ 127.115286, 36.825588 ], [ 127.115379, 36.825574 ], [ 127.115415, 36.825726 ], [ 127.115322, 36.82574 ] ] ] } },
{ "type": "Feature", "properties": { "id": 83153, "model": "building", "type": "3", "accuracy": "88.11", "area": "441.65", "address": "충청남도 천안시 서북구 두정동 628", "region_code": "4413310400", "memo": "" }, "geometry": { "type": "Polygon", "coordinates": [ [ [ 127.129041, 36.825492 ], [ 127.129233, 36.825551 ], [ 127.129171, 36.825681 ], [ 127.128979, 36.825622 ], [ 127.129041, 36.825492 ] ] ] } },
{ "type": "Feature", "properties": { "id": 83154, "model": "building", "type": "1", "accuracy": "93.14", "area": "969.66", "address": "충청남도 천안시 서북구 성정동 510-7", "region_code": "4413310200", "memo": "" }, "geometry": { "type": "Polygon", "coordinates": [ [ [ 127.145718, 36.825622 ], [ 127.145289, 36.825656 ], [ 127.145271, 36.825511 ], [ 127.1457, 36.825477 ], [ 127.145718, 36.825622 ] ] ] } },
{ "type": "Feature", "properties": { "id": 83157, "model": "building", "type": "3", "accuracy": "85.58", "area": "432.75", "address": "충청남도 천안시 서북구 성정동 624-7", "region_code": "4413310200", "memo": "" }, "geometry": { "type": "Polygon", "coordinates": [ [ [ 127.139173, 36.825468 ], [ 127.139431, 36.825444 ], [ 127.139447, 36.825551 ], [ 127.139189, 36.825575 ], [ 127.139173, 36.825468 ] ] ] } },
{ "type": "Feature", "properties": { "id": 83158, "model": "building", "type": "3", "accuracy": "96.78", "area": "2287.45", "address": "충청남도 천안시 서북구 두정동 488", "region_code": "4413310400", "memo": "" }, "geometry": { "type": "Polygon", "coordinates": [ [ [ 127.152524, 36.82578 ], [ 127.152093, 36.825429 ], [ 127.152306, 36.82526 ], [ 127.152737, 36.825612 ], [ 127.152524, 36.82578 ] ] ] } },
{ "type": "Feature", "properties": { "id": 83160, "model": "building", "type": "3", "accuracy": "87.88", "area": "219.60", "address": "충청남도 천안시 동남구 신부동 308-5", "region_code": "4413111800", "memo": "" }, "geometry": { "type": "Polygon", "coordinates": [ [ [ 127.153848, 36.825497 ], [ 127.153709, 36.825429 ], [ 127.153765, 36.825355 ], [ 127.153905, 36.825423 ], [ 127.153848, 36.825497 ] ] ] } },
{ "type": "Feature", "properties": { "id": 83161, "model": "building", "type": "3", "accuracy": "75.75", "area": "471.96", "address": "충청남도 천안시 서북구 성정동 618-7", "region_code": "4413310200", "memo": "" }, "geometry": { "type": "Polygon", "coordinates": [ [ [ 127.137502, 36.82536 ], [ 127.137723, 36.825331 ], [ 127.137751, 36.825465 ], [ 127.137529, 36.825494 ], [ 127.137502, 36.82536 ] ] ] } },
{ "type": "Feature", "properties": { "id": 83162, "model": "building", "type": "3", "accuracy": "96.32", "area": "2664.49", "address": "충청남도 천안시 서북구 두정동 489", "region_code": "4413310400", "memo": "" }, "geometry": { "type": "Polygon", "coordinates": [ [ [ 127.151573, 36.825706 ], [ 127.151135, 36.825375 ], [ 127.15138, 36.825166 ], [ 127.151817, 36.825497 ], [ 127.151573, 36.825706 ] ] ] } },
{ "type": "Feature", "properties": { "id": 83163, "model": "building", "type": "3", "accuracy": "71.44", "area": "179.03", "address": "충청남도 천안시 서북구 성정동 438-7", "region_code": "4413310200", "memo": "" }, "geometry": { "type": "Polygon", "coordinates": [ [ [ 127.135532, 36.825402 ], [ 127.135658, 36.825335 ], [ 127.135711, 36.825399 ], [ 127.135585, 36.825466 ], [ 127.135532, 36.825402 ] ] ] } },
{ "type": "Feature", "properties": { "id": 83164, "model": "building", "type": "3", "accuracy": "96.68", "area": "1916.01", "address": "충청남도 천안시 서북구 두정동 490", "region_code": "4413310400", "memo": "" }, "geometry": { "type": "Polygon", "coordinates": [ [ [ 127.150459, 36.825323 ], [ 127.150707, 36.82515 ], [ 127.151014, 36.825435 ], [ 127.150766, 36.825608 ], [ 127.150459, 36.825323 ] ] ] } },
{ "type": "Feature", "properties": { "id": 83166, "model": "building", "type": "2", "accuracy": "94.47", "area": "287.26", "address": "충청남도 천안시 서북구 성정동 630-4", "region_code": "4413310200", "memo": "" }, "geometry": { "type": "Polygon", "coordinates": [ [ [ 127.141427, 36.825211 ], [ 127.141459, 36.825363 ], [ 127.141341, 36.825379 ], [ 127.141308, 36.825227 ], [ 127.141427, 36.825211 ] ] ] } },
{ "type": "Feature", "properties": { "id": 83167, "model": "building", "type": "3", "accuracy": "77.43", "area": "142.30", "address": "충청남도 천안시 동남구 신부동 176-13", "region_code": "4413111800", "memo": "" }, "geometry": { "type": "Polygon", "coordinates": [ [ [ 127.166262, 36.825312 ], [ 127.16622, 36.82521 ], [ 127.1663, 36.825188 ], [ 127.166343, 36.82529 ], [ 127.166262, 36.825312 ] ] ] } },
{ "type": "Feature", "properties": { "id": 83169, "model": "building", "type": "3", "accuracy": "76.49", "area": "677.07", "address": "충청남도 천안시 서북구 백석동 721", "region_code": "4413310300", "memo": "" }, "geometry": { "type": "Polygon", "coordinates": [ [ [ 127.108541, 36.825374 ], [ 127.10854, 36.825165 ], [ 127.108749, 36.825164 ], [ 127.108749, 36.825374 ], [ 127.108541, 36.825374 ] ] ] } },
{ "type": "Feature", "properties": { "id": 83172, "model": "building", "type": "2", "accuracy": "94.85", "area": "1065.68", "address": "충청남도 천안시 서북구 두정동 490", "region_code": "4413310400", "memo": "" }, "geometry": { "type": "Polygon", "coordinates": [ [ [ 127.150605, 36.825031 ], [ 127.150644, 36.825258 ], [ 127.150347, 36.825291 ], [ 127.150307, 36.825064 ], [ 127.150605, 36.825031 ] ] ] } },
{ "type": "Feature", "properties": { "id": 83175, "model": "building", "type": "1", "accuracy": "81.66", "area": "915.40", "address": "충청남도 천안시 서북구 백석동 555-57", "region_code": "4413310300", "memo": "" }, "geometry": { "type": "Polygon", "coordinates": [ [ [ 127.110156, 36.824875 ], [ 127.110395, 36.824986 ], [ 127.110262, 36.825171 ], [ 127.110023, 36.82506 ], [ 127.110156, 36.824875 ] ] ] } },
{ "type": "Feature", "properties": { "id": 83176, "model": "building", "type": "2", "accuracy": "96.13", "area": "170.72", "address": "충청남도 천안시 서북구 성정동 635-4", "region_code": "4413310200", "memo": "" }, "geometry": { "type": "Polygon", "coordinates": [ [ [ 127.145596, 36.825003 ], [ 127.145582, 36.824934 ], [ 127.145738, 36.824914 ], [ 127.145751, 36.824983 ], [ 127.145596, 36.825003 ] ] ] } },
{ "type": "Feature", "properties": { "id": 83177, "model": "building", "type": "1", "accuracy": "94.74", "area": "177.02", "address": "충청남도 천안시 서북구 성정동 636-1", "region_code": "4413310200", "memo": "" }, "geometry": { "type": "Polygon", "coordinates": [ [ [ 127.146018, 36.825006 ], [ 127.145998, 36.824902 ], [ 127.146105, 36.824889 ], [ 127.146125, 36.824993 ], [ 127.146018, 36.825006 ] ] ] } },
{ "type": "Feature", "properties": { "id": 83178, "model": "building", "type": "3", "accuracy": "80.63", "area": "173.06", "address": "충청남도 천안시 동남구 신부동 169-1", "region_code": "4413111800", "memo": "" }, "geometry": { "type": "Polygon", "coordinates": [ [ [ 127.164546, 36.82487 ], [ 127.164377, 36.824917 ], [ 127.164352, 36.824858 ], [ 127.16452, 36.824811 ], [ 127.164546, 36.82487 ] ] ] } },
{ "type": "Feature", "properties": { "id": 83179, "model": "building", "type": "3", "accuracy": "96.58", "area": "183.06", "address": "충청남도 천안시 서북구 성정동 629-4", "region_code": "4413310200", "memo": "" }, "geometry": { "type": "Polygon", "coordinates": [ [ [ 127.141384, 36.824949 ], [ 127.141276, 36.824958 ], [ 127.141262, 36.82485 ], [ 127.14137, 36.824841 ], [ 127.141384, 36.824949 ] ] ] } },
{ "type": "Feature", "properties": { "id": 83185, "model": "building", "type": "3", "accuracy": "80.99", "area": "156.99", "address": "충청남도 천안시 서북구 성정동 36-93", "region_code": "4413310200", "memo": "" }, "geometry": { "type": "Polygon", "coordinates": [ [ [ 127.147341, 36.824585 ], [ 127.147251, 36.824689 ], [ 127.147185, 36.824652 ], [ 127.147275, 36.824549 ], [ 127.147341, 36.824585 ] ] ] } },
{ "type": "Feature", "properties": { "id": 83189, "model": "building", "type": "3", "accuracy": "96.16", "area": "472.46", "address": "충청남도 천안시 서북구 성정동 36-93", "region_code": "4413310200", "memo": "" }, "geometry": { "type": "Polygon", "coordinates": [ [ [ 127.147417, 36.824503 ], [ 127.147302, 36.824647 ], [ 127.147152, 36.824569 ], [ 127.147267, 36.824425 ], [ 127.147417, 36.824503 ] ] ] } },
{ "type": "Feature", "properties": { "id": 83192, "model": "building", "type": "3", "accuracy": "83.97", "area": "496.06", "address": "충청남도 천안시 동남구 신부동 37-1", "region_code": "4413111800", "memo": "" }, "geometry": { "type": "Polygon", "coordinates": [ [ [ 127.164785, 36.82417 ], [ 127.164823, 36.824432 ], [ 127.164702, 36.824443 ], [ 127.164665, 36.824181 ], [ 127.164785, 36.82417 ] ] ] } },
{ "type": "Feature", "properties": { "id": 83194, "model": "building", "type": "3", "accuracy": "79.01", "area": "720.49", "address": "충청남도 천안시 동남구 신부동 841", "region_code": "4413111800", "memo": "" }, "geometry": { "type": "Polygon", "coordinates": [ [ [ 127.150236, 36.824247 ], [ 127.150413, 36.824222 ], [ 127.150469, 36.824477 ], [ 127.150292, 36.824502 ], [ 127.150236, 36.824247 ] ] ] } },
{ "type": "Feature", "properties": { "id": 83196, "model": "building", "type": "3", "accuracy": "73.57", "area": "510.10", "address": "충청남도 천안시 동남구 신부동 544", "region_code": "4413111800", "memo": "" }, "geometry": { "type": "Polygon", "coordinates": [ [ [ 127.156954, 36.82436 ], [ 127.156705, 36.824393 ], [ 127.156678, 36.824265 ], [ 127.156927, 36.824232 ], [ 127.156954, 36.82436 ] ] ] } },
{ "type": "Feature", "properties": { "id": 83197, "model": "building", "type": "1", "accuracy": "67.44", "area": "381.53", "address": "충청남도 천안시 동남구 신부동 37-1", "region_code": "4413111800", "memo": "" }, "geometry": { "type": "Polygon", "coordinates": [ [ [ 127.164603, 36.824453 ], [ 127.164591, 36.824205 ], [ 127.164691, 36.824203 ], [ 127.164702, 36.82445 ], [ 127.164603, 36.824453 ] ] ] } },
{ "type": "Feature", "properties": { "id": 83198, "model": "building", "type": "3", "accuracy": "77.79", "area": "304.54", "address": "충청남도 천안시 동남구 신부동 544", "region_code": "4413111800", "memo": "" }, "geometry": { "type": "Polygon", "coordinates": [ [ [ 127.156164, 36.824256 ], [ 127.156462, 36.824257 ], [ 127.156461, 36.824323 ], [ 127.156163, 36.824322 ], [ 127.156164, 36.824256 ] ] ] } },
{ "type": "Feature", "properties": { "id": 83200, "model": "building", "type": "1", "accuracy": "90.6", "area": "151.23", "address": "충청남도 천안시 동남구 신부동 167-2", "region_code": "4413111800", "memo": "" }, "geometry": { "type": "Polygon", "coordinates": [ [ [ 127.163988, 36.824147 ], [ 127.164146, 36.824098 ], [ 127.164172, 36.824152 ], [ 127.164014, 36.824201 ], [ 127.163988, 36.824147 ] ] ] } },
{ "type": "Feature", "properties": { "id": 83204, "model": "building", "type": "3", "accuracy": "86.48", "area": "241.31", "address": "충청남도 천안시 서북구 성정동 634-8", "region_code": "4413310200", "memo": "" }, "geometry": { "type": "Polygon", "coordinates": [ [ [ 127.144727, 36.824021 ], [ 127.144882, 36.824013 ], [ 127.14489, 36.824113 ], [ 127.144734, 36.82412 ], [ 127.144727, 36.824021 ] ] ] } },
{ "type": "Feature", "properties": { "id": 83208, "model": "building", "type": "3", "accuracy": "96.2", "area": "1176.57", "address": "충청남도 천안시 서북구 성정동 544-7", "region_code": "4413310200", "memo": "" }, "geometry": { "type": "Polygon", "coordinates": [ [ [ 127.13544, 36.824164 ], [ 127.135084, 36.824222 ], [ 127.135033, 36.824016 ], [ 127.135389, 36.823959 ], [ 127.13544, 36.824164 ] ] ] } },
{ "type": "Feature", "properties": { "id": 83211, "model": "building", "type": "1", "accuracy": "97", "area": "288.20", "address": "충청남도 천안시 서북구 백석동 301-9", "region_code": "4413310300", "memo": "" }, "geometry": { "type": "Polygon", "coordinates": [ [ [ 127.114203, 36.823971 ], [ 127.114418, 36.823973 ], [ 127.114417, 36.824059 ], [ 127.114201, 36.824057 ], [ 127.114203, 36.823971 ] ] ] } },
{ "type": "Feature", "properties": { "id": 83212, "model": "building", "type": "3", "accuracy": "79.03", "area": "1210.78", "address": "충청남도 천안시 동남구 신부동 861", "region_code": "4413111800", "memo": "" }, "geometry": { "type": "Polygon", "coordinates": [ [ [ 127.150178, 36.823856 ], [ 127.150768, 36.823823 ], [ 127.15078, 36.823954 ], [ 127.15019, 36.823988 ], [ 127.150178, 36.823856 ] ] ] } },
{ "type": "Feature", "properties": { "id": 83215, "model": "building", "type": "3", "accuracy": "65.25", "area": "207.95", "address": "충청남도 천안시 동남구 신부동 544", "region_code": "4413111800", "memo": "" }, "geometry": { "type": "Polygon", "coordinates": [ [ [ 127.157066, 36.823783 ], [ 127.157208, 36.82378 ], [ 127.15721, 36.823875 ], [ 127.157069, 36.823878 ], [ 127.157066, 36.823783 ] ] ] } },
{ "type": "Feature", "properties": { "id": 83216, "model": "building", "type": "3", "accuracy": "78.29", "area": "437.34", "address": "충청남도 천안시 서북구 성정동 413-1", "region_code": "4413310200", "memo": "" }, "geometry": { "type": "Polygon", "coordinates": [ [ [ 127.136639, 36.823969 ], [ 127.136438, 36.823841 ], [ 127.136523, 36.823755 ], [ 127.136724, 36.823883 ], [ 127.136639, 36.823969 ] ] ] } },
{ "type": "Feature", "properties": { "id": 83218, "model": "building", "type": "3", "accuracy": "94.14", "area": "215.21", "address": "충청남도 천안시 서북구 성정동 638-15", "region_code": "4413310200", "memo": "" }, "geometry": { "type": "Polygon", "coordinates": [ [ [ 127.145537, 36.823829 ], [ 127.145389, 36.823851 ], [ 127.145367, 36.823761 ], [ 127.145516, 36.823739 ], [ 127.145537, 36.823829 ] ] ] } },
{ "type": "Feature", "properties": { "id": 83220, "model": "building", "type": "3", "accuracy": "77.05", "area": "320.66", "address": "충청남도 천안시 동남구 신부동 544", "region_code": "4413111800", "memo": "" }, "geometry": { "type": "Polygon", "coordinates": [ [ [ 127.156437, 36.823726 ], [ 127.156781, 36.823727 ], [ 127.156781, 36.823788 ], [ 127.156437, 36.823787 ], [ 127.156437, 36.823726 ] ] ] } },
{ "type": "Feature", "properties": { "id": 83224, "model": "building", "type": "3", "accuracy": "84.5", "area": "229.26", "address": "충청남도 천안시 서북구 성정동 643", "region_code": "4413310200", "memo": "" }, "geometry": { "type": "Polygon", "coordinates": [ [ [ 127.141973, 36.8238 ], [ 127.14174, 36.823795 ], [ 127.141743, 36.823731 ], [ 127.141975, 36.823736 ], [ 127.141973, 36.8238 ] ] ] } },
{ "type": "Feature", "properties": { "id": 83227, "model": "building", "type": "3", "accuracy": "79.13", "area": "295.57", "address": "충청남도 천안시 동남구 신부동 853-9", "region_code": "4413111800", "memo": "" }, "geometry": { "type": "Polygon", "coordinates": [ [ [ 127.152198, 36.823649 ], [ 127.15234, 36.823765 ], [ 127.152257, 36.823831 ], [ 127.152114, 36.823716 ], [ 127.152198, 36.823649 ] ] ] } },
{ "type": "Feature", "properties": { "id": 83229, "model": "building", "type": "3", "accuracy": "84.82", "area": "442.39", "address": "충청남도 천안시 동남구 신부동 544", "region_code": "4413111800", "memo": "" }, "geometry": { "type": "Polygon", "coordinates": [ [ [ 127.156274, 36.823754 ], [ 127.155999, 36.823764 ], [ 127.155993, 36.82366 ], [ 127.156268, 36.82365 ], [ 127.156274, 36.823754 ] ] ] } },
{ "type": "Feature", "properties": { "id": 83231, "model": "building", "type": "3", "accuracy": "91.52", "area": "431.35", "address": "충청남도 천안시 서북구 성정동 643", "region_code": "4413310200", "memo": "" }, "geometry": { "type": "Polygon", "coordinates": [ [ [ 127.142042, 36.823645 ], [ 127.142319, 36.823644 ], [ 127.142319, 36.823745 ], [ 127.142042, 36.823745 ], [ 127.142042, 36.823645 ] ] ] } },
{ "type": "Feature", "properties": { "id": 83232, "model": "building", "type": "3", "accuracy": "80.02", "area": "450.49", "address": "충청남도 천안시 서북구 성정동 413-20", "region_code": "4413310200", "memo": "" }, "geometry": { "type": "Polygon", "coordinates": [ [ [ 127.136349, 36.823572 ], [ 127.13655, 36.823535 ], [ 127.136589, 36.823673 ], [ 127.136389, 36.82371 ], [ 127.136349, 36.823572 ] ] ] } },
{ "type": "Feature", "properties": { "id": 83235, "model": "building", "type": "3", "accuracy": "81.57", "area": "209.50", "address": "충청남도 천안시 동남구 신부동 37-49", "region_code": "4413111800", "memo": "" }, "geometry": { "type": "Polygon", "coordinates": [ [ [ 127.165295, 36.823476 ], [ 127.165427, 36.823442 ], [ 127.165464, 36.823535 ], [ 127.165332, 36.823569 ], [ 127.165295, 36.823476 ] ] ] } },
{ "type": "Feature", "properties": { "id": 83236, "model": "building", "type": "3", "accuracy": "95.57", "area": "320.66", "address": "충청남도 천안시 서북구 백석동 784", "region_code": "4413310300", "memo": "" }, "geometry": { "type": "Polygon", "coordinates": [ [ [ 127.125173, 36.823615 ], [ 127.125059, 36.823494 ], [ 127.125167, 36.823428 ], [ 127.125282, 36.823548 ], [ 127.125173, 36.823615 ] ] ] } },
{ "type": "Feature", "properties": { "id": 83237, "model": "building", "type": "3", "accuracy": "82.96", "area": "370.69", "address": "충청남도 천안시 서북구 성정동 412-4", "region_code": "4413310200", "memo": "" }, "geometry": { "type": "Polygon", "coordinates": [ [ [ 127.13489, 36.823565 ], [ 127.13489, 36.823444 ], [ 127.135088, 36.823444 ], [ 127.135088, 36.823565 ], [ 127.13489, 36.823565 ] ] ] } },
{ "type": "Feature", "properties": { "id": 83240, "model": "building", "type": "3", "accuracy": "94.34", "area": "228.66", "address": "충청남도 천안시 서북구 백석동 305-5", "region_code": "4413310300", "memo": "" }, "geometry": { "type": "Polygon", "coordinates": [ [ [ 127.114618, 36.823312 ], [ 127.114734, 36.823373 ], [ 127.114661, 36.823463 ], [ 127.114545, 36.823401 ], [ 127.114618, 36.823312 ] ] ] } },
{ "type": "Feature", "properties": { "id": 83241, "model": "building", "type": "3", "accuracy": "70.78", "area": "219.51", "address": "충청남도 천안시 동남구 신부동 541", "region_code": "4413111800", "memo": "" }, "geometry": { "type": "Polygon", "coordinates": [ [ [ 127.153866, 36.823246 ], [ 127.153888, 36.823343 ], [ 127.153748, 36.823365 ], [ 127.153725, 36.823267 ], [ 127.153866, 36.823246 ] ] ] } },
{ "type": "Feature", "properties": { "id": 83244, "model": "building", "type": "3", "accuracy": "74.7", "area": "558.15", "address": "충청남도 천안시 동남구 신부동 544", "region_code": "4413111800", "memo": "" }, "geometry": { "type": "Polygon", "coordinates": [ [ [ 127.156912, 36.823251 ], [ 127.15658, 36.823253 ], [ 127.156579, 36.823145 ], [ 127.156911, 36.823142 ], [ 127.156912, 36.823251 ] ] ] } },
{ "type": "Feature", "properties": { "id": 83249, "model": "building", "type": "3", "accuracy": "70.82", "area": "165.46", "address": "충청남도 천안시 동남구 신부동 558", "region_code": "4413111800", "memo": "" }, "geometry": { "type": "Polygon", "coordinates": [ [ [ 127.154028, 36.822833 ], [ 127.154173, 36.822829 ], [ 127.154177, 36.822903 ], [ 127.154032, 36.822907 ], [ 127.154028, 36.822833 ] ] ] } },
{ "type": "Feature", "properties": { "id": 83251, "model": "building", "type": "3", "accuracy": "95.9", "area": "269.42", "address": "충청남도 천안시 동남구 신부동 568", "region_code": "4413111800", "memo": "" }, "geometry": { "type": "Polygon", "coordinates": [ [ [ 127.15462, 36.822746 ], [ 127.154616, 36.822883 ], [ 127.154489, 36.822881 ], [ 127.154494, 36.822743 ], [ 127.15462, 36.822746 ] ] ] } },
{ "type": "Feature", "properties": { "id": 83252, "model": "building", "type": "3", "accuracy": "78.25", "area": "1175.48", "address": "충청남도 천안시 서북구 불당동 1478", "region_code": "4413310800", "memo": "" }, "geometry": { "type": "Polygon", "coordinates": [ [ [ 127.10879, 36.82271 ], [ 127.108664, 36.822998 ], [ 127.108429, 36.822931 ], [ 127.108556, 36.822643 ], [ 127.10879, 36.82271 ] ] ] } },
{ "type": "Feature", "properties": { "id": 83257, "model": "building", "type": "3", "accuracy": "61.54", "area": "246.86", "address": "충청남도 천안시 서북구 성정동 789", "region_code": "4413310200", "memo": "" }, "geometry": { "type": "Polygon", "coordinates": [ [ [ 127.135466, 36.822663 ], [ 127.135683, 36.822635 ], [ 127.135698, 36.822706 ], [ 127.13548, 36.822734 ], [ 127.135466, 36.822663 ] ] ] } },
{ "type": "Feature", "properties": { "id": 83258, "model": "building", "type": "3", "accuracy": "61.85", "area": "269.50", "address": "충청남도 천안시 동남구 신부동 641", "region_code": "4413111800", "memo": "" }, "geometry": { "type": "Polygon", "coordinates": [ [ [ 127.15837, 36.822575 ], [ 127.158497, 36.822575 ], [ 127.158498, 36.822711 ], [ 127.15837, 36.822711 ], [ 127.15837, 36.822575 ] ] ] } },
{ "type": "Feature", "properties": { "id": 83262, "model": "building", "type": "3", "accuracy": "87.78", "area": "286.18", "address": "충청남도 천안시 동남구 신부동 577", "region_code": "4413111800", "memo": "" }, "geometry": { "type": "Polygon", "coordinates": [ [ [ 127.155519, 36.822567 ], [ 127.155523, 36.8227 ], [ 127.155384, 36.822703 ], [ 127.15538, 36.822569 ], [ 127.155519, 36.822567 ] ] ] } },
{ "type": "Feature", "properties": { "id": 83264, "model": "building", "type": "3", "accuracy": "94.01", "area": "234.57", "address": "충청남도 천안시 동남구 신부동 659", "region_code": "4413111800", "memo": "" }, "geometry": { "type": "Polygon", "coordinates": [ [ [ 127.159532, 36.822603 ], [ 127.159369, 36.8226 ], [ 127.159372, 36.822507 ], [ 127.159534, 36.82251 ], [ 127.159532, 36.822603 ] ] ] } },
{ "type": "Feature", "properties": { "id": 83267, "model": "building", "type": "3", "accuracy": "91.02", "area": "164.59", "address": "충청남도 천안시 동남구 신부동 38-17", "region_code": "4413111800", "memo": "" }, "geometry": { "type": "Polygon", "coordinates": [ [ [ 127.165631, 36.82248 ], [ 127.165462, 36.82251 ], [ 127.165445, 36.82245 ], [ 127.165614, 36.82242 ], [ 127.165631, 36.82248 ] ] ] } },
{ "type": "Feature", "properties": { "id": 83272, "model": "building", "type": "3", "accuracy": "74.7", "area": "300.93", "address": "충청남도 천안시 서북구 성정동 661-4", "region_code": "4413310200", "memo": "" }, "geometry": { "type": "Polygon", "coordinates": [ [ [ 127.143524, 36.822372 ], [ 127.143486, 36.822194 ], [ 127.143592, 36.82218 ], [ 127.14363, 36.822357 ], [ 127.143524, 36.822372 ] ] ] } },
{ "type": "Feature", "properties": { "id": 83274, "model": "building", "type": "3", "accuracy": "90.73", "area": "1209.84", "address": "충청남도 천안시 서북구 불당동 1478", "region_code": "4413310800", "memo": "" }, "geometry": { "type": "Polygon", "coordinates": [ [ [ 127.10877, 36.822225 ], [ 127.108513, 36.822469 ], [ 127.108326, 36.822342 ], [ 127.108583, 36.822098 ], [ 127.10877, 36.822225 ] ] ] } },
{ "type": "Feature", "properties": { "id": 83276, "model": "building", "type": "3", "accuracy": "86.83", "area": "445.32", "address": "충청남도 천안시 서북구 성정동 657-8", "region_code": "4413310200", "memo": "" }, "geometry": { "type": "Polygon", "coordinates": [ [ [ 127.140379, 36.822053 ], [ 127.14037, 36.822277 ], [ 127.140242, 36.822274 ], [ 127.140251, 36.82205 ], [ 127.140379, 36.822053 ] ] ] } },
{ "type": "Feature", "properties": { "id": 83277, "model": "building", "type": "3", "accuracy": "94.17", "area": "851.59", "address": "충청남도 천안시 서북구 불당동 1478", "region_code": "4413310800", "memo": "" }, "geometry": { "type": "Polygon", "coordinates": [ [ [ 127.108407, 36.822254 ], [ 127.108122, 36.822261 ], [ 127.108115, 36.822068 ], [ 127.1084, 36.822061 ], [ 127.108407, 36.822254 ] ] ] } },
{ "type": "Feature", "properties": { "id": 83282, "model": "building", "type": "3", "accuracy": "68.11", "area": "333.10", "address": "충청남도 천안시 서북구 백석동 197-4", "region_code": "4413310300", "memo": "" }, "geometry": { "type": "Polygon", "coordinates": [ [ [ 127.128566, 36.821913 ], [ 127.128391, 36.822002 ], [ 127.128322, 36.821915 ], [ 127.128498, 36.821826 ], [ 127.128566, 36.821913 ] ] ] } },
{ "type": "Feature", "properties": { "id": 83283, "model": "building", "type": "3", "accuracy": "78.62", "area": "263.14", "address": "충청남도 천안시 서북구 성정동 651-7", "region_code": "4413310200", "memo": "" }, "geometry": { "type": "Polygon", "coordinates": [ [ [ 127.138495, 36.821945 ], [ 127.138335, 36.821975 ], [ 127.138306, 36.821873 ], [ 127.138466, 36.821844 ], [ 127.138495, 36.821945 ] ] ] } },
{ "type": "Feature", "properties": { "id": 83285, "model": "building", "type": "3", "accuracy": "72.17", "area": "745.43", "address": "충청남도 천안시 동남구 신부동 672", "region_code": "4413111800", "memo": "" }, "geometry": { "type": "Polygon", "coordinates": [ [ [ 127.161305, 36.821889 ], [ 127.160973, 36.821702 ], [ 127.161058, 36.821605 ], [ 127.16139, 36.821792 ], [ 127.161305, 36.821889 ] ] ] } },
{ "type": "Feature", "properties": { "id": 83286, "model": "building", "type": "3", "accuracy": "61.65", "area": "191.33", "address": "충청남도 천안시 서북구 백석동 879", "region_code": "4413310300", "memo": "" }, "geometry": { "type": "Polygon", "coordinates": [ [ [ 127.124255, 36.821745 ], [ 127.124322, 36.821665 ], [ 127.124429, 36.821723 ], [ 127.124362, 36.821803 ], [ 127.124255, 36.821745 ] ] ] } },
{ "type": "Feature", "properties": { "id": 83290, "model": "building", "type": "3", "accuracy": "74.9", "area": "121.31", "address": "충청남도 천안시 동남구 신부동 677", "region_code": "4413111800", "memo": "" }, "geometry": { "type": "Polygon", "coordinates": [ [ [ 127.15987, 36.821613 ], [ 127.159876, 36.821513 ], [ 127.159955, 36.821517 ], [ 127.159948, 36.821616 ], [ 127.15987, 36.821613 ] ] ] } },
{ "type": "Feature", "properties": { "id": 83291, "model": "building", "type": "3", "accuracy": "77.67", "area": "482.73", "address": "충청남도 천안시 서북구 성정동 656-13", "region_code": "4413310200", "memo": "" }, "geometry": { "type": "Polygon", "coordinates": [ [ [ 127.140501, 36.821512 ], [ 127.140687, 36.821483 ], [ 127.140727, 36.821644 ], [ 127.14054, 36.821673 ], [ 127.140501, 36.821512 ] ] ] } },
{ "type": "Feature", "properties": { "id": 83294, "model": "building", "type": "3", "accuracy": "88.5", "area": "157.74", "address": "충청남도 천안시 서북구 성정동 659-10", "region_code": "4413310200", "memo": "" }, "geometry": { "type": "Polygon", "coordinates": [ [ [ 127.142495, 36.821588 ], [ 127.142467, 36.82148 ], [ 127.142556, 36.821465 ], [ 127.142584, 36.821574 ], [ 127.142495, 36.821588 ] ] ] } },
{ "type": "Feature", "properties": { "id": 83295, "model": "building", "type": "3", "accuracy": "95.43", "area": "251.51", "address": "충청남도 천안시 서북구 성정동 655-6", "region_code": "4413310200", "memo": "" }, "geometry": { "type": "Polygon", "coordinates": [ [ [ 127.139602, 36.821583 ], [ 127.13957, 36.821433 ], [ 127.139676, 36.821419 ], [ 127.139707, 36.821568 ], [ 127.139602, 36.821583 ] ] ] } },
{ "type": "Feature", "properties": { "id": 83296, "model": "building", "type": "3", "accuracy": "88.22", "area": "159.00", "address": "충청남도 천안시 서북구 성정동 818", "region_code": "4413310200", "memo": "" }, "geometry": { "type": "Polygon", "coordinates": [ [ [ 127.135376, 36.821469 ], [ 127.135501, 36.821453 ], [ 127.135517, 36.821533 ], [ 127.135392, 36.821549 ], [ 127.135376, 36.821469 ] ] ] } },
{ "type": "Feature", "properties": { "id": 83298, "model": "building", "type": "3", "accuracy": "90.46", "area": "1165.33", "address": "충청남도 천안시 서북구 백석동 836", "region_code": "4413310300", "memo": "" }, "geometry": { "type": "Polygon", "coordinates": [ [ [ 127.127459, 36.821524 ], [ 127.127548, 36.82132 ], [ 127.127876, 36.821412 ], [ 127.127788, 36.821616 ], [ 127.127459, 36.821524 ] ] ] } },
{ "type": "Feature", "properties": { "id": 83299, "model": "building", "type": "3", "accuracy": "64.14", "area": "208.73", "address": "충청남도 천안시 동남구 신부동 692", "region_code": "4413111800", "memo": "" }, "geometry": { "type": "Polygon", "coordinates": [ [ [ 127.159531, 36.82148 ], [ 127.15937, 36.821478 ], [ 127.159371, 36.821394 ], [ 127.159532, 36.821396 ], [ 127.159531, 36.82148 ] ] ] } },
{ "type": "Feature", "properties": { "id": 83300, "model": "building", "type": "3", "accuracy": "82.48", "area": "189.66", "address": "충청남도 천안시 동남구 신부동 748", "region_code": "4413111800", "memo": "" }, "geometry": { "type": "Polygon", "coordinates": [ [ [ 127.157652, 36.821378 ], [ 127.157652, 36.82149 ], [ 127.157543, 36.821491 ], [ 127.157543, 36.821378 ], [ 127.157652, 36.821378 ] ] ] } },
{ "type": "Feature", "properties": { "id": 83303, "model": "building", "type": "3", "accuracy": "87.67", "area": "188.06", "address": "충청남도 천안시 서북구 성정동 670-2", "region_code": "4413310200", "memo": "" }, "geometry": { "type": "Polygon", "coordinates": [ [ [ 127.140246, 36.821393 ], [ 127.140393, 36.821367 ], [ 127.140415, 36.821446 ], [ 127.140268, 36.821472 ], [ 127.140246, 36.821393 ] ] ] } },
{ "type": "Feature", "properties": { "id": 83304, "model": "building", "type": "3", "accuracy": "75.78", "area": "427.73", "address": "충청남도 천안시 서북구 성정동 804", "region_code": "4413310200", "memo": "" }, "geometry": { "type": "Polygon", "coordinates": [ [ [ 127.135749, 36.821305 ], [ 127.135785, 36.821448 ], [ 127.135599, 36.821478 ], [ 127.135563, 36.821335 ], [ 127.135749, 36.821305 ] ] ] } },
{ "type": "Feature", "properties": { "id": 83312, "model": "building", "type": "3", "accuracy": "97.26", "area": "350.98", "address": "충청남도 천안시 서북구 성정동 890", "region_code": "4413310200", "memo": "" }, "geometry": { "type": "Polygon", "coordinates": [ [ [ 127.132786, 36.821264 ], [ 127.132735, 36.821078 ], [ 127.13285, 36.821057 ], [ 127.132902, 36.821244 ], [ 127.132786, 36.821264 ] ] ] } },
{ "type": "Feature", "properties": { "id": 83314, "model": "building", "type": "3", "accuracy": "89.06", "area": "5847.73", "address": "충청남도 천안시 서북구 불당동 1481", "region_code": "4413310800", "memo": "" }, "geometry": { "type": "Polygon", "coordinates": [ [ [ 127.111062, 36.821288 ], [ 127.110301, 36.821443 ], [ 127.110154, 36.820977 ], [ 127.110915, 36.820821 ], [ 127.111062, 36.821288 ] ] ] } },
{ "type": "Feature", "properties": { "id": 83321, "model": "building", "type": "3", "accuracy": "94.58", "area": "627.78", "address": "충청남도 천안시 서북구 성정동 850", "region_code": "4413310200", "memo": "" }, "geometry": { "type": "Polygon", "coordinates": [ [ [ 127.134574, 36.820792 ], [ 127.134608, 36.820943 ], [ 127.134347, 36.820981 ], [ 127.134313, 36.82083 ], [ 127.134574, 36.820792 ] ] ] } },
{ "type": "Feature", "properties": { "id": 83325, "model": "building", "type": "3", "accuracy": "79.51", "area": "273.81", "address": "충청남도 천안시 서북구 불당동 1491", "region_code": "4413310800", "memo": "" }, "geometry": { "type": "Polygon", "coordinates": [ [ [ 127.10962, 36.820826 ], [ 127.109935, 36.820762 ], [ 127.109951, 36.820815 ], [ 127.109637, 36.820879 ], [ 127.10962, 36.820826 ] ] ] } },
{ "type": "Feature", "properties": { "id": 83327, "model": "building", "type": "3", "accuracy": "92.05", "area": "596.11", "address": "충청남도 천안시 서북구 불당동 1482", "region_code": "4413310800", "memo": "" }, "geometry": { "type": "Polygon", "coordinates": [ [ [ 127.11048, 36.82059 ], [ 127.110452, 36.820814 ], [ 127.110281, 36.8208 ], [ 127.110309, 36.820576 ], [ 127.11048, 36.82059 ] ] ] } },
{ "type": "Feature", "properties": { "id": 83339, "model": "building", "type": "3", "accuracy": "95.31", "area": "4111.00", "address": "충청남도 천안시 서북구 불당동 1482", "region_code": "4413310800", "memo": "" }, "geometry": { "type": "Polygon", "coordinates": [ [ [ 127.110355, 36.820794 ], [ 127.110213, 36.820347 ], [ 127.110771, 36.820233 ], [ 127.110913, 36.820679 ], [ 127.110355, 36.820794 ] ] ] } },
{ "type": "Feature", "properties": { "id": 83340, "model": "building", "type": "3", "accuracy": "93.25", "area": "391.54", "address": "충청남도 천안시 동남구 신부동 43-5", "region_code": "4413111800", "memo": "" }, "geometry": { "type": "Polygon", "coordinates": [ [ [ 127.164628, 36.82034 ], [ 127.164596, 36.820475 ], [ 127.164415, 36.820448 ], [ 127.164447, 36.820313 ], [ 127.164628, 36.82034 ] ] ] } },
{ "type": "Feature", "properties": { "id": 83341, "model": "building", "type": "3", "accuracy": "86.09", "area": "214.35", "address": "충청남도 천안시 서북구 성정동 668-1", "region_code": "4413310200", "memo": "" }, "geometry": { "type": "Polygon", "coordinates": [ [ [ 127.139862, 36.82043 ], [ 127.139722, 36.820451 ], [ 127.1397, 36.820355 ], [ 127.13984, 36.820334 ], [ 127.139862, 36.82043 ] ] ] } },
{ "type": "Feature", "properties": { "id": 83342, "model": "building", "type": "3", "accuracy": "65.52", "area": "890.10", "address": "충청남도 천안시 서북구 백석동 251", "region_code": "4413310300", "memo": "" }, "geometry": { "type": "Polygon", "coordinates": [ [ [ 127.113099, 36.820584 ], [ 127.113023, 36.820257 ], [ 127.113193, 36.820232 ], [ 127.113269, 36.820559 ], [ 127.113099, 36.820584 ] ] ] } },
{ "type": "Feature", "properties": { "id": 83344, "model": "building", "type": "3", "accuracy": "87.66", "area": "277.95", "address": "충청남도 천안시 서북구 성정동 908", "region_code": "4413310200", "memo": "" }, "geometry": { "type": "Polygon", "coordinates": [ [ [ 127.132122, 36.820294 ], [ 127.132145, 36.820422 ], [ 127.132008, 36.820437 ], [ 127.131985, 36.820309 ], [ 127.132122, 36.820294 ] ] ] } },
{ "type": "Feature", "properties": { "id": 83345, "model": "building", "type": "3", "accuracy": "87.29", "area": "168.65", "address": "충청남도 천안시 서북구 성정동 665-8", "region_code": "4413310200", "memo": "" }, "geometry": { "type": "Polygon", "coordinates": [ [ [ 127.143116, 36.820331 ], [ 127.142972, 36.820384 ], [ 127.142936, 36.820322 ], [ 127.143081, 36.820269 ], [ 127.143116, 36.820331 ] ] ] } },
{ "type": "Feature", "properties": { "id": 83346, "model": "building", "type": "3", "accuracy": "94.81", "area": "216.12", "address": "충청남도 천안시 서북구 성정동 672-16", "region_code": "4413310200", "memo": "" }, "geometry": { "type": "Polygon", "coordinates": [ [ [ 127.13863, 36.820301 ], [ 127.138776, 36.820273 ], [ 127.138803, 36.820363 ], [ 127.138657, 36.820392 ], [ 127.13863, 36.820301 ] ] ] } },
{ "type": "Feature", "properties": { "id": 83353, "model": "building", "type": "3", "accuracy": "93.43", "area": "305.55", "address": "충청남도 천안시 서북구 성정동 908", "region_code": "4413310200", "memo": "" }, "geometry": { "type": "Polygon", "coordinates": [ [ [ 127.131944, 36.820209 ], [ 127.132128, 36.820135 ], [ 127.132181, 36.820221 ], [ 127.131998, 36.820295 ], [ 127.131944, 36.820209 ] ] ] } },
{ "type": "Feature", "properties": { "id": 83354, "model": "building", "type": "3", "accuracy": "92.06", "area": "209.93", "address": "충청남도 천안시 서북구 성정동 676-16", "region_code": "4413310200", "memo": "" }, "geometry": { "type": "Polygon", "coordinates": [ [ [ 127.137835, 36.820134 ], [ 127.137854, 36.820231 ], [ 127.137716, 36.820247 ], [ 127.137698, 36.820151 ], [ 127.137835, 36.820134 ] ] ] } },
{ "type": "Feature", "properties": { "id": 83359, "model": "building", "type": "1", "accuracy": "66.42", "area": "179.20", "address": "충청남도 천안시 서북구 성정동 908", "region_code": "4413310200", "memo": "" }, "geometry": { "type": "Polygon", "coordinates": [ [ [ 127.132166, 36.820154 ], [ 127.131984, 36.820169 ], [ 127.131976, 36.820106 ], [ 127.132158, 36.820091 ], [ 127.132166, 36.820154 ] ] ] } },
{ "type": "Feature", "properties": { "id": 83361, "model": "building", "type": "3", "accuracy": "79.52", "area": "321.24", "address": "충청남도 천안시 서북구 백석동 251", "region_code": "4413310300", "memo": "" }, "geometry": { "type": "Polygon", "coordinates": [ [ [ 127.113938, 36.820018 ], [ 127.113963, 36.820171 ], [ 127.11383, 36.820185 ], [ 127.113805, 36.820032 ], [ 127.113938, 36.820018 ] ] ] } },
{ "type": "Feature", "properties": { "id": 83363, "model": "building", "type": "3", "accuracy": "89.37", "area": "359.89", "address": "충청남도 천안시 서북구 성정동 911", "region_code": "4413310200", "memo": "" }, "geometry": { "type": "Polygon", "coordinates": [ [ [ 127.132749, 36.819971 ], [ 127.132782, 36.820115 ], [ 127.132625, 36.820138 ], [ 127.132593, 36.819994 ], [ 127.132749, 36.819971 ] ] ] } },
{ "type": "Feature", "properties": { "id": 83365, "model": "building", "type": "3", "accuracy": "66.34", "area": "444.88", "address": "충청남도 천안시 동남구 신부동 497-2", "region_code": "4413111800", "memo": "" }, "geometry": { "type": "Polygon", "coordinates": [ [ [ 127.162334, 36.819952 ], [ 127.162184, 36.820101 ], [ 127.162068, 36.820025 ], [ 127.162218, 36.819876 ], [ 127.162334, 36.819952 ] ] ] } },
{ "type": "Feature", "properties": { "id": 83368, "model": "building", "type": "3", "accuracy": "85.33", "area": "109.95", "address": "충청남도 천안시 동남구 신부동 494-14", "region_code": "4413111800", "memo": "" }, "geometry": { "type": "Polygon", "coordinates": [ [ [ 127.161351, 36.819932 ], [ 127.161294, 36.819993 ], [ 127.16122, 36.819949 ], [ 127.161277, 36.819887 ], [ 127.161351, 36.819932 ] ] ] } },
{ "type": "Feature", "properties": { "id": 83370, "model": "building", "type": "3", "accuracy": "74.38", "area": "1406.86", "address": "충청남도 천안시 동남구 신부동 494-6", "region_code": "4413111800", "memo": "" }, "geometry": { "type": "Polygon", "coordinates": [ [ [ 127.161226, 36.819936 ], [ 127.160987, 36.820179 ], [ 127.160757, 36.820032 ], [ 127.160996, 36.81979 ], [ 127.161226, 36.819936 ] ] ] } },
{ "type": "Feature", "properties": { "id": 83373, "model": "building", "type": "3", "accuracy": "93.8", "area": "194.70", "address": "충청남도 천안시 동남구 신부동 395-4", "region_code": "4413111800", "memo": "" }, "geometry": { "type": "Polygon", "coordinates": [ [ [ 127.150981, 36.819973 ], [ 127.150971, 36.819891 ], [ 127.151122, 36.819878 ], [ 127.151132, 36.819961 ], [ 127.150981, 36.819973 ] ] ] } },
{ "type": "Feature", "properties": { "id": 83375, "model": "building", "type": "3", "accuracy": "75.1", "area": "272.87", "address": "충청남도 천안시 동남구 신부동 496-13", "region_code": "4413111800", "memo": "" }, "geometry": { "type": "Polygon", "coordinates": [ [ [ 127.163134, 36.819892 ], [ 127.163202, 36.819803 ], [ 127.163346, 36.819875 ], [ 127.163279, 36.819963 ], [ 127.163134, 36.819892 ] ] ] } },
{ "type": "Feature", "properties": { "id": 83377, "model": "building", "type": "3", "accuracy": "75", "area": "263.76", "address": "충청남도 천안시 서북구 성정동 680-8", "region_code": "4413310200", "memo": "" }, "geometry": { "type": "Polygon", "coordinates": [ [ [ 127.138258, 36.819748 ], [ 127.138388, 36.819751 ], [ 127.138382, 36.819882 ], [ 127.138252, 36.819878 ], [ 127.138258, 36.819748 ] ] ] } },
{ "type": "Feature", "properties": { "id": 83378, "model": "building", "type": "3", "accuracy": "69.86", "area": "657.03", "address": "충청남도 천안시 동남구 신부동 356", "region_code": "4413111800", "memo": "" }, "geometry": { "type": "Polygon", "coordinates": [ [ [ 127.156774, 36.819832 ], [ 127.156418, 36.819834 ], [ 127.156417, 36.819714 ], [ 127.156773, 36.819713 ], [ 127.156774, 36.819832 ] ] ] } },
{ "type": "Feature", "properties": { "id": 83388, "model": "building", "type": "3", "accuracy": "56.1", "area": "479.90", "address": "충청남도 천안시 서북구 불당동 20", "region_code": "4413310800", "memo": "" }, "geometry": { "type": "Polygon", "coordinates": [ [ [ 127.112, 36.819713 ], [ 127.111838, 36.819797 ], [ 127.11173, 36.819661 ], [ 127.111892, 36.819578 ], [ 127.112, 36.819713 ] ] ] } },
{ "type": "Feature", "properties": { "id": 83403, "model": "building", "type": "3", "accuracy": "67.71", "area": "281.93", "address": "충청남도 천안시 동남구 신부동 498-17", "region_code": "4413111800", "memo": "" }, "geometry": { "type": "Polygon", "coordinates": [ [ [ 127.162192, 36.819393 ], [ 127.162395, 36.819397 ], [ 127.162392, 36.819487 ], [ 127.162189, 36.819483 ], [ 127.162192, 36.819393 ] ] ] } },
{ "type": "Feature", "properties": { "id": 83404, "model": "building", "type": "3", "accuracy": "75.43", "area": "238.83", "address": "충청남도 천안시 동남구 신부동 494-2", "region_code": "4413111800", "memo": "" }, "geometry": { "type": "Polygon", "coordinates": [ [ [ 127.160256, 36.819507 ], [ 127.160087, 36.819465 ], [ 127.16012, 36.819382 ], [ 127.160289, 36.819424 ], [ 127.160256, 36.819507 ] ] ] } },
{ "type": "Feature", "properties": { "id": 83409, "model": "building", "type": "3", "accuracy": "89.28", "area": "150.43", "address": "충청남도 천안시 서북구 성정동 681-24", "region_code": "4413310200", "memo": "" }, "geometry": { "type": "Polygon", "coordinates": [ [ [ 127.139193, 36.81931 ], [ 127.139322, 36.819293 ], [ 127.139337, 36.819366 ], [ 127.139207, 36.819383 ], [ 127.139193, 36.81931 ] ] ] } },
{ "type": "Feature", "properties": { "id": 83412, "model": "building", "type": "3", "accuracy": "86.7", "area": "238.81", "address": "충청남도 천안시 서북구 성정동 689-16", "region_code": "4413310200", "memo": "" }, "geometry": { "type": "Polygon", "coordinates": [ [ [ 127.142496, 36.819212 ], [ 127.142612, 36.819205 ], [ 127.142626, 36.819336 ], [ 127.142509, 36.819344 ], [ 127.142496, 36.819212 ] ] ] } },
{ "type": "Feature", "properties": { "id": 83414, "model": "building", "type": "3", "accuracy": "93.04", "area": "385.86", "address": "충청남도 천안시 동남구 신부동 493-19", "region_code": "4413111800", "memo": "" }, "geometry": { "type": "Polygon", "coordinates": [ [ [ 127.161587, 36.819337 ], [ 127.161578, 36.819187 ], [ 127.161744, 36.81918 ], [ 127.161753, 36.819331 ], [ 127.161587, 36.819337 ] ] ] } },
{ "type": "Feature", "properties": { "id": 83419, "model": "building", "type": "3", "accuracy": "63.47", "area": "199.89", "address": "충청남도 천안시 동남구 신부동 356-3", "region_code": "4413111800", "memo": "" }, "geometry": { "type": "Polygon", "coordinates": [ [ [ 127.156253, 36.819215 ], [ 127.156108, 36.819264 ], [ 127.156068, 36.819189 ], [ 127.156213, 36.819139 ], [ 127.156253, 36.819215 ] ] ] } },
{ "type": "Feature", "properties": { "id": 83431, "model": "building", "type": "3", "accuracy": "90.68", "area": "509.05", "address": "충청남도 천안시 서북구 성정동 961", "region_code": "4413310200", "memo": "" }, "geometry": { "type": "Polygon", "coordinates": [ [ [ 127.13355, 36.819108 ], [ 127.133373, 36.819138 ], [ 127.133325, 36.818961 ], [ 127.133502, 36.81893 ], [ 127.13355, 36.819108 ] ] ] } },
{ "type": "Feature", "properties": { "id": 83432, "model": "building", "type": "1", "accuracy": "97.57", "area": "337.35", "address": "충청남도 천안시 서북구 성정동 682-24", "region_code": "4413310200", "memo": "" }, "geometry": { "type": "Polygon", "coordinates": [ [ [ 127.137993, 36.819073 ], [ 127.137993, 36.818953 ], [ 127.138174, 36.818953 ], [ 127.138175, 36.819073 ], [ 127.137993, 36.819073 ] ] ] } },
{ "type": "Feature", "properties": { "id": 83433, "model": "building", "type": "3", "accuracy": "82.18", "area": "230.66", "address": "충청남도 천안시 동남구 신부동 468-3", "region_code": "4413111800", "memo": "" }, "geometry": { "type": "Polygon", "coordinates": [ [ [ 127.159355, 36.818898 ], [ 127.159457, 36.818951 ], [ 127.159375, 36.819054 ], [ 127.159272, 36.819001 ], [ 127.159355, 36.818898 ] ] ] } },
{ "type": "Feature", "properties": { "id": 83435, "model": "building", "type": "3", "accuracy": "90.08", "area": "171.95", "address": "충청남도 천안시 서북구 성정동 683-26", "region_code": "4413310200", "memo": "" }, "geometry": { "type": "Polygon", "coordinates": [ [ [ 127.139728, 36.818877 ], [ 127.139726, 36.818965 ], [ 127.139601, 36.818964 ], [ 127.139603, 36.818875 ], [ 127.139728, 36.818877 ] ] ] } },
{ "type": "Feature", "properties": { "id": 83439, "model": "building", "type": "2", "accuracy": "79.56", "area": "172.90", "address": "충청남도 천안시 동남구 유량동 183-8", "region_code": "4413111200", "memo": "" }, "geometry": { "type": "Polygon", "coordinates": [ [ [ 127.174888, 36.818701 ], [ 127.174996, 36.818701 ], [ 127.174996, 36.818805 ], [ 127.174889, 36.818805 ], [ 127.174888, 36.818701 ] ] ] } },
{ "type": "Feature", "properties": { "id": 83441, "model": "building", "type": "1", "accuracy": "85.93", "area": "117.48", "address": "충청남도 천안시 동남구 유량동 211-10", "region_code": "4413111200", "memo": "" }, "geometry": { "type": "Polygon", "coordinates": [ [ [ 127.170652, 36.818725 ], [ 127.170514, 36.818741 ], [ 127.170504, 36.818687 ], [ 127.170642, 36.818671 ], [ 127.170652, 36.818725 ] ] ] } },
{ "type": "Feature", "properties": { "id": 83442, "model": "building", "type": "3", "accuracy": "68.72", "area": "296.66", "address": "충청남도 천안시 서북구 성정동 682-1", "region_code": "4413310200", "memo": "" }, "geometry": { "type": "Polygon", "coordinates": [ [ [ 127.138123, 36.818642 ], [ 127.138117, 36.81881 ], [ 127.138003, 36.818808 ], [ 127.138009, 36.818639 ], [ 127.138123, 36.818642 ] ] ] } },
{ "type": "Feature", "properties": { "id": 83444, "model": "building", "type": "3", "accuracy": "67.96", "area": "265.95", "address": "충청남도 천안시 서북구 불당동 1485", "region_code": "4413310800", "memo": "" }, "geometry": { "type": "Polygon", "coordinates": [ [ [ 127.109927, 36.818699 ], [ 127.110087, 36.818666 ], [ 127.11012, 36.818767 ], [ 127.10996, 36.8188 ], [ 127.109927, 36.818699 ] ] ] } },
{ "type": "Feature", "properties": { "id": 83446, "model": "building", "type": "3", "accuracy": "75.84", "area": "184.09", "address": "충청남도 천안시 서북구 성정동 682-8", "region_code": "4413310200", "memo": "" }, "geometry": { "type": "Polygon", "coordinates": [ [ [ 127.138522, 36.818711 ], [ 127.138355, 36.818721 ], [ 127.138349, 36.81865 ], [ 127.138516, 36.81864 ], [ 127.138522, 36.818711 ] ] ] } },
{ "type": "Feature", "properties": { "id": 83451, "model": "building", "type": "3", "accuracy": "76.99", "area": "351.19", "address": "충청남도 천안시 동남구 신부동 468-9", "region_code": "4413111800", "memo": "" }, "geometry": { "type": "Polygon", "coordinates": [ [ [ 127.159185, 36.81867 ], [ 127.159044, 36.818591 ], [ 127.159138, 36.818483 ], [ 127.159279, 36.818562 ], [ 127.159185, 36.81867 ] ] ] } },
{ "type": "Feature", "properties": { "id": 83453, "model": "building", "type": "3", "accuracy": "70.47", "area": "220.82", "address": "충청남도 천안시 동남구 신부동 468-7", "region_code": "4413111800", "memo": "" }, "geometry": { "type": "Polygon", "coordinates": [ [ [ 127.158885, 36.81858 ], [ 127.158886, 36.818463 ], [ 127.159008, 36.818464 ], [ 127.159007, 36.818581 ], [ 127.158885, 36.81858 ] ] ] } },
{ "type": "Feature", "properties": { "id": 83462, "model": "building", "type": "1", "accuracy": "84.48", "area": "266.95", "address": "충청남도 천안시 동남구 신부동 502-13", "region_code": "4413111800", "memo": "" }, "geometry": { "type": "Polygon", "coordinates": [ [ [ 127.163687, 36.818358 ], [ 127.163687, 36.818227 ], [ 127.163818, 36.818227 ], [ 127.163819, 36.818358 ], [ 127.163687, 36.818358 ] ] ] } },
{ "type": "Feature", "properties": { "id": 83463, "model": "building", "type": "3", "accuracy": "78.82", "area": "389.02", "address": "충청남도 천안시 동남구 신부동 502-13", "region_code": "4413111800", "memo": "" }, "geometry": { "type": "Polygon", "coordinates": [ [ [ 127.163674, 36.81839 ], [ 127.163672, 36.818215 ], [ 127.163815, 36.818214 ], [ 127.163818, 36.818389 ], [ 127.163674, 36.81839 ] ] ] } },
{ "type": "Feature", "properties": { "id": 83464, "model": "building", "type": "1", "accuracy": "97.97", "area": "473.10", "address": "충청남도 천안시 동남구 신부동 502-16", "region_code": "4413111800", "memo": "" }, "geometry": { "type": "Polygon", "coordinates": [ [ [ 127.163829, 36.818392 ], [ 127.163832, 36.818212 ], [ 127.164001, 36.818214 ], [ 127.163999, 36.818394 ], [ 127.163829, 36.818392 ] ] ] } },
{ "type": "Feature", "properties": { "id": 83466, "model": "building", "type": "3", "accuracy": "80.78", "area": "664.74", "address": "충청남도 천안시 서북구 성정동 109-2", "region_code": "4413310200", "memo": "" }, "geometry": { "type": "Polygon", "coordinates": [ [ [ 127.146965, 36.818376 ], [ 127.146598, 36.818378 ], [ 127.146597, 36.818261 ], [ 127.146963, 36.818259 ], [ 127.146965, 36.818376 ] ] ] } },
{ "type": "Feature", "properties": { "id": 83467, "model": "building", "type": "3", "accuracy": "91.44", "area": "328.12", "address": "충청남도 천안시 동남구 신부동 454-8", "region_code": "4413111800", "memo": "" }, "geometry": { "type": "Polygon", "coordinates": [ [ [ 127.154621, 36.818234 ], [ 127.154617, 36.818365 ], [ 127.154455, 36.818362 ], [ 127.154459, 36.818231 ], [ 127.154621, 36.818234 ] ] ] } },
{ "type": "Feature", "properties": { "id": 83469, "model": "building", "type": "3", "accuracy": "95.52", "area": "1399.83", "address": "충청남도 천안시 서북구 성정동 109-2", "region_code": "4413310200", "memo": "" }, "geometry": { "type": "Polygon", "coordinates": [ [ [ 127.147352, 36.818491 ], [ 127.147045, 36.818346 ], [ 127.147204, 36.818128 ], [ 127.147512, 36.818272 ], [ 127.147352, 36.818491 ] ] ] } },
{ "type": "Feature", "properties": { "id": 83471, "model": "building", "type": "3", "accuracy": "93.71", "area": "1390.16", "address": "충청남도 천안시 서북구 성정동 327-1", "region_code": "4413310200", "memo": "" }, "geometry": { "type": "Polygon", "coordinates": [ [ [ 127.146552, 36.818285 ], [ 127.146305, 36.818495 ], [ 127.146079, 36.818324 ], [ 127.146327, 36.818114 ], [ 127.146552, 36.818285 ] ] ] } },
{ "type": "Feature", "properties": { "id": 83474, "model": "building", "type": "3", "accuracy": "92.87", "area": "125.10", "address": "충청남도 천안시 서북구 성정동 701-18", "region_code": "4413310200", "memo": "" }, "geometry": { "type": "Polygon", "coordinates": [ [ [ 127.136995, 36.818202 ], [ 127.137005, 36.818259 ], [ 127.136866, 36.818274 ], [ 127.136856, 36.818217 ], [ 127.136995, 36.818202 ] ] ] } },
{ "type": "Feature", "properties": { "id": 83475, "model": "building", "type": "3", "accuracy": "94.53", "area": "9777.46", "address": "충청남도 천안시 서북구 불당동 1507", "region_code": "4413310800", "memo": "" }, "geometry": { "type": "Polygon", "coordinates": [ [ [ 127.100085, 36.818768 ], [ 127.099779, 36.81774 ], [ 127.10036, 36.817628 ], [ 127.100666, 36.818657 ], [ 127.100085, 36.818768 ] ] ] } },
{ "type": "Feature", "properties": { "id": 83476, "model": "building", "type": "3", "accuracy": "67.86", "area": "166.65", "address": "충청남도 천안시 서북구 불당동 1515", "region_code": "4413310800", "memo": "" }, "geometry": { "type": "Polygon", "coordinates": [ [ [ 127.105903, 36.818149 ], [ 127.105888, 36.818254 ], [ 127.105787, 36.818245 ], [ 127.105802, 36.81814 ], [ 127.105903, 36.818149 ] ] ] } },
{ "type": "Feature", "properties": { "id": 83482, "model": "building", "type": "3", "accuracy": "77.55", "area": "325.73", "address": "충청남도 천안시 서북구 성정동 695-7", "region_code": "4413310200", "memo": "" }, "geometry": { "type": "Polygon", "coordinates": [ [ [ 127.140637, 36.818204 ], [ 127.140637, 36.818032 ], [ 127.140759, 36.818032 ], [ 127.140759, 36.818204 ], [ 127.140637, 36.818204 ] ] ] } },
{ "type": "Feature", "properties": { "id": 83486, "model": "building", "type": "1", "accuracy": "97.52", "area": "2031.80", "address": "충청남도 천안시 동남구 신부동 453-1", "region_code": "4413111800", "memo": "" }, "geometry": { "type": "Polygon", "coordinates": [ [ [ 127.153789, 36.81812 ], [ 127.153251, 36.818102 ], [ 127.153263, 36.817859 ], [ 127.153802, 36.817877 ], [ 127.153789, 36.81812 ] ] ] } },
{ "type": "Feature", "properties": { "id": 83492, "model": "building", "type": "3", "accuracy": "93.87", "area": "1025.29", "address": "충청남도 천안시 서북구 성정동 110-6", "region_code": "4413310200", "memo": "" }, "geometry": { "type": "Polygon", "coordinates": [ [ [ 127.14742, 36.817813 ], [ 127.147153, 36.818087 ], [ 127.147003, 36.817992 ], [ 127.14727, 36.817718 ], [ 127.14742, 36.817813 ] ] ] } },
{ "type": "Feature", "properties": { "id": 83493, "model": "building", "type": "1", "accuracy": "97.31", "area": "1405.74", "address": "충청남도 천안시 서북구 불당동 1517", "region_code": "4413310800", "memo": "" }, "geometry": { "type": "Polygon", "coordinates": [ [ [ 127.107021, 36.817731 ], [ 127.107124, 36.818081 ], [ 127.106878, 36.818128 ], [ 127.106775, 36.817778 ], [ 127.107021, 36.817731 ] ] ] } },
{ "type": "Feature", "properties": { "id": 83497, "model": "building", "type": "1", "accuracy": "98.01", "area": "1628.75", "address": "충청남도 천안시 서북구 불당동 1517", "region_code": "4413310800", "memo": "" }, "geometry": { "type": "Polygon", "coordinates": [ [ [ 127.107149, 36.818064 ], [ 127.107043, 36.817725 ], [ 127.107334, 36.817666 ], [ 127.10744, 36.818005 ], [ 127.107149, 36.818064 ] ] ] } },
{ "type": "Feature", "properties": { "id": 83500, "model": "building", "type": "3", "accuracy": "92.98", "area": "296.93", "address": "충청남도 천안시 서북구 성정동 327-5", "region_code": "4413310200", "memo": "" }, "geometry": { "type": "Polygon", "coordinates": [ [ [ 127.145959, 36.817912 ], [ 127.145862, 36.817803 ], [ 127.145978, 36.817736 ], [ 127.146075, 36.817844 ], [ 127.145959, 36.817912 ] ] ] } },
{ "type": "Feature", "properties": { "id": 83501, "model": "building", "type": "3", "accuracy": "84.83", "area": "259.01", "address": "충청남도 천안시 동남구 신부동 456-13", "region_code": "4413111800", "memo": "" }, "geometry": { "type": "Polygon", "coordinates": [ [ [ 127.154604, 36.817874 ], [ 127.154598, 36.817749 ], [ 127.154731, 36.817744 ], [ 127.154737, 36.81787 ], [ 127.154604, 36.817874 ] ] ] } },
{ "type": "Feature", "properties": { "id": 83504, "model": "building", "type": "3", "accuracy": "80.98", "area": "167.70", "address": "충청남도 천안시 서북구 성정동 693-9", "region_code": "4413310200", "memo": "" }, "geometry": { "type": "Polygon", "coordinates": [ [ [ 127.142361, 36.817687 ], [ 127.14249, 36.817666 ], [ 127.14251, 36.817747 ], [ 127.142382, 36.817768 ], [ 127.142361, 36.817687 ] ] ] } },
{ "type": "Feature", "properties": { "id": 83505, "model": "building", "type": "1", "accuracy": "86.89", "area": "266.00", "address": "충청남도 천안시 서북구 성정동 110-5", "region_code": "4413310200", "memo": "" }, "geometry": { "type": "Polygon", "coordinates": [ [ [ 127.146732, 36.817629 ], [ 127.146603, 36.817766 ], [ 127.146523, 36.817718 ], [ 127.146652, 36.81758 ], [ 127.146732, 36.817629 ] ] ] } },
{ "type": "Feature", "properties": { "id": 83510, "model": "building", "type": "3", "accuracy": "75.59", "area": "1258.32", "address": "충청남도 천안시 서북구 불당동 1515", "region_code": "4413310800", "memo": "" }, "geometry": { "type": "Polygon", "coordinates": [ [ [ 127.105554, 36.817834 ], [ 127.105291, 36.817692 ], [ 127.105469, 36.817479 ], [ 127.105732, 36.817621 ], [ 127.105554, 36.817834 ] ] ] } },
{ "type": "Feature", "properties": { "id": 83514, "model": "building", "type": "3", "accuracy": "95.6", "area": "1149.35", "address": "충청남도 천안시 서북구 성정동 111-1", "region_code": "4413310200", "memo": "" }, "geometry": { "type": "Polygon", "coordinates": [ [ [ 127.147279, 36.817696 ], [ 127.146996, 36.817537 ], [ 127.147148, 36.817361 ], [ 127.147432, 36.81752 ], [ 127.147279, 36.817696 ] ] ] } },
{ "type": "Feature", "properties": { "id": 83518, "model": "building", "type": "2", "accuracy": "96.68", "area": "199.62", "address": "충청남도 천안시 서북구 성정동 129-22", "region_code": "4413310200", "memo": "" }, "geometry": { "type": "Polygon", "coordinates": [ [ [ 127.145194, 36.817439 ], [ 127.145189, 36.81752 ], [ 127.145031, 36.817514 ], [ 127.145036, 36.817433 ], [ 127.145194, 36.817439 ] ] ] } },
{ "type": "Feature", "properties": { "id": 83524, "model": "building", "type": "2", "accuracy": "94.88", "area": "260.66", "address": "충청남도 천안시 동남구 유량동 190-3", "region_code": "4413111200", "memo": "" }, "geometry": { "type": "Polygon", "coordinates": [ [ [ 127.173498, 36.817354 ], [ 127.173382, 36.817276 ], [ 127.173471, 36.81719 ], [ 127.173587, 36.817269 ], [ 127.173498, 36.817354 ] ] ] } },
{ "type": "Feature", "properties": { "id": 83525, "model": "building", "type": "2", "accuracy": "84.21", "area": "198.94", "address": "충청남도 천안시 서북구 성정동 1024", "region_code": "4413310200", "memo": "" }, "geometry": { "type": "Polygon", "coordinates": [ [ [ 127.13492, 36.817387 ], [ 127.134817, 36.817398 ], [ 127.134798, 36.817275 ], [ 127.134901, 36.817264 ], [ 127.13492, 36.817387 ] ] ] } },
{ "type": "Feature", "properties": { "id": 83526, "model": "building", "type": "2", "accuracy": "90.53", "area": "140.32", "address": "충청남도 천안시 서북구 성정동 1024", "region_code": "4413310200", "memo": "" }, "geometry": { "type": "Polygon", "coordinates": [ [ [ 127.134972, 36.817284 ], [ 127.13508, 36.817267 ], [ 127.1351, 36.817348 ], [ 127.134992, 36.817365 ], [ 127.134972, 36.817284 ] ] ] } },
{ "type": "Feature", "properties": { "id": 83528, "model": "building", "type": "3", "accuracy": "85.71", "area": "304.03", "address": "충청남도 천안시 동남구 신부동 371-29", "region_code": "4413111800", "memo": "" }, "geometry": { "type": "Polygon", "coordinates": [ [ [ 127.152762, 36.817271 ], [ 127.152848, 36.817114 ], [ 127.152953, 36.817151 ], [ 127.152867, 36.817308 ], [ 127.152762, 36.817271 ] ] ] } },
{ "type": "Feature", "properties": { "id": 83530, "model": "building", "type": "3", "accuracy": "84.23", "area": "823.87", "address": "충청남도 천안시 서북구 성정동 111-90", "region_code": "4413310200", "memo": "" }, "geometry": { "type": "Polygon", "coordinates": [ [ [ 127.147386, 36.817116 ], [ 127.147149, 36.81735 ], [ 127.147012, 36.817261 ], [ 127.14725, 36.817026 ], [ 127.147386, 36.817116 ] ] ] } },
{ "type": "Feature", "properties": { "id": 83531, "model": "building", "type": "2", "accuracy": "94.08", "area": "454.45", "address": "충청남도 천안시 동남구 유량동 190-3", "region_code": "4413111200", "memo": "" }, "geometry": { "type": "Polygon", "coordinates": [ [ [ 127.172883, 36.817215 ], [ 127.17288, 36.817049 ], [ 127.173056, 36.817047 ], [ 127.17306, 36.817213 ], [ 127.172883, 36.817215 ] ] ] } },
{ "type": "Feature", "properties": { "id": 83535, "model": "building", "type": "3", "accuracy": "92.07", "area": "1911.44", "address": "충청남도 천안시 동남구 신부동 988", "region_code": "4413111800", "memo": "" }, "geometry": { "type": "Polygon", "coordinates": [ [ [ 127.164434, 36.816847 ], [ 127.164741, 36.817098 ], [ 127.164491, 36.817296 ], [ 127.164184, 36.817045 ], [ 127.164434, 36.816847 ] ] ] } },
{ "type": "Feature", "properties": { "id": 83541, "model": "building", "type": "3", "accuracy": "94.69", "area": "106.25", "address": "충청남도 천안시 동남구 유량동 188-1", "region_code": "4413111200", "memo": "" }, "geometry": { "type": "Polygon", "coordinates": [ [ [ 127.174594, 36.817065 ], [ 127.174548, 36.816991 ], [ 127.174622, 36.816961 ], [ 127.174668, 36.817035 ], [ 127.174594, 36.817065 ] ] ] } },
{ "type": "Feature", "properties": { "id": 83542, "model": "building", "type": "3", "accuracy": "85.43", "area": "191.46", "address": "충청남도 천안시 동남구 신부동 386-50", "region_code": "4413111800", "memo": "" }, "geometry": { "type": "Polygon", "coordinates": [ [ [ 127.1559, 36.817047 ], [ 127.1559, 36.816934 ], [ 127.156008, 36.816934 ], [ 127.156009, 36.817047 ], [ 127.1559, 36.817047 ] ] ] } },
{ "type": "Feature", "properties": { "id": 83545, "model": "building", "type": "2", "accuracy": "94.21", "area": "185.38", "address": "충청남도 천안시 동남구 유량동 231-1", "region_code": "4413111200", "memo": "" }, "geometry": { "type": "Polygon", "coordinates": [ [ [ 127.173462, 36.816949 ], [ 127.173374, 36.816873 ], [ 127.173458, 36.816809 ], [ 127.173546, 36.816885 ], [ 127.173462, 36.816949 ] ] ] } },
{ "type": "Feature", "properties": { "id": 83546, "model": "building", "type": "3", "accuracy": "75.25", "area": "992.96", "address": "충청남도 천안시 서북구 불당동 1515", "region_code": "4413310800", "memo": "" }, "geometry": { "type": "Polygon", "coordinates": [ [ [ 127.106166, 36.81698 ], [ 127.10571, 36.817074 ], [ 127.105668, 36.816942 ], [ 127.106124, 36.816848 ], [ 127.106166, 36.81698 ] ] ] } },
{ "type": "Feature", "properties": { "id": 83549, "model": "building", "type": "3", "accuracy": "72.64", "area": "174.69", "address": "충청남도 천안시 서북구 불당동 1532", "region_code": "4413310800", "memo": "" }, "geometry": { "type": "Polygon", "coordinates": [ [ [ 127.108433, 36.816817 ], [ 127.108694, 36.816817 ], [ 127.108694, 36.81686 ], [ 127.108433, 36.81686 ], [ 127.108433, 36.816817 ] ] ] } },
{ "type": "Feature", "properties": { "id": 83551, "model": "building", "type": "3", "accuracy": "92.16", "area": "99.21", "address": "충청남도 천안시 동남구 신부동 382-2", "region_code": "4413111800", "memo": "" }, "geometry": { "type": "Polygon", "coordinates": [ [ [ 127.157353, 36.81657 ], [ 127.157452, 36.816567 ], [ 127.157455, 36.816632 ], [ 127.157357, 36.816636 ], [ 127.157353, 36.81657 ] ] ] } },
{ "type": "Feature", "properties": { "id": 83555, "model": "building", "type": "2", "accuracy": "97.77", "area": "1676.37", "address": "충청남도 천안시 서북구 성정동 704-1", "region_code": "4413310200", "memo": "" }, "geometry": { "type": "Polygon", "coordinates": [ [ [ 127.13564, 36.816365 ], [ 127.135724, 36.816675 ], [ 127.135391, 36.816733 ], [ 127.135307, 36.816423 ], [ 127.13564, 36.816365 ] ] ] } },
{ "type": "Feature", "properties": { "id": 83558, "model": "building", "type": "3", "accuracy": "77.76", "area": "311.66", "address": "충청남도 천안시 서북구 불당동 1525", "region_code": "4413310800", "memo": "" }, "geometry": { "type": "Polygon", "coordinates": [ [ [ 127.10643, 36.816642 ], [ 127.106409, 36.816473 ], [ 127.106527, 36.816463 ], [ 127.106548, 36.816632 ], [ 127.10643, 36.816642 ] ] ] } },
{ "type": "Feature", "properties": { "id": 83562, "model": "building", "type": "3", "accuracy": "85.65", "area": "236.01", "address": "충청남도 천안시 동남구 원성동 1-25", "region_code": "4413110700", "memo": "" }, "geometry": { "type": "Polygon", "coordinates": [ [ [ 127.16886, 36.816421 ], [ 127.168997, 36.816382 ], [ 127.169041, 36.81648 ], [ 127.168903, 36.816519 ], [ 127.16886, 36.816421 ] ] ] } },
{ "type": "Feature", "properties": { "id": 83566, "model": "building", "type": "1", "accuracy": "79.22", "area": "245.13", "address": "충청남도 천안시 서북구 불당동 20", "region_code": "4413310800", "memo": "" }, "geometry": { "type": "Polygon", "coordinates": [ [ [ 127.111595, 36.816531 ], [ 127.111317, 36.81652 ], [ 127.111321, 36.816463 ], [ 127.111598, 36.816474 ], [ 127.111595, 36.816531 ] ] ] } },
{ "type": "Feature", "properties": { "id": 83568, "model": "building", "type": "1", "accuracy": "83.88", "area": "103.80", "address": "충청남도 천안시 동남구 신부동 387", "region_code": "4413111800", "memo": "" }, "geometry": { "type": "Polygon", "coordinates": [ [ [ 127.154939, 36.816418 ], [ 127.15508, 36.816409 ], [ 127.155084, 36.816457 ], [ 127.154944, 36.816466 ], [ 127.154939, 36.816418 ] ] ] } },
{ "type": "Feature", "properties": { "id": 83574, "model": "building", "type": "3", "accuracy": "84.64", "area": "282.29", "address": "충청남도 천안시 동남구 유량동 253-18", "region_code": "4413111200", "memo": "" }, "geometry": { "type": "Polygon", "coordinates": [ [ [ 127.173641, 36.816367 ], [ 127.173763, 36.81622 ], [ 127.173849, 36.816266 ], [ 127.173726, 36.816413 ], [ 127.173641, 36.816367 ] ] ] } },
{ "type": "Feature", "properties": { "id": 83575, "model": "building", "type": "3", "accuracy": "95.32", "area": "137.11", "address": "충청남도 천안시 동남구 성황동 10-16", "region_code": "4413110200", "memo": "" }, "geometry": { "type": "Polygon", "coordinates": [ [ [ 127.150809, 36.816246 ], [ 127.150843, 36.816321 ], [ 127.150738, 36.816351 ], [ 127.150705, 36.816276 ], [ 127.150809, 36.816246 ] ] ] } },
{ "type": "Feature", "properties": { "id": 83577, "model": "building", "type": "3", "accuracy": "85.6", "area": "286.88", "address": "충청남도 천안시 동남구 유량동 186-98", "region_code": "4413111200", "memo": "" }, "geometry": { "type": "Polygon", "coordinates": [ [ [ 127.174867, 36.816241 ], [ 127.174879, 36.816097 ], [ 127.175008, 36.816104 ], [ 127.174996, 36.816248 ], [ 127.174867, 36.816241 ] ] ] } },
{ "type": "Feature", "properties": { "id": 83579, "model": "building", "type": "3", "accuracy": "79.96", "area": "379.96", "address": "충청남도 천안시 동남구 봉명동 264", "region_code": "4413111300", "memo": "" }, "geometry": { "type": "Polygon", "coordinates": [ [ [ 127.131317, 36.816295 ], [ 127.131287, 36.816203 ], [ 127.131537, 36.816151 ], [ 127.131566, 36.816244 ], [ 127.131317, 36.816295 ] ] ] } },
{ "type": "Feature", "properties": { "id": 83583, "model": "building", "type": "3", "accuracy": "71.47", "area": "278.54", "address": "충청남도 천안시 동남구 유량동 252-10", "region_code": "4413111200", "memo": "" }, "geometry": { "type": "Polygon", "coordinates": [ [ [ 127.174128, 36.816082 ], [ 127.174258, 36.815921 ], [ 127.174337, 36.815962 ], [ 127.174207, 36.816123 ], [ 127.174128, 36.816082 ] ] ] } },
{ "type": "Feature", "properties": { "id": 83588, "model": "building", "type": "3", "accuracy": "96.16", "area": "216.99", "address": "충청남도 천안시 서북구 성정동 130-1", "region_code": "4413310200", "memo": "" }, "geometry": { "type": "Polygon", "coordinates": [ [ [ 127.145251, 36.815948 ], [ 127.145261, 36.816049 ], [ 127.145123, 36.816058 ], [ 127.145113, 36.815957 ], [ 127.145251, 36.815948 ] ] ] } },
{ "type": "Feature", "properties": { "id": 83590, "model": "building", "type": "3", "accuracy": "70.66", "area": "261.91", "address": "충청남도 천안시 서북구 불당동 1548", "region_code": "4413310800", "memo": "" }, "geometry": { "type": "Polygon", "coordinates": [ [ [ 127.105001, 36.816004 ], [ 127.104909, 36.816107 ], [ 127.104801, 36.816045 ], [ 127.104894, 36.815941 ], [ 127.105001, 36.816004 ] ] ] } },
{ "type": "Feature", "properties": { "id": 83591, "model": "building", "type": "3", "accuracy": "96.19", "area": "2460.13", "address": "충청남도 천안시 동남구 봉명동 178-8", "region_code": "4413111300", "memo": "" }, "geometry": { "type": "Polygon", "coordinates": [ [ [ 127.129395, 36.816161 ], [ 127.129554, 36.815728 ], [ 127.129892, 36.815808 ], [ 127.129733, 36.816241 ], [ 127.129395, 36.816161 ] ] ] } },
{ "type": "Feature", "properties": { "id": 83602, "model": "building", "type": "3", "accuracy": "88.6", "area": "294.43", "address": "충청남도 천안시 서북구 성정동 704-5", "region_code": "4413310200", "memo": "" }, "geometry": { "type": "Polygon", "coordinates": [ [ [ 127.135397, 36.815656 ], [ 127.135551, 36.815635 ], [ 127.135576, 36.815755 ], [ 127.135422, 36.815776 ], [ 127.135397, 36.815656 ] ] ] } },
{ "type": "Feature", "properties": { "id": 83604, "model": "building", "type": "1", "accuracy": "93.72", "area": "3552.62", "address": "충청남도 천안시 동남구 성황동 9-1", "region_code": "4413110200", "memo": "" }, "geometry": { "type": "Polygon", "coordinates": [ [ [ 127.150848, 36.815577 ], [ 127.151453, 36.815403 ], [ 127.151603, 36.815738 ], [ 127.150998, 36.815913 ], [ 127.150848, 36.815577 ] ] ] } },
{ "type": "Feature", "properties": { "id": 83605, "model": "building", "type": "3", "accuracy": "73.31", "area": "166.26", "address": "충청남도 천안시 동남구 봉명동 183", "region_code": "4413111300", "memo": "" }, "geometry": { "type": "Polygon", "coordinates": [ [ [ 127.128226, 36.815728 ], [ 127.128142, 36.815765 ], [ 127.128075, 36.815667 ], [ 127.128159, 36.81563 ], [ 127.128226, 36.815728 ] ] ] } },
{ "type": "Feature", "properties": { "id": 83608, "model": "building", "type": "1", "accuracy": "95.52", "area": "780.41", "address": "충청남도 천안시 동남구 봉명동 300", "region_code": "4413111300", "memo": "" }, "geometry": { "type": "Polygon", "coordinates": [ [ [ 127.131252, 36.815778 ], [ 127.131177, 36.815544 ], [ 127.131378, 36.815502 ], [ 127.131454, 36.815736 ], [ 127.131252, 36.815778 ] ] ] } },
{ "type": "Feature", "properties": { "id": 83610, "model": "building", "type": "1", "accuracy": "92.81", "area": "400.05", "address": "충청남도 천안시 서북구 불당동 20", "region_code": "4413310800", "memo": "" }, "geometry": { "type": "Polygon", "coordinates": [ [ [ 127.111038, 36.815687 ], [ 127.111285, 36.815534 ], [ 127.111348, 36.815599 ], [ 127.1111, 36.815753 ], [ 127.111038, 36.815687 ] ] ] } },
{ "type": "Feature", "properties": { "id": 83611, "model": "building", "type": "3", "accuracy": "79.62", "area": "275.21", "address": "충청남도 천안시 동남구 유량동 186-114", "region_code": "4413111200", "memo": "" }, "geometry": { "type": "Polygon", "coordinates": [ [ [ 127.173806, 36.815627 ], [ 127.173666, 36.815557 ], [ 127.173737, 36.815466 ], [ 127.173877, 36.815536 ], [ 127.173806, 36.815627 ] ] ] } },
{ "type": "Feature", "properties": { "id": 83612, "model": "building", "type": "3", "accuracy": "82.68", "area": "191.34", "address": "충청남도 천안시 서북구 불당동 1544", "region_code": "4413310800", "memo": "" }, "geometry": { "type": "Polygon", "coordinates": [ [ [ 127.106279, 36.815543 ], [ 127.106448, 36.815543 ], [ 127.106448, 36.815616 ], [ 127.10628, 36.815616 ], [ 127.106279, 36.815543 ] ] ] } },
{ "type": "Feature", "properties": { "id": 83613, "model": "building", "type": "3", "accuracy": "73.29", "area": "823.91", "address": "충청남도 천안시 서북구 불당동 1544", "region_code": "4413310800", "memo": "" }, "geometry": { "type": "Polygon", "coordinates": [ [ [ 127.10673, 36.815525 ], [ 127.106543, 36.81578 ], [ 127.106388, 36.815707 ], [ 127.106575, 36.815452 ], [ 127.10673, 36.815525 ] ] ] } },
{ "type": "Feature", "properties": { "id": 83615, "model": "building", "type": "3", "accuracy": "83.68", "area": "107.14", "address": "충청남도 천안시 서북구 성정동 127-5", "region_code": "4413310200", "memo": "" }, "geometry": { "type": "Polygon", "coordinates": [ [ [ 127.145385, 36.815395 ], [ 127.145412, 36.815467 ], [ 127.145324, 36.815488 ], [ 127.145297, 36.815416 ], [ 127.145385, 36.815395 ] ] ] } },
{ "type": "Feature", "properties": { "id": 83616, "model": "building", "type": "1", "accuracy": "78.76", "area": "111.33", "address": "충청남도 천안시 서북구 성정동 709-10", "region_code": "4413310200", "memo": "" }, "geometry": { "type": "Polygon", "coordinates": [ [ [ 127.13711, 36.815468 ], [ 127.136967, 36.815486 ], [ 127.136957, 36.815437 ], [ 127.1371, 36.815419 ], [ 127.13711, 36.815468 ] ] ] } },
{ "type": "Feature", "properties": { "id": 83617, "model": "building", "type": "1", "accuracy": "95.54", "area": "85.77", "address": "충청남도 천안시 동남구 신부동 56-19", "region_code": "4413111800", "memo": "" }, "geometry": { "type": "Polygon", "coordinates": [ [ [ 127.165358, 36.815396 ], [ 127.165284, 36.815369 ], [ 127.165319, 36.815307 ], [ 127.165393, 36.815334 ], [ 127.165358, 36.815396 ] ] ] } },
{ "type": "Feature", "properties": { "id": 83618, "model": "building", "type": "3", "accuracy": "95.67", "area": "237.03", "address": "충청남도 천안시 서북구 성정동 135-58", "region_code": "4413310200", "memo": "" }, "geometry": { "type": "Polygon", "coordinates": [ [ [ 127.142724, 36.815395 ], [ 127.142564, 36.815434 ], [ 127.142531, 36.815346 ], [ 127.142692, 36.815308 ], [ 127.142724, 36.815395 ] ] ] } },
{ "type": "Feature", "properties": { "id": 83620, "model": "building", "type": "3", "accuracy": "69.36", "area": "158.38", "address": "충청남도 천안시 서북구 불당동 234-1", "region_code": "4413310800", "memo": "" }, "geometry": { "type": "Polygon", "coordinates": [ [ [ 127.113368, 36.815348 ], [ 127.113559, 36.815313 ], [ 127.113574, 36.815364 ], [ 127.113383, 36.815399 ], [ 127.113368, 36.815348 ] ] ] } },
{ "type": "Feature", "properties": { "id": 83623, "model": "building", "type": "3", "accuracy": "95.08", "area": "171.25", "address": "충청남도 천안시 서북구 성정동 135-61", "region_code": "4413310200", "memo": "" }, "geometry": { "type": "Polygon", "coordinates": [ [ [ 127.142573, 36.815313 ], [ 127.142553, 36.81523 ], [ 127.142681, 36.81521 ], [ 127.142701, 36.815293 ], [ 127.142573, 36.815313 ] ] ] } },
{ "type": "Feature", "properties": { "id": 83624, "model": "building", "type": "3", "accuracy": "84.47", "area": "861.63", "address": "충청남도 천안시 서북구 불당동 1548", "region_code": "4413310800", "memo": "" }, "geometry": { "type": "Polygon", "coordinates": [ [ [ 127.104873, 36.815197 ], [ 127.104684, 36.815468 ], [ 127.104528, 36.815398 ], [ 127.104717, 36.815127 ], [ 127.104873, 36.815197 ] ] ] } },
{ "type": "Feature", "properties": { "id": 83626, "model": "building", "type": "1", "accuracy": "79.88", "area": "2561.61", "address": "충청남도 천안시 동남구 성황동 4", "region_code": "4413110200", "memo": "" }, "geometry": { "type": "Polygon", "coordinates": [ [ [ 127.153657, 36.815101 ], [ 127.154316, 36.815034 ], [ 127.154354, 36.815282 ], [ 127.153695, 36.815348 ], [ 127.153657, 36.815101 ] ] ] } },
{ "type": "Feature", "properties": { "id": 83630, "model": "building", "type": "3", "accuracy": "92.97", "area": "4806.73", "address": "충청남도 천안시 동남구 신부동 383-3", "region_code": "4413111800", "memo": "" }, "geometry": { "type": "Polygon", "coordinates": [ [ [ 127.156632, 36.814707 ], [ 127.156777, 36.815554 ], [ 127.156417, 36.815593 ], [ 127.156272, 36.814747 ], [ 127.156632, 36.814707 ] ] ] } },
{ "type": "Feature", "properties": { "id": 83633, "model": "building", "type": "3", "accuracy": "77.46", "area": "526.68", "address": "충청남도 천안시 동남구 성황동 4", "region_code": "4413110200", "memo": "" }, "geometry": { "type": "Polygon", "coordinates": [ [ [ 127.154024, 36.815039 ], [ 127.154346, 36.815064 ], [ 127.154333, 36.815169 ], [ 127.154012, 36.815144 ], [ 127.154024, 36.815039 ] ] ] } },
{ "type": "Feature", "properties": { "id": 83634, "model": "building", "type": "1", "accuracy": "69.55", "area": "161.90", "address": "충청남도 천안시 동남구 성황동 12-74", "region_code": "4413110200", "memo": "" }, "geometry": { "type": "Polygon", "coordinates": [ [ [ 127.148893, 36.815163 ], [ 127.148861, 36.815081 ], [ 127.148978, 36.815051 ], [ 127.14901, 36.815133 ], [ 127.148893, 36.815163 ] ] ] } },
{ "type": "Feature", "properties": { "id": 83635, "model": "building", "type": "3", "accuracy": "62.94", "area": "224.36", "address": "충청남도 천안시 서북구 불당동 234-1", "region_code": "4413310800", "memo": "" }, "geometry": { "type": "Polygon", "coordinates": [ [ [ 127.113207, 36.815183 ], [ 127.113055, 36.8152 ], [ 127.113039, 36.815106 ], [ 127.11319, 36.815089 ], [ 127.113207, 36.815183 ] ] ] } },
{ "type": "Feature", "properties": { "id": 83637, "model": "building", "type": "1", "accuracy": "72.57", "area": "158.82", "address": "충청남도 천안시 동남구 성황동 4", "region_code": "4413110200", "memo": "" }, "geometry": { "type": "Polygon", "coordinates": [ [ [ 127.154365, 36.815036 ], [ 127.154273, 36.815111 ], [ 127.154203, 36.815055 ], [ 127.154295, 36.814981 ], [ 127.154365, 36.815036 ] ] ] } },
{ "type": "Feature", "properties": { "id": 83638, "model": "building", "type": "1", "accuracy": "92.38", "area": "258.01", "address": "충청남도 천안시 동남구 성황동 22-6", "region_code": "4413110200", "memo": "" }, "geometry": { "type": "Polygon", "coordinates": [ [ [ 127.149031, 36.815126 ], [ 127.14893, 36.815017 ], [ 127.149029, 36.814958 ], [ 127.14913, 36.815066 ], [ 127.149031, 36.815126 ] ] ] } },
{ "type": "Feature", "properties": { "id": 83640, "model": "building", "type": "3", "accuracy": "96.15", "area": "159.10", "address": "충청남도 천안시 동남구 성황동 22-6", "region_code": "4413110200", "memo": "" }, "geometry": { "type": "Polygon", "coordinates": [ [ [ 127.14894, 36.815105 ], [ 127.14894, 36.81497 ], [ 127.149016, 36.81497 ], [ 127.149017, 36.815104 ], [ 127.14894, 36.815105 ] ] ] } },
{ "type": "Feature", "properties": { "id": 83641, "model": "building", "type": "3", "accuracy": "82.07", "area": "127.68", "address": "충청남도 천안시 서북구 불당동 1544", "region_code": "4413310800", "memo": "" }, "geometry": { "type": "Polygon", "coordinates": [ [ [ 127.107302, 36.815065 ], [ 127.107298, 36.814916 ], [ 127.107353, 36.814915 ], [ 127.107357, 36.815064 ], [ 127.107302, 36.815065 ] ] ] } },
{ "type": "Feature", "properties": { "id": 83646, "model": "building", "type": "3", "accuracy": "73.91", "area": "423.63", "address": "충청남도 천안시 동남구 성황동 4-15", "region_code": "4413110200", "memo": "" }, "geometry": { "type": "Polygon", "coordinates": [ [ [ 127.155372, 36.814924 ], [ 127.155086, 36.814952 ], [ 127.155072, 36.814857 ], [ 127.155357, 36.814829 ], [ 127.155372, 36.814924 ] ] ] } },
{ "type": "Feature", "properties": { "id": 83649, "model": "building", "type": "3", "accuracy": "94.81", "area": "265.54", "address": "충청남도 천안시 서북구 성정동 161-3", "region_code": "4413310200", "memo": "" }, "geometry": { "type": "Polygon", "coordinates": [ [ [ 127.145098, 36.814866 ], [ 127.144958, 36.814953 ], [ 127.144884, 36.814876 ], [ 127.145024, 36.814789 ], [ 127.145098, 36.814866 ] ] ] } },
{ "type": "Feature", "properties": { "id": 83651, "model": "building", "type": "3", "accuracy": "74.51", "area": "209.08", "address": "충청남도 천안시 동남구 신부동 58-24", "region_code": "4413111800", "memo": "" }, "geometry": { "type": "Polygon", "coordinates": [ [ [ 127.16356, 36.814765 ], [ 127.163553, 36.81486 ], [ 127.163412, 36.814853 ], [ 127.163419, 36.814758 ], [ 127.16356, 36.814765 ] ] ] } },
{ "type": "Feature", "properties": { "id": 83653, "model": "building", "type": "3", "accuracy": "92.14", "area": "527.82", "address": "충청남도 천안시 동남구 성황동 4", "region_code": "4413110200", "memo": "" }, "geometry": { "type": "Polygon", "coordinates": [ [ [ 127.153419, 36.814904 ], [ 127.153368, 36.814656 ], [ 127.153502, 36.814638 ], [ 127.153553, 36.814886 ], [ 127.153419, 36.814904 ] ] ] } },
{ "type": "Feature", "properties": { "id": 83655, "model": "building", "type": "3", "accuracy": "59.63", "area": "155.02", "address": "충청남도 천안시 서북구 불당동 234-1", "region_code": "4413310800", "memo": "" }, "geometry": { "type": "Polygon", "coordinates": [ [ [ 127.114368, 36.814705 ], [ 127.114207, 36.814738 ], [ 127.114188, 36.814679 ], [ 127.114349, 36.814647 ], [ 127.114368, 36.814705 ] ] ] } },
{ "type": "Feature", "properties": { "id": 83656, "model": "building", "type": "3", "accuracy": "91.06", "area": "443.08", "address": "충청남도 천안시 동남구 성황동 5-27", "region_code": "4413110200", "memo": "" }, "geometry": { "type": "Polygon", "coordinates": [ [ [ 127.152981, 36.814647 ], [ 127.152735, 36.814669 ], [ 127.152719, 36.814555 ], [ 127.152965, 36.814532 ], [ 127.152981, 36.814647 ] ] ] } },
{ "type": "Feature", "properties": { "id": 83657, "model": "building", "type": "3", "accuracy": "75.83", "area": "1291.54", "address": "충청남도 천안시 서북구 불당동 234-1", "region_code": "4413310800", "memo": "" }, "geometry": { "type": "Polygon", "coordinates": [ [ [ 127.113959, 36.814679 ], [ 127.114272, 36.814459 ], [ 127.114436, 36.81461 ], [ 127.114122, 36.81483 ], [ 127.113959, 36.814679 ] ] ] } },
{ "type": "Feature", "properties": { "id": 83658, "model": "building", "type": "1", "accuracy": "76.75", "area": "133.96", "address": "충청남도 천안시 동남구 봉명동 380", "region_code": "4413111300", "memo": "" }, "geometry": { "type": "Polygon", "coordinates": [ [ [ 127.132013, 36.814519 ], [ 127.132157, 36.8145 ], [ 127.132168, 36.814559 ], [ 127.132025, 36.814577 ], [ 127.132013, 36.814519 ] ] ] } },
{ "type": "Feature", "properties": { "id": 83659, "model": "building", "type": "3", "accuracy": "93.36", "area": "475.67", "address": "충청남도 천안시 동남구 성황동 4", "region_code": "4413110200", "memo": "" }, "geometry": { "type": "Polygon", "coordinates": [ [ [ 127.15348, 36.814374 ], [ 127.153515, 36.814595 ], [ 127.153378, 36.814609 ], [ 127.153343, 36.814388 ], [ 127.15348, 36.814374 ] ] ] } },
{ "type": "Feature", "properties": { "id": 83660, "model": "building", "type": "3", "accuracy": "89.85", "area": "1691.60", "address": "충청남도 천안시 동남구 성황동 4", "region_code": "4413110200", "memo": "" }, "geometry": { "type": "Polygon", "coordinates": [ [ [ 127.15465, 36.814296 ], [ 127.154701, 36.814635 ], [ 127.154383, 36.814666 ], [ 127.154332, 36.814327 ], [ 127.15465, 36.814296 ] ] ] } },
{ "type": "Feature", "properties": { "id": 83661, "model": "building", "type": "3", "accuracy": "95.06", "area": "219.59", "address": "충청남도 천안시 동남구 봉명동 364", "region_code": "4413111300", "memo": "" }, "geometry": { "type": "Polygon", "coordinates": [ [ [ 127.13419, 36.814479 ], [ 127.134353, 36.814451 ], [ 127.134375, 36.814534 ], [ 127.134211, 36.814562 ], [ 127.13419, 36.814479 ] ] ] } },
{ "type": "Feature", "properties": { "id": 83662, "model": "building", "type": "3", "accuracy": "74.14", "area": "212.41", "address": "충청남도 천안시 동남구 신부동 82-12", "region_code": "4413111800", "memo": "" }, "geometry": { "type": "Polygon", "coordinates": [ [ [ 127.158684, 36.814377 ], [ 127.158682, 36.814506 ], [ 127.158576, 36.814505 ], [ 127.158577, 36.814376 ], [ 127.158684, 36.814377 ] ] ] } },
{ "type": "Feature", "properties": { "id": 83671, "model": "building", "type": "3", "accuracy": "65.57", "area": "163.62", "address": "충청남도 천안시 동남구 신부동 81-1", "region_code": "4413111800", "memo": "" }, "geometry": { "type": "Polygon", "coordinates": [ [ [ 127.158855, 36.814205 ], [ 127.158852, 36.814313 ], [ 127.158754, 36.814311 ], [ 127.158758, 36.814203 ], [ 127.158855, 36.814205 ] ] ] } },
{ "type": "Feature", "properties": { "id": 83673, "model": "building", "type": "3", "accuracy": "83.57", "area": "115.09", "address": "충청남도 천안시 동남구 유량동 249-9", "region_code": "4413111200", "memo": "" }, "geometry": { "type": "Polygon", "coordinates": [ [ [ 127.173261, 36.814196 ], [ 127.173319, 36.814133 ], [ 127.173395, 36.814177 ], [ 127.173338, 36.814241 ], [ 127.173261, 36.814196 ] ] ] } },
{ "type": "Feature", "properties": { "id": 83676, "model": "building", "type": "3", "accuracy": "94.96", "area": "272.07", "address": "충청남도 천안시 서북구 성정동 729-2", "region_code": "4413310200", "memo": "" }, "geometry": { "type": "Polygon", "coordinates": [ [ [ 127.140301, 36.814149 ], [ 127.140186, 36.814152 ], [ 127.140181, 36.813998 ], [ 127.140295, 36.813996 ], [ 127.140301, 36.814149 ] ] ] } },
{ "type": "Feature", "properties": { "id": 83677, "model": "building", "type": "3", "accuracy": "78.15", "area": "265.90", "address": "충청남도 천안시 동남구 성황동 38-1", "region_code": "4413110200", "memo": "" }, "geometry": { "type": "Polygon", "coordinates": [ [ [ 127.150327, 36.814062 ], [ 127.150454, 36.81396 ], [ 127.150538, 36.814027 ], [ 127.150411, 36.814129 ], [ 127.150327, 36.814062 ] ] ] } },
{ "type": "Feature", "properties": { "id": 83678, "model": "building", "type": "3", "accuracy": "90.35", "area": "194.40", "address": "충청남도 천안시 서북구 성정동 163-26", "region_code": "4413310200", "memo": "" }, "geometry": { "type": "Polygon", "coordinates": [ [ [ 127.144218, 36.814091 ], [ 127.144244, 36.81398 ], [ 127.144353, 36.813996 ], [ 127.144327, 36.814107 ], [ 127.144218, 36.814091 ] ] ] } },
{ "type": "Feature", "properties": { "id": 83679, "model": "building", "type": "3", "accuracy": "76.6", "area": "255.13", "address": "충청남도 천안시 동남구 성황동 40-17", "region_code": "4413110200", "memo": "" }, "geometry": { "type": "Polygon", "coordinates": [ [ [ 127.151052, 36.813947 ], [ 127.151026, 36.814057 ], [ 127.150882, 36.814035 ], [ 127.150907, 36.813925 ], [ 127.151052, 36.813947 ] ] ] } },
{ "type": "Feature", "properties": { "id": 83680, "model": "building", "type": "1", "accuracy": "93.85", "area": "123.97", "address": "충청남도 천안시 동남구 성황동 16-3", "region_code": "4413110200", "memo": "" }, "geometry": { "type": "Polygon", "coordinates": [ [ [ 127.148234, 36.813928 ], [ 127.148272, 36.814042 ], [ 127.148206, 36.814056 ], [ 127.148168, 36.813943 ], [ 127.148234, 36.813928 ] ] ] } },
{ "type": "Feature", "properties": { "id": 83682, "model": "building", "type": "3", "accuracy": "85.5", "area": "229.65", "address": "충청남도 천안시 동남구 신부동 80-3", "region_code": "4413111800", "memo": "" }, "geometry": { "type": "Polygon", "coordinates": [ [ [ 127.158844, 36.813864 ], [ 127.15883, 36.81398 ], [ 127.158703, 36.81397 ], [ 127.158717, 36.813854 ], [ 127.158844, 36.813864 ] ] ] } },
{ "type": "Feature", "properties": { "id": 83683, "model": "building", "type": "3", "accuracy": "95.55", "area": "1481.57", "address": "충청남도 천안시 동남구 유량동 243-1", "region_code": "4413111200", "memo": "" }, "geometry": { "type": "Polygon", "coordinates": [ [ [ 127.169364, 36.814076 ], [ 127.168936, 36.813873 ], [ 127.169059, 36.813707 ], [ 127.169486, 36.81391 ], [ 127.169364, 36.814076 ] ] ] } },
{ "type": "Feature", "properties": { "id": 83685, "model": "building", "type": "3", "accuracy": "54.35", "area": "487.26", "address": "충청남도 천안시 동남구 신부동 77-11", "region_code": "4413111800", "memo": "" }, "geometry": { "type": "Polygon", "coordinates": [ [ [ 127.159311, 36.813778 ], [ 127.159591, 36.813803 ], [ 127.159576, 36.813914 ], [ 127.159296, 36.81389 ], [ 127.159311, 36.813778 ] ] ] } },
{ "type": "Feature", "properties": { "id": 83686, "model": "building", "type": "3", "accuracy": "48.85", "area": "233.10", "address": "충청남도 천안시 서북구 불당동 1536-2", "region_code": "4413310800", "memo": "" }, "geometry": { "type": "Polygon", "coordinates": [ [ [ 127.108452, 36.81389 ], [ 127.108679, 36.813861 ], [ 127.108692, 36.813925 ], [ 127.108465, 36.813955 ], [ 127.108452, 36.81389 ] ] ] } },
{ "type": "Feature", "properties": { "id": 83690, "model": "building", "type": "3", "accuracy": "80.97", "area": "344.00", "address": "충청남도 천안시 동남구 원성동 216-1", "region_code": "4413110700", "memo": "" }, "geometry": { "type": "Polygon", "coordinates": [ [ [ 127.16072, 36.813856 ], [ 127.160731, 36.813695 ], [ 127.160868, 36.813701 ], [ 127.160857, 36.813862 ], [ 127.16072, 36.813856 ] ] ] } },
{ "type": "Feature", "properties": { "id": 83691, "model": "building", "type": "2", "accuracy": "88.97", "area": "604.45", "address": "충청남도 천안시 동남구 원성동 31-70", "region_code": "4413110700", "memo": "" }, "geometry": { "type": "Polygon", "coordinates": [ [ [ 127.163127, 36.813728 ], [ 127.162828, 36.813651 ], [ 127.162876, 36.813532 ], [ 127.163174, 36.813609 ], [ 127.163127, 36.813728 ] ] ] } },
{ "type": "Feature", "properties": { "id": 83693, "model": "building", "type": "3", "accuracy": "64.14", "area": "193.08", "address": "충청남도 천안시 동남구 원성동 230-115", "region_code": "4413110700", "memo": "" }, "geometry": { "type": "Polygon", "coordinates": [ [ [ 127.160372, 36.813581 ], [ 127.160327, 36.813674 ], [ 127.160211, 36.813638 ], [ 127.160255, 36.813545 ], [ 127.160372, 36.813581 ] ] ] } },
{ "type": "Feature", "properties": { "id": 83694, "model": "building", "type": "3", "accuracy": "96.44", "area": "256.36", "address": "충청남도 천안시 동남구 유량동 248-7", "region_code": "4413111200", "memo": "" }, "geometry": { "type": "Polygon", "coordinates": [ [ [ 127.173291, 36.81351 ], [ 127.173271, 36.81363 ], [ 127.173135, 36.813615 ], [ 127.173155, 36.813495 ], [ 127.173291, 36.81351 ] ] ] } },
{ "type": "Feature", "properties": { "id": 83697, "model": "building", "type": "3", "accuracy": "77.93", "area": "126.51", "address": "충청남도 천안시 동남구 원성동 195-4", "region_code": "4413110700", "memo": "" }, "geometry": { "type": "Polygon", "coordinates": [ [ [ 127.158442, 36.813502 ], [ 127.158471, 36.813428 ], [ 127.158573, 36.813454 ], [ 127.158544, 36.813527 ], [ 127.158442, 36.813502 ] ] ] } },
{ "type": "Feature", "properties": { "id": 83698, "model": "building", "type": "3", "accuracy": "82.94", "area": "107.69", "address": "충청남도 천안시 동남구 봉명동 428-1", "region_code": "4413111300", "memo": "" }, "geometry": { "type": "Polygon", "coordinates": [ [ [ 127.132583, 36.813537 ], [ 127.132565, 36.813481 ], [ 127.132682, 36.813457 ], [ 127.132699, 36.813514 ], [ 127.132583, 36.813537 ] ] ] } },
{ "type": "Feature", "properties": { "id": 83700, "model": "building", "type": "1", "accuracy": "94.35", "area": "309.96", "address": "충청남도 천안시 서북구 불당동 1562", "region_code": "4413310800", "memo": "" }, "geometry": { "type": "Polygon", "coordinates": [ [ [ 127.101364, 36.813309 ], [ 127.101364, 36.813406 ], [ 127.101158, 36.813406 ], [ 127.101158, 36.813309 ], [ 127.101364, 36.813309 ] ] ] } },
{ "type": "Feature", "properties": { "id": 83703, "model": "building", "type": "3", "accuracy": "94.94", "area": "285.73", "address": "충청남도 천안시 서북구 불당동 1570", "region_code": "4413310800", "memo": "" }, "geometry": { "type": "Polygon", "coordinates": [ [ [ 127.100795, 36.813191 ], [ 127.100969, 36.813215 ], [ 127.100947, 36.813318 ], [ 127.100772, 36.813293 ], [ 127.100795, 36.813191 ] ] ] } },
{ "type": "Feature", "properties": { "id": 83704, "model": "building", "type": "2", "accuracy": "94.02", "area": "149.69", "address": "충청남도 천안시 서북구 성정동 171-13", "region_code": "4413310200", "memo": "" }, "geometry": { "type": "Polygon", "coordinates": [ [ [ 127.145983, 36.813147 ], [ 127.145897, 36.813222 ], [ 127.145827, 36.81317 ], [ 127.145913, 36.813095 ], [ 127.145983, 36.813147 ] ] ] } },
{ "type": "Feature", "properties": { "id": 83705, "model": "building", "type": "3", "accuracy": "94.28", "area": "213.61", "address": "충청남도 천안시 서북구 성정동 183-9", "region_code": "4413310200", "memo": "" }, "geometry": { "type": "Polygon", "coordinates": [ [ [ 127.144653, 36.813175 ], [ 127.144651, 36.81308 ], [ 127.144795, 36.813077 ], [ 127.144797, 36.813173 ], [ 127.144653, 36.813175 ] ] ] } },
{ "type": "Feature", "properties": { "id": 83706, "model": "building", "type": "1", "accuracy": "88.9", "area": "400.50", "address": "충청남도 천안시 동남구 원성동 230-42", "region_code": "4413110700", "memo": "" }, "geometry": { "type": "Polygon", "coordinates": [ [ [ 127.160005, 36.813117 ], [ 127.159794, 36.813134 ], [ 127.159779, 36.813013 ], [ 127.15999, 36.812996 ], [ 127.160005, 36.813117 ] ] ] } },
{ "type": "Feature", "properties": { "id": 83707, "model": "building", "type": "3", "accuracy": "73.97", "area": "260.99", "address": "충청남도 천안시 서북구 불당동 1613", "region_code": "4413310800", "memo": "" }, "geometry": { "type": "Polygon", "coordinates": [ [ [ 127.10388, 36.813065 ], [ 127.103781, 36.813168 ], [ 127.103678, 36.813105 ], [ 127.103777, 36.813001 ], [ 127.10388, 36.813065 ] ] ] } },
{ "type": "Feature", "properties": { "id": 83710, "model": "building", "type": "3", "accuracy": "82.26", "area": "1147.74", "address": "충청남도 천안시 서북구 불당동 1613", "region_code": "4413310800", "memo": "" }, "geometry": { "type": "Polygon", "coordinates": [ [ [ 127.104194, 36.8132 ], [ 127.103762, 36.812993 ], [ 127.103856, 36.812866 ], [ 127.104288, 36.813073 ], [ 127.104194, 36.8132 ] ] ] } },
{ "type": "Feature", "properties": { "id": 83711, "model": "building", "type": "3", "accuracy": "76.75", "area": "1909.12", "address": "충청남도 천안시 서북구 불당동 1613", "region_code": "4413310800", "memo": "" }, "geometry": { "type": "Polygon", "coordinates": [ [ [ 127.104643, 36.813195 ], [ 127.104547, 36.812883 ], [ 127.10492, 36.812809 ], [ 127.105016, 36.81312 ], [ 127.104643, 36.813195 ] ] ] } },
{ "type": "Feature", "properties": { "id": 83712, "model": "building", "type": "3", "accuracy": "74.07", "area": "176.09", "address": "충청남도 천안시 서북구 성정동 737-35", "region_code": "4413310200", "memo": "" }, "geometry": { "type": "Polygon", "coordinates": [ [ [ 127.138423, 36.812982 ], [ 127.138418, 36.812885 ], [ 127.138535, 36.812882 ], [ 127.13854, 36.812978 ], [ 127.138423, 36.812982 ] ] ] } },
{ "type": "Feature", "properties": { "id": 83714, "model": "building", "type": "3", "accuracy": "80.24", "area": "175.45", "address": "충청남도 천안시 서북구 성정동 733-3", "region_code": "4413310200", "memo": "" }, "geometry": { "type": "Polygon", "coordinates": [ [ [ 127.141085, 36.812809 ], [ 127.140953, 36.812813 ], [ 127.140949, 36.812727 ], [ 127.141081, 36.812723 ], [ 127.141085, 36.812809 ] ] ] } },
{ "type": "Feature", "properties": { "id": 83717, "model": "building", "type": "3", "accuracy": "75.65", "area": "595.11", "address": "충청남도 천안시 동남구 원성동 31-70", "region_code": "4413110700", "memo": "" }, "geometry": { "type": "Polygon", "coordinates": [ [ [ 127.162824, 36.812857 ], [ 127.16277, 36.812546 ], [ 127.162891, 36.812533 ], [ 127.162946, 36.812843 ], [ 127.162824, 36.812857 ] ] ] } },
{ "type": "Feature", "properties": { "id": 83718, "model": "building", "type": "3", "accuracy": "68.56", "area": "347.77", "address": "충청남도 천안시 서북구 불당동 1573", "region_code": "4413310800", "memo": "" }, "geometry": { "type": "Polygon", "coordinates": [ [ [ 127.101296, 36.812637 ], [ 127.101296, 36.812799 ], [ 127.101157, 36.8128 ], [ 127.101157, 36.812637 ], [ 127.101296, 36.812637 ] ] ] } },
{ "type": "Feature", "properties": { "id": 83721, "model": "building", "type": "2", "accuracy": "95.13", "area": "2795.66", "address": "충청남도 천안시 동남구 원성동 31-70", "region_code": "4413110700", "memo": "" }, "geometry": { "type": "Polygon", "coordinates": [ [ [ 127.161666, 36.812914 ], [ 127.161726, 36.812221 ], [ 127.161985, 36.812235 ], [ 127.161925, 36.812929 ], [ 127.161666, 36.812914 ] ] ] } },
{ "type": "Feature", "properties": { "id": 83722, "model": "building", "type": "3", "accuracy": "77.29", "area": "478.93", "address": "충청남도 천안시 서북구 불당동 1614", "region_code": "4413310800", "memo": "" }, "geometry": { "type": "Polygon", "coordinates": [ [ [ 127.105401, 36.812663 ], [ 127.105585, 36.812507 ], [ 127.105689, 36.812586 ], [ 127.105505, 36.812743 ], [ 127.105401, 36.812663 ] ] ] } },
{ "type": "Feature", "properties": { "id": 83724, "model": "building", "type": "3", "accuracy": "85.77", "area": "301.89", "address": "충청남도 천안시 동남구 원성동 195-2", "region_code": "4413110700", "memo": "" }, "geometry": { "type": "Polygon", "coordinates": [ [ [ 127.158765, 36.812498 ], [ 127.158566, 36.812574 ], [ 127.158518, 36.812494 ], [ 127.158717, 36.812418 ], [ 127.158765, 36.812498 ] ] ] } },
{ "type": "Feature", "properties": { "id": 83726, "model": "building", "type": "3", "accuracy": "82.24", "area": "1200.92", "address": "충청남도 천안시 서북구 불당동 1613", "region_code": "4413310800", "memo": "" }, "geometry": { "type": "Polygon", "coordinates": [ [ [ 127.104013, 36.812676 ], [ 127.10362, 36.812482 ], [ 127.10373, 36.812339 ], [ 127.104122, 36.812533 ], [ 127.104013, 36.812676 ] ] ] } },
{ "type": "Feature", "properties": { "id": 83727, "model": "building", "type": "2", "accuracy": "88.42", "area": "972.63", "address": "충청남도 천안시 동남구 원성동 31-70", "region_code": "4413110700", "memo": "" }, "geometry": { "type": "Polygon", "coordinates": [ [ [ 127.162965, 36.812233 ], [ 127.162954, 36.812639 ], [ 127.162799, 36.812636 ], [ 127.16281, 36.81223 ], [ 127.162965, 36.812233 ] ] ] } },
{ "type": "Feature", "properties": { "id": 83730, "model": "building", "type": "3", "accuracy": "90.71", "area": "260.79", "address": "충청남도 천안시 동남구 대흥동 43", "region_code": "4413110100", "memo": "" }, "geometry": { "type": "Polygon", "coordinates": [ [ [ 127.148509, 36.812256 ], [ 127.14828, 36.812293 ], [ 127.148263, 36.812222 ], [ 127.148492, 36.812185 ], [ 127.148509, 36.812256 ] ] ] } },
{ "type": "Feature", "properties": { "id": 83732, "model": "building", "type": "1", "accuracy": "95.04", "area": "792.94", "address": "충청남도 천안시 서북구 성정동 734-3", "region_code": "4413310200", "memo": "" }, "geometry": { "type": "Polygon", "coordinates": [ [ [ 127.140162, 36.812132 ], [ 127.140483, 36.812114 ], [ 127.140497, 36.812273 ], [ 127.140176, 36.812291 ], [ 127.140162, 36.812132 ] ] ] } },
{ "type": "Feature", "properties": { "id": 83733, "model": "building", "type": "3", "accuracy": "89.74", "area": "308.85", "address": "충청남도 천안시 동남구 봉명동 475", "region_code": "4413111300", "memo": "" }, "geometry": { "type": "Polygon", "coordinates": [ [ [ 127.132523, 36.81223 ], [ 127.132318, 36.812267 ], [ 127.132292, 36.812175 ], [ 127.132497, 36.812137 ], [ 127.132523, 36.81223 ] ] ] } },
{ "type": "Feature", "properties": { "id": 83737, "model": "building", "type": "3", "accuracy": "81.96", "area": "221.72", "address": "충청남도 천안시 서북구 불당동 1621", "region_code": "4413310800", "memo": "" }, "geometry": { "type": "Polygon", "coordinates": [ [ [ 127.107782, 36.81209 ], [ 127.107798, 36.812183 ], [ 127.107647, 36.8122 ], [ 127.107631, 36.812107 ], [ 127.107782, 36.81209 ] ] ] } },
{ "type": "Feature", "properties": { "id": 83740, "model": "building", "type": "3", "accuracy": "78.77", "area": "1156.98", "address": "충청남도 천안시 서북구 불당동 1614", "region_code": "4413310800", "memo": "" }, "geometry": { "type": "Polygon", "coordinates": [ [ [ 127.105591, 36.812057 ], [ 127.105369, 36.812337 ], [ 127.105179, 36.81224 ], [ 127.105401, 36.81196 ], [ 127.105591, 36.812057 ] ] ] } },
{ "type": "Feature", "properties": { "id": 83741, "model": "building", "type": "3", "accuracy": "85.31", "area": "314.57", "address": "충청남도 천안시 동남구 봉명동 454", "region_code": "4413111300", "memo": "" }, "geometry": { "type": "Polygon", "coordinates": [ [ [ 127.133194, 36.812048 ], [ 127.133408, 36.812031 ], [ 127.133419, 36.812125 ], [ 127.133205, 36.812142 ], [ 127.133194, 36.812048 ] ] ] } },
{ "type": "Feature", "properties": { "id": 83743, "model": "building", "type": "3", "accuracy": "77.51", "area": "203.05", "address": "충청남도 천안시 서북구 불당동 683", "region_code": "4413310800", "memo": "" }, "geometry": { "type": "Polygon", "coordinates": [ [ [ 127.110124, 36.812065 ], [ 127.109981, 36.812167 ], [ 127.109925, 36.812116 ], [ 127.110068, 36.812014 ], [ 127.110124, 36.812065 ] ] ] } },
{ "type": "Feature", "properties": { "id": 83749, "model": "building", "type": "3", "accuracy": "87.99", "area": "382.47", "address": "충청남도 천안시 동남구 원성동 216-6", "region_code": "4413110700", "memo": "" }, "geometry": { "type": "Polygon", "coordinates": [ [ [ 127.160887, 36.812007 ], [ 127.16057, 36.812008 ], [ 127.160569, 36.81193 ], [ 127.160887, 36.811929 ], [ 127.160887, 36.812007 ] ] ] } },
{ "type": "Feature", "properties": { "id": 83750, "model": "building", "type": "3", "accuracy": "97.06", "area": "343.40", "address": "충청남도 천안시 서북구 성정동 182-8", "region_code": "4413310200", "memo": "" }, "geometry": { "type": "Polygon", "coordinates": [ [ [ 127.143416, 36.811902 ], [ 127.143576, 36.811872 ], [ 127.143615, 36.812003 ], [ 127.143454, 36.812033 ], [ 127.143416, 36.811902 ] ] ] } },
{ "type": "Feature", "properties": { "id": 83751, "model": "building", "type": "3", "accuracy": "64.75", "area": "607.65", "address": "충청남도 천안시 서북구 불당동 1628", "region_code": "4413310800", "memo": "" }, "geometry": { "type": "Polygon", "coordinates": [ [ [ 127.106859, 36.812096 ], [ 127.106805, 36.811927 ], [ 127.107022, 36.811882 ], [ 127.107077, 36.812051 ], [ 127.106859, 36.812096 ] ] ] } },
{ "type": "Feature", "properties": { "id": 83752, "model": "building", "type": "2", "accuracy": "87.74", "area": "488.84", "address": "충청남도 천안시 동남구 원성동 224-7", "region_code": "4413110700", "memo": "" }, "geometry": { "type": "Polygon", "coordinates": [ [ [ 127.161368, 36.811812 ], [ 127.161359, 36.812025 ], [ 127.161211, 36.812021 ], [ 127.16122, 36.811808 ], [ 127.161368, 36.811812 ] ] ] } },
{ "type": "Feature", "properties": { "id": 83753, "model": "building", "type": "3", "accuracy": "87.03", "area": "403.40", "address": "충청남도 천안시 동남구 원성동 224-7", "region_code": "4413110700", "memo": "" }, "geometry": { "type": "Polygon", "coordinates": [ [ [ 127.161346, 36.812008 ], [ 127.161214, 36.812004 ], [ 127.161224, 36.811807 ], [ 127.161356, 36.811811 ], [ 127.161346, 36.812008 ] ] ] } },
{ "type": "Feature", "properties": { "id": 83755, "model": "building", "type": "2", "accuracy": "94.46", "area": "847.19", "address": "충청남도 천안시 동남구 원성동 31-62", "region_code": "4413110700", "memo": "" }, "geometry": { "type": "Polygon", "coordinates": [ [ [ 127.163173, 36.812007 ], [ 127.16286, 36.811974 ], [ 127.162888, 36.811802 ], [ 127.163201, 36.811835 ], [ 127.163173, 36.812007 ] ] ] } },
{ "type": "Feature", "properties": { "id": 83756, "model": "building", "type": "3", "accuracy": "90.31", "area": "1179.17", "address": "충청남도 천안시 서북구 불당동 1613", "region_code": "4413310800", "memo": "" }, "geometry": { "type": "Polygon", "coordinates": [ [ [ 127.103843, 36.812052 ], [ 127.10342, 36.811863 ], [ 127.103515, 36.811726 ], [ 127.103938, 36.811914 ], [ 127.103843, 36.812052 ] ] ] } },
{ "type": "Feature", "properties": { "id": 83757, "model": "building", "type": "3", "accuracy": "81.56", "area": "680.66", "address": "충청남도 천안시 동남구 원성동 19", "region_code": "4413110700", "memo": "" }, "geometry": { "type": "Polygon", "coordinates": [ [ [ 127.167023, 36.811738 ], [ 127.167023, 36.811894 ], [ 127.166741, 36.811894 ], [ 127.16674, 36.811738 ], [ 127.167023, 36.811738 ] ] ] } },
{ "type": "Feature", "properties": { "id": 83758, "model": "building", "type": "3", "accuracy": "82.16", "area": "776.25", "address": "충청남도 천안시 동남구 봉명동 204-3", "region_code": "4413111300", "memo": "" }, "geometry": { "type": "Polygon", "coordinates": [ [ [ 127.134847, 36.811828 ], [ 127.134437, 36.811961 ], [ 127.134385, 36.811855 ], [ 127.134794, 36.811723 ], [ 127.134847, 36.811828 ] ] ] } },
{ "type": "Feature", "properties": { "id": 83759, "model": "building", "type": "3", "accuracy": "84.91", "area": "354.56", "address": "충청남도 천안시 동남구 원성동 216-6", "region_code": "4413110700", "memo": "" }, "geometry": { "type": "Polygon", "coordinates": [ [ [ 127.160869, 36.811841 ], [ 127.160522, 36.811831 ], [ 127.160525, 36.811765 ], [ 127.160872, 36.811775 ], [ 127.160869, 36.811841 ] ] ] } },
{ "type": "Feature", "properties": { "id": 83760, "model": "building", "type": "2", "accuracy": "93.82", "area": "139.47", "address": "충청남도 천안시 동남구 원성동 31-70", "region_code": "4413110700", "memo": "" }, "geometry": { "type": "Polygon", "coordinates": [ [ [ 127.162674, 36.81171 ], [ 127.162659, 36.811818 ], [ 127.162576, 36.81181 ], [ 127.162592, 36.811702 ], [ 127.162674, 36.81171 ] ] ] } },
{ "type": "Feature", "properties": { "id": 83761, "model": "building", "type": "3", "accuracy": "79.24", "area": "237.60", "address": "충청남도 천안시 동남구 유량동 398-33", "region_code": "4413111200", "memo": "" }, "geometry": { "type": "Polygon", "coordinates": [ [ [ 127.170478, 36.811726 ], [ 127.170534, 36.811643 ], [ 127.170677, 36.811705 ], [ 127.170622, 36.811788 ], [ 127.170478, 36.811726 ] ] ] } },
{ "type": "Feature", "properties": { "id": 83763, "model": "building", "type": "3", "accuracy": "69.61", "area": "199.53", "address": "충청남도 천안시 동남구 문화동 180", "region_code": "4413110300", "memo": "" }, "geometry": { "type": "Polygon", "coordinates": [ [ [ 127.153282, 36.811601 ], [ 127.153212, 36.811749 ], [ 127.153136, 36.811726 ], [ 127.153206, 36.811578 ], [ 127.153282, 36.811601 ] ] ] } },
{ "type": "Feature", "properties": { "id": 83764, "model": "building", "type": "3", "accuracy": "80.54", "area": "293.95", "address": "충청남도 천안시 서북구 불당동 1613", "region_code": "4413310800", "memo": "" }, "geometry": { "type": "Polygon", "coordinates": [ [ [ 127.104346, 36.81182 ], [ 127.104168, 36.811759 ], [ 127.104216, 36.811668 ], [ 127.104394, 36.811729 ], [ 127.104346, 36.81182 ] ] ] } },
{ "type": "Feature", "properties": { "id": 83765, "model": "building", "type": "3", "accuracy": "67.95", "area": "181.54", "address": "충청남도 천안시 동남구 유량동 398-4", "region_code": "4413111200", "memo": "" }, "geometry": { "type": "Polygon", "coordinates": [ [ [ 127.167288, 36.811587 ], [ 127.167283, 36.81149 ], [ 127.167404, 36.811486 ], [ 127.167409, 36.811583 ], [ 127.167288, 36.811587 ] ] ] } },
{ "type": "Feature", "properties": { "id": 83770, "model": "building", "type": "3", "accuracy": "94.88", "area": "225.10", "address": "충청남도 천안시 동남구 유량동 398-82", "region_code": "4413111200", "memo": "" }, "geometry": { "type": "Polygon", "coordinates": [ [ [ 127.168785, 36.811473 ], [ 127.16871, 36.811326 ], [ 127.168794, 36.811298 ], [ 127.168869, 36.811445 ], [ 127.168785, 36.811473 ] ] ] } },
{ "type": "Feature", "properties": { "id": 83771, "model": "building", "type": "3", "accuracy": "92.11", "area": "535.63", "address": "충청남도 천안시 동남구 유량동 398-82", "region_code": "4413111200", "memo": "" }, "geometry": { "type": "Polygon", "coordinates": [ [ [ 127.168987, 36.811436 ], [ 127.168976, 36.811163 ], [ 127.169103, 36.811159 ], [ 127.169114, 36.811432 ], [ 127.168987, 36.811436 ] ] ] } },
{ "type": "Feature", "properties": { "id": 83772, "model": "building", "type": "3", "accuracy": "92.62", "area": "763.13", "address": "충청남도 천안시 서북구 불당동 1613", "region_code": "4413310800", "memo": "" }, "geometry": { "type": "Polygon", "coordinates": [ [ [ 127.103473, 36.811223 ], [ 127.103767, 36.811369 ], [ 127.103673, 36.811491 ], [ 127.103379, 36.811345 ], [ 127.103473, 36.811223 ] ] ] } },
{ "type": "Feature", "properties": { "id": 83773, "model": "building", "type": "3", "accuracy": "70.34", "area": "374.45", "address": "충청남도 천안시 서북구 불당동 1630", "region_code": "4413310800", "memo": "" }, "geometry": { "type": "Polygon", "coordinates": [ [ [ 127.106813, 36.811248 ], [ 127.106858, 36.811345 ], [ 127.106639, 36.81141 ], [ 127.106594, 36.811313 ], [ 127.106813, 36.811248 ] ] ] } },
{ "type": "Feature", "properties": { "id": 83776, "model": "building", "type": "3", "accuracy": "77.58", "area": "575.38", "address": "충청남도 천안시 서북구 불당동 1613", "region_code": "4413310800", "memo": "" }, "geometry": { "type": "Polygon", "coordinates": [ [ [ 127.104186, 36.811301 ], [ 127.103963, 36.81125 ], [ 127.104018, 36.811096 ], [ 127.104241, 36.811147 ], [ 127.104186, 36.811301 ] ] ] } },
{ "type": "Feature", "properties": { "id": 83778, "model": "building", "type": "3", "accuracy": "81.37", "area": "142.27", "address": "충청남도 천안시 서북구 불당동 724", "region_code": "4413310800", "memo": "" }, "geometry": { "type": "Polygon", "coordinates": [ [ [ 127.108663, 36.811186 ], [ 127.108663, 36.811047 ], [ 127.108729, 36.811047 ], [ 127.108729, 36.811186 ], [ 127.108663, 36.811186 ] ] ] } },
{ "type": "Feature", "properties": { "id": 83780, "model": "building", "type": "3", "accuracy": "83.51", "area": "182.46", "address": "충청남도 천안시 동남구 원성동 446-17", "region_code": "4413110700", "memo": "" }, "geometry": { "type": "Polygon", "coordinates": [ [ [ 127.162988, 36.810993 ], [ 127.163115, 36.81098 ], [ 127.163129, 36.811071 ], [ 127.163001, 36.811084 ], [ 127.162988, 36.810993 ] ] ] } },
{ "type": "Feature", "properties": { "id": 83788, "model": "building", "type": "1", "accuracy": "85.2", "area": "476.48", "address": "충청남도 천안시 동남구 유량동 382-1", "region_code": "4413111200", "memo": "" }, "geometry": { "type": "Polygon", "coordinates": [ [ [ 127.169979, 36.810894 ], [ 127.169962, 36.810754 ], [ 127.17018, 36.810738 ], [ 127.170196, 36.810878 ], [ 127.169979, 36.810894 ] ] ] } },
{ "type": "Feature", "properties": { "id": 83792, "model": "building", "type": "3", "accuracy": "66.32", "area": "133.95", "address": "충청남도 천안시 동남구 원성동 445-25", "region_code": "4413110700", "memo": "" }, "geometry": { "type": "Polygon", "coordinates": [ [ [ 127.163538, 36.810698 ], [ 127.163542, 36.810608 ], [ 127.163638, 36.810611 ], [ 127.163634, 36.810701 ], [ 127.163538, 36.810698 ] ] ] } },
{ "type": "Feature", "properties": { "id": 83797, "model": "building", "type": "3", "accuracy": "74.74", "area": "232.10", "address": "충청남도 천안시 동남구 대흥동 57-9", "region_code": "4413110100", "memo": "" }, "geometry": { "type": "Polygon", "coordinates": [ [ [ 127.147807, 36.810589 ], [ 127.147974, 36.810587 ], [ 127.147976, 36.810677 ], [ 127.147809, 36.810679 ], [ 127.147807, 36.810589 ] ] ] } },
{ "type": "Feature", "properties": { "id": 83798, "model": "building", "type": "3", "accuracy": "76.87", "area": "955.44", "address": "충청남도 천안시 서북구 불당동 1957", "region_code": "4413310800", "memo": "" }, "geometry": { "type": "Polygon", "coordinates": [ [ [ 127.100171, 36.810437 ], [ 127.10017, 36.810802 ], [ 127.100001, 36.810802 ], [ 127.100002, 36.810437 ], [ 127.100171, 36.810437 ] ] ] } },
{ "type": "Feature", "properties": { "id": 83800, "model": "building", "type": "3", "accuracy": "96.17", "area": "294.85", "address": "충청남도 천안시 동남구 봉명동 109-39", "region_code": "4413111300", "memo": "" }, "geometry": { "type": "Polygon", "coordinates": [ [ [ 127.135769, 36.81068 ], [ 127.135782, 36.810514 ], [ 127.135896, 36.81052 ], [ 127.135884, 36.810685 ], [ 127.135769, 36.81068 ] ] ] } },
{ "type": "Feature", "properties": { "id": 83803, "model": "building", "type": "1", "accuracy": "89.91", "area": "635.46", "address": "충청남도 천안시 서북구 와촌동 55-13", "region_code": "4413310100", "memo": "" }, "geometry": { "type": "Polygon", "coordinates": [ [ [ 127.145635, 36.810698 ], [ 127.145579, 36.810406 ], [ 127.145716, 36.810389 ], [ 127.145773, 36.81068 ], [ 127.145635, 36.810698 ] ] ] } },
{ "type": "Feature", "properties": { "id": 83804, "model": "building", "type": "2", "accuracy": "96.29", "area": "304.07", "address": "충청남도 천안시 동남구 원성동 37-1", "region_code": "4413110700", "memo": "" }, "geometry": { "type": "Polygon", "coordinates": [ [ [ 127.167632, 36.810386 ], [ 127.167758, 36.810481 ], [ 127.167661, 36.810564 ], [ 127.167535, 36.810468 ], [ 127.167632, 36.810386 ] ] ] } },
{ "type": "Feature", "properties": { "id": 83805, "model": "building", "type": "3", "accuracy": "69.91", "area": "264.46", "address": "충청남도 천안시 서북구 쌍용동 2100", "region_code": "4413310700", "memo": "" }, "geometry": { "type": "Polygon", "coordinates": [ [ [ 127.119681, 36.810463 ], [ 127.120014, 36.810531 ], [ 127.119999, 36.81058 ], [ 127.119666, 36.810511 ], [ 127.119681, 36.810463 ] ] ] } },
{ "type": "Feature", "properties": { "id": 83809, "model": "building", "type": "1", "accuracy": "84.71", "area": "639.75", "address": "충청남도 천안시 동남구 유량동 292", "region_code": "4413111200", "memo": "" }, "geometry": { "type": "Polygon", "coordinates": [ [ [ 127.17481, 36.810474 ], [ 127.174485, 36.810367 ], [ 127.174541, 36.810258 ], [ 127.174865, 36.810365 ], [ 127.17481, 36.810474 ] ] ] } },
{ "type": "Feature", "properties": { "id": 83812, "model": "building", "type": "3", "accuracy": "76.51", "area": "183.60", "address": "충청남도 천안시 서북구 불당동 1756", "region_code": "4413310800", "memo": "" }, "geometry": { "type": "Polygon", "coordinates": [ [ [ 127.102895, 36.810425 ], [ 127.102753, 36.810443 ], [ 127.102737, 36.810362 ], [ 127.102879, 36.810343 ], [ 127.102895, 36.810425 ] ] ] } },
{ "type": "Feature", "properties": { "id": 83813, "model": "building", "type": "3", "accuracy": "68.84", "area": "178.58", "address": "충청남도 천안시 동남구 원성동 450-7", "region_code": "4413110700", "memo": "" }, "geometry": { "type": "Polygon", "coordinates": [ [ [ 127.162486, 36.810264 ], [ 127.162623, 36.810262 ], [ 127.162625, 36.810346 ], [ 127.162488, 36.810348 ], [ 127.162486, 36.810264 ] ] ] } },
{ "type": "Feature", "properties": { "id": 83814, "model": "building", "type": "2", "accuracy": "95.36", "area": "337.84", "address": "충청남도 천안시 서북구 와촌동 106-57", "region_code": "4413310100", "memo": "" }, "geometry": { "type": "Polygon", "coordinates": [ [ [ 127.144703, 36.810355 ], [ 127.14487, 36.810211 ], [ 127.144951, 36.810271 ], [ 127.144784, 36.810416 ], [ 127.144703, 36.810355 ] ] ] } },
{ "type": "Feature", "properties": { "id": 83815, "model": "building", "type": "3", "accuracy": "69.4", "area": "179.16", "address": "충청남도 천안시 동남구 대흥동 10-8", "region_code": "4413110100", "memo": "" }, "geometry": { "type": "Polygon", "coordinates": [ [ [ 127.149788, 36.810371 ], [ 127.149761, 36.810271 ], [ 127.149872, 36.810252 ], [ 127.149899, 36.810352 ], [ 127.149788, 36.810371 ] ] ] } },
{ "type": "Feature", "properties": { "id": 83816, "model": "building", "type": "3", "accuracy": "73.76", "area": "245.38", "address": "충청남도 천안시 동남구 원성동 465-18", "region_code": "4413110700", "memo": "" }, "geometry": { "type": "Polygon", "coordinates": [ [ [ 127.160288, 36.810271 ], [ 127.160102, 36.810272 ], [ 127.160102, 36.810186 ], [ 127.160287, 36.810186 ], [ 127.160288, 36.810271 ] ] ] } },
{ "type": "Feature", "properties": { "id": 83817, "model": "building", "type": "3", "accuracy": "92.76", "area": "153.10", "address": "충청남도 천안시 동남구 원성동 450-5", "region_code": "4413110700", "memo": "" }, "geometry": { "type": "Polygon", "coordinates": [ [ [ 127.161945, 36.810155 ], [ 127.161942, 36.810252 ], [ 127.16184, 36.81025 ], [ 127.161844, 36.810153 ], [ 127.161945, 36.810155 ] ] ] } },
{ "type": "Feature", "properties": { "id": 83821, "model": "building", "type": "1", "accuracy": "85.45", "area": "280.81", "address": "충청남도 천안시 서북구 와촌동 106-81", "region_code": "4413310100", "memo": "" }, "geometry": { "type": "Polygon", "coordinates": [ [ [ 127.144572, 36.81011 ], [ 127.144397, 36.810221 ], [ 127.144334, 36.810157 ], [ 127.144509, 36.810046 ], [ 127.144572, 36.81011 ] ] ] } },
{ "type": "Feature", "properties": { "id": 83823, "model": "building", "type": "3", "accuracy": "86.25", "area": "360.83", "address": "충청남도 천안시 동남구 봉명동 204-41", "region_code": "4413111300", "memo": "" }, "geometry": { "type": "Polygon", "coordinates": [ [ [ 127.134711, 36.810064 ], [ 127.134881, 36.810047 ], [ 127.134902, 36.810182 ], [ 127.134732, 36.810199 ], [ 127.134711, 36.810064 ] ] ] } },
{ "type": "Feature", "properties": { "id": 83825, "model": "building", "type": "3", "accuracy": "93.22", "area": "326.97", "address": "충청남도 천안시 동남구 봉명동 82-20", "region_code": "4413111300", "memo": "" }, "geometry": { "type": "Polygon", "coordinates": [ [ [ 127.135571, 36.809941 ], [ 127.135714, 36.810009 ], [ 127.135633, 36.810119 ], [ 127.135491, 36.810052 ], [ 127.135571, 36.809941 ] ] ] } },
{ "type": "Feature", "properties": { "id": 83826, "model": "building", "type": "3", "accuracy": "90.6", "area": "363.80", "address": "충청남도 천안시 동남구 봉명동 110-73", "region_code": "4413111300", "memo": "" }, "geometry": { "type": "Polygon", "coordinates": [ [ [ 127.137129, 36.810135 ], [ 127.137145, 36.809926 ], [ 127.137257, 36.809931 ], [ 127.137241, 36.81014 ], [ 127.137129, 36.810135 ] ] ] } },
{ "type": "Feature", "properties": { "id": 83827, "model": "building", "type": "3", "accuracy": "87.82", "area": "168.24", "address": "충청남도 천안시 동남구 원성동 38-108", "region_code": "4413110700", "memo": "" }, "geometry": { "type": "Polygon", "coordinates": [ [ [ 127.168521, 36.810017 ], [ 127.168509, 36.809935 ], [ 127.168639, 36.809922 ], [ 127.168652, 36.810005 ], [ 127.168521, 36.810017 ] ] ] } },
{ "type": "Feature", "properties": { "id": 83829, "model": "building", "type": "1", "accuracy": "97.01", "area": "162.42", "address": "충청남도 천안시 동남구 봉명동 110-35", "region_code": "4413111300", "memo": "" }, "geometry": { "type": "Polygon", "coordinates": [ [ [ 127.137363, 36.809931 ], [ 127.137505, 36.809937 ], [ 127.137499, 36.810011 ], [ 127.137357, 36.810005 ], [ 127.137363, 36.809931 ] ] ] } },
{ "type": "Feature", "properties": { "id": 83830, "model": "building", "type": "3", "accuracy": "79.96", "area": "159.55", "address": "충청남도 천안시 동남구 원성동 38-85", "region_code": "4413110700", "memo": "" }, "geometry": { "type": "Polygon", "coordinates": [ [ [ 127.166994, 36.80985 ], [ 127.167079, 36.809895 ], [ 127.167009, 36.80998 ], [ 127.166925, 36.809936 ], [ 127.166994, 36.80985 ] ] ] } },
{ "type": "Feature", "properties": { "id": 83831, "model": "building", "type": "3", "accuracy": "73.92", "area": "291.41", "address": "충청남도 천안시 서북구 불당동 1652", "region_code": "4413310800", "memo": "" }, "geometry": { "type": "Polygon", "coordinates": [ [ [ 127.105814, 36.810065 ], [ 127.105797, 36.809913 ], [ 127.10592, 36.809904 ], [ 127.105937, 36.810056 ], [ 127.105814, 36.810065 ] ] ] } },
{ "type": "Feature", "properties": { "id": 83832, "model": "building", "type": "3", "accuracy": "79.74", "area": "130.37", "address": "충청남도 천안시 동남구 봉명동 110-92", "region_code": "4413111300", "memo": "" }, "geometry": { "type": "Polygon", "coordinates": [ [ [ 127.137751, 36.809886 ], [ 127.137869, 36.809891 ], [ 127.137864, 36.809962 ], [ 127.137746, 36.809957 ], [ 127.137751, 36.809886 ] ] ] } },
{ "type": "Feature", "properties": { "id": 83833, "model": "building", "type": "3", "accuracy": "86.57", "area": "1072.34", "address": "충청남도 천안시 서북구 쌍용동 2100", "region_code": "4413310700", "memo": "" }, "geometry": { "type": "Polygon", "coordinates": [ [ [ 127.119665, 36.809834 ], [ 127.119624, 36.809986 ], [ 127.11919, 36.80991 ], [ 127.119231, 36.809758 ], [ 127.119665, 36.809834 ] ] ] } },
{ "type": "Feature", "properties": { "id": 83837, "model": "building", "type": "3", "accuracy": "89.82", "area": "304.60", "address": "충청남도 천안시 동남구 원성동 38-19", "region_code": "4413110700", "memo": "" }, "geometry": { "type": "Polygon", "coordinates": [ [ [ 127.16585, 36.809761 ], [ 127.166096, 36.809774 ], [ 127.166089, 36.809854 ], [ 127.165843, 36.80984 ], [ 127.16585, 36.809761 ] ] ] } },
{ "type": "Feature", "properties": { "id": 83839, "model": "building", "type": "3", "accuracy": "73.32", "area": "238.51", "address": "충청남도 천안시 서북구 쌍용동 2100", "region_code": "4413310700", "memo": "" }, "geometry": { "type": "Polygon", "coordinates": [ [ [ 127.120089, 36.809813 ], [ 127.119919, 36.809838 ], [ 127.1199, 36.80975 ], [ 127.120069, 36.809725 ], [ 127.120089, 36.809813 ] ] ] } },
{ "type": "Feature", "properties": { "id": 83840, "model": "building", "type": "3", "accuracy": "63.28", "area": "243.43", "address": "충청남도 천안시 서북구 쌍용동 2100", "region_code": "4413310700", "memo": "" }, "geometry": { "type": "Polygon", "coordinates": [ [ [ 127.121043, 36.809727 ], [ 127.120782, 36.809752 ], [ 127.120773, 36.809693 ], [ 127.121034, 36.809668 ], [ 127.121043, 36.809727 ] ] ] } },
{ "type": "Feature", "properties": { "id": 83841, "model": "building", "type": "3", "accuracy": "83.43", "area": "379.94", "address": "충청남도 천안시 서북구 불당동 734", "region_code": "4413310800", "memo": "" }, "geometry": { "type": "Polygon", "coordinates": [ [ [ 127.110765, 36.809558 ], [ 127.111016, 36.809603 ], [ 127.11099, 36.809696 ], [ 127.110739, 36.809651 ], [ 127.110765, 36.809558 ] ] ] } },
{ "type": "Feature", "properties": { "id": 83842, "model": "building", "type": "1", "accuracy": "78.97", "area": "334.43", "address": "충청남도 천안시 동남구 문화동 84-4", "region_code": "4413110300", "memo": "" }, "geometry": { "type": "Polygon", "coordinates": [ [ [ 127.151075, 36.809607 ], [ 127.150871, 36.809636 ], [ 127.150848, 36.809533 ], [ 127.151053, 36.809505 ], [ 127.151075, 36.809607 ] ] ] } },
{ "type": "Feature", "properties": { "id": 83843, "model": "building", "type": "1", "accuracy": "97.4", "area": "236.13", "address": "충청남도 천안시 서북구 쌍용동 853", "region_code": "4413310700", "memo": "" }, "geometry": { "type": "Polygon", "coordinates": [ [ [ 127.129439, 36.809523 ], [ 127.129465, 36.809618 ], [ 127.129313, 36.809645 ], [ 127.129287, 36.80955 ], [ 127.129439, 36.809523 ] ] ] } },
{ "type": "Feature", "properties": { "id": 83845, "model": "building", "type": "3", "accuracy": "81.82", "area": "190.41", "address": "충청남도 천안시 동남구 원성동 476-18", "region_code": "4413110700", "memo": "" }, "geometry": { "type": "Polygon", "coordinates": [ [ [ 127.161019, 36.809436 ], [ 127.16114, 36.809435 ], [ 127.16114, 36.809537 ], [ 127.161019, 36.809537 ], [ 127.161019, 36.809436 ] ] ] } },
{ "type": "Feature", "properties": { "id": 83848, "model": "building", "type": "3", "accuracy": "91.86", "area": "1001.34", "address": "충청남도 천안시 동남구 문화동 78-1", "region_code": "4413110300", "memo": "" }, "geometry": { "type": "Polygon", "coordinates": [ [ [ 127.150704, 36.809378 ], [ 127.151034, 36.80933 ], [ 127.151077, 36.809519 ], [ 127.150747, 36.809567 ], [ 127.150704, 36.809378 ] ] ] } },
{ "type": "Feature", "properties": { "id": 83850, "model": "building", "type": "3", "accuracy": "75.4", "area": "1951.49", "address": "충청남도 천안시 서북구 쌍용동 2100", "region_code": "4413310700", "memo": "" }, "geometry": { "type": "Polygon", "coordinates": [ [ [ 127.118664, 36.809374 ], [ 127.119232, 36.80938 ], [ 127.119228, 36.809602 ], [ 127.118661, 36.809596 ], [ 127.118664, 36.809374 ] ] ] } },
{ "type": "Feature", "properties": { "id": 83851, "model": "building", "type": "3", "accuracy": "96.44", "area": "1438.42", "address": "충청남도 천안시 동남구 원성동 191-3", "region_code": "4413110700", "memo": "" }, "geometry": { "type": "Polygon", "coordinates": [ [ [ 127.156296, 36.809252 ], [ 127.156633, 36.809369 ], [ 127.156508, 36.809601 ], [ 127.156171, 36.809484 ], [ 127.156296, 36.809252 ] ] ] } },
{ "type": "Feature", "properties": { "id": 83853, "model": "building", "type": "3", "accuracy": "93.13", "area": "309.01", "address": "충청남도 천안시 동남구 원성동 469-12", "region_code": "4413110700", "memo": "" }, "geometry": { "type": "Polygon", "coordinates": [ [ [ 127.159163, 36.809494 ], [ 127.159177, 36.809349 ], [ 127.159314, 36.809357 ], [ 127.1593, 36.809502 ], [ 127.159163, 36.809494 ] ] ] } },
{ "type": "Feature", "properties": { "id": 83855, "model": "building", "type": "3", "accuracy": "96.44", "area": "1616.15", "address": "충청남도 천안시 서북구 불당동 1794", "region_code": "4413310800", "memo": "" }, "geometry": { "type": "Polygon", "coordinates": [ [ [ 127.103759, 36.809498 ], [ 127.103235, 36.809587 ], [ 127.103185, 36.809396 ], [ 127.103709, 36.809307 ], [ 127.103759, 36.809498 ] ] ] } },
{ "type": "Feature", "properties": { "id": 83857, "model": "building", "type": "2", "accuracy": "82.04", "area": "283.16", "address": "충청남도 천안시 동남구 원성동 484-2", "region_code": "4413110700", "memo": "" }, "geometry": { "type": "Polygon", "coordinates": [ [ [ 127.164218, 36.809332 ], [ 127.164215, 36.809185 ], [ 127.16434, 36.809183 ], [ 127.164343, 36.80933 ], [ 127.164218, 36.809332 ] ] ] } },
{ "type": "Feature", "properties": { "id": 83859, "model": "building", "type": "3", "accuracy": "82.91", "area": "801.44", "address": "충청남도 천안시 동남구 문화동 78-1", "region_code": "4413110300", "memo": "" }, "geometry": { "type": "Polygon", "coordinates": [ [ [ 127.151012, 36.809317 ], [ 127.150756, 36.809349 ], [ 127.150719, 36.809152 ], [ 127.150975, 36.80912 ], [ 127.151012, 36.809317 ] ] ] } },
{ "type": "Feature", "properties": { "id": 83861, "model": "building", "type": "3", "accuracy": "71.55", "area": "492.67", "address": "충청남도 천안시 서북구 성정동 211-42", "region_code": "4413310200", "memo": "" }, "geometry": { "type": "Polygon", "coordinates": [ [ [ 127.140887, 36.809225 ], [ 127.140635, 36.809204 ], [ 127.140652, 36.809079 ], [ 127.140903, 36.8091 ], [ 127.140887, 36.809225 ] ] ] } },
{ "type": "Feature", "properties": { "id": 83862, "model": "building", "type": "1", "accuracy": "90.02", "area": "525.69", "address": "충청남도 천안시 동남구 문화동 78-1", "region_code": "4413110300", "memo": "" }, "geometry": { "type": "Polygon", "coordinates": [ [ [ 127.150535, 36.809253 ], [ 127.150381, 36.809125 ], [ 127.150518, 36.809019 ], [ 127.150672, 36.809147 ], [ 127.150535, 36.809253 ] ] ] } },
{ "type": "Feature", "properties": { "id": 83869, "model": "building", "type": "3", "accuracy": "95.02", "area": "188.30", "address": "충청남도 천안시 동남구 원성동 479-17", "region_code": "4413110700", "memo": "" }, "geometry": { "type": "Polygon", "coordinates": [ [ [ 127.162274, 36.809051 ], [ 127.162136, 36.80907 ], [ 127.162118, 36.808984 ], [ 127.162255, 36.808965 ], [ 127.162274, 36.809051 ] ] ] } },
{ "type": "Feature", "properties": { "id": 83873, "model": "building", "type": "3", "accuracy": "90.26", "area": "1886.81", "address": "충청남도 천안시 동남구 원성동 261-38", "region_code": "4413110700", "memo": "" }, "geometry": { "type": "Polygon", "coordinates": [ [ [ 127.153524, 36.80883 ], [ 127.153455, 36.809167 ], [ 127.153103, 36.80912 ], [ 127.153172, 36.808783 ], [ 127.153524, 36.80883 ] ] ] } },
{ "type": "Feature", "properties": { "id": 83875, "model": "building", "type": "3", "accuracy": "74.46", "area": "180.08", "address": "충청남도 천안시 서북구 성정동 211-27", "region_code": "4413310200", "memo": "" }, "geometry": { "type": "Polygon", "coordinates": [ [ [ 127.141515, 36.808725 ], [ 127.141516, 36.808862 ], [ 127.141431, 36.808862 ], [ 127.141431, 36.808725 ], [ 127.141515, 36.808725 ] ] ] } },
{ "type": "Feature", "properties": { "id": 83876, "model": "building", "type": "1", "accuracy": "75.12", "area": "1496.66", "address": "충청남도 천안시 서북구 성정동 211-26", "region_code": "4413310200", "memo": "" }, "geometry": { "type": "Polygon", "coordinates": [ [ [ 127.141741, 36.808706 ], [ 127.141619, 36.809019 ], [ 127.141338, 36.808949 ], [ 127.14146, 36.808635 ], [ 127.141741, 36.808706 ] ] ] } },
{ "type": "Feature", "properties": { "id": 83878, "model": "building", "type": "2", "accuracy": "81.83", "area": "175.43", "address": "충청남도 천안시 서북구 와촌동 90-1", "region_code": "4413310100", "memo": "" }, "geometry": { "type": "Polygon", "coordinates": [ [ [ 127.145529, 36.808844 ], [ 127.145562, 36.808693 ], [ 127.145634, 36.808703 ], [ 127.145602, 36.808854 ], [ 127.145529, 36.808844 ] ] ] } },
{ "type": "Feature", "properties": { "id": 83882, "model": "building", "type": "3", "accuracy": "79.43", "area": "139.43", "address": "충청남도 천안시 서북구 불당동 1794", "region_code": "4413310800", "memo": "" }, "geometry": { "type": "Polygon", "coordinates": [ [ [ 127.102982, 36.808775 ], [ 127.103014, 36.808675 ], [ 127.103098, 36.808692 ], [ 127.103066, 36.808793 ], [ 127.102982, 36.808775 ] ] ] } },
{ "type": "Feature", "properties": { "id": 83883, "model": "building", "type": "3", "accuracy": "92.54", "area": "173.03", "address": "충청남도 천안시 동남구 유량동 364-1", "region_code": "4413111200", "memo": "" }, "geometry": { "type": "Polygon", "coordinates": [ [ [ 127.172499, 36.808609 ], [ 127.172658, 36.808532 ], [ 127.172696, 36.808584 ], [ 127.172537, 36.80866 ], [ 127.172499, 36.808609 ] ] ] } },
{ "type": "Feature", "properties": { "id": 83886, "model": "building", "type": "3", "accuracy": "70.66", "area": "141.87", "address": "충청남도 천안시 서북구 불당동 1794", "region_code": "4413310800", "memo": "" }, "geometry": { "type": "Polygon", "coordinates": [ [ [ 127.103443, 36.80857 ], [ 127.103436, 36.808504 ], [ 127.103574, 36.808494 ], [ 127.103582, 36.80856 ], [ 127.103443, 36.80857 ] ] ] } },
{ "type": "Feature", "properties": { "id": 83888, "model": "building", "type": "3", "accuracy": "93.22", "area": "182.95", "address": "충청남도 천안시 동남구 원성동 138-17", "region_code": "4413110700", "memo": "" }, "geometry": { "type": "Polygon", "coordinates": [ [ [ 127.157413, 36.808333 ], [ 127.157549, 36.808347 ], [ 127.157535, 36.808432 ], [ 127.157399, 36.808418 ], [ 127.157413, 36.808333 ] ] ] } },
{ "type": "Feature", "properties": { "id": 83889, "model": "building", "type": "2", "accuracy": "82.73", "area": "204.47", "address": "충청남도 천안시 동남구 봉명동 54-3", "region_code": "4413111300", "memo": "" }, "geometry": { "type": "Polygon", "coordinates": [ [ [ 127.139081, 36.808438 ], [ 127.139045, 36.808328 ], [ 127.139157, 36.808305 ], [ 127.139193, 36.808415 ], [ 127.139081, 36.808438 ] ] ] } },
{ "type": "Feature", "properties": { "id": 83890, "model": "building", "type": "3", "accuracy": "82.7", "area": "1930.85", "address": "충청남도 천안시 서북구 성정동 209-9", "region_code": "4413310200", "memo": "" }, "geometry": { "type": "Polygon", "coordinates": [ [ [ 127.141623, 36.808159 ], [ 127.141668, 36.808451 ], [ 127.141247, 36.808492 ], [ 127.141202, 36.8082 ], [ 127.141623, 36.808159 ] ] ] } },
{ "type": "Feature", "properties": { "id": 83892, "model": "building", "type": "3", "accuracy": "92.77", "area": "2279.52", "address": "충청남도 천안시 서북구 성정동 209-24", "region_code": "4413310200", "memo": "" }, "geometry": { "type": "Polygon", "coordinates": [ [ [ 127.141904, 36.808418 ], [ 127.141849, 36.808056 ], [ 127.142251, 36.808017 ], [ 127.142306, 36.808378 ], [ 127.141904, 36.808418 ] ] ] } },
{ "type": "Feature", "properties": { "id": 83893, "model": "building", "type": "3", "accuracy": "86.42", "area": "247.87", "address": "충청남도 천안시 동남구 원성동 273-42", "region_code": "4413110700", "memo": "" }, "geometry": { "type": "Polygon", "coordinates": [ [ [ 127.156584, 36.808137 ], [ 127.156531, 36.808247 ], [ 127.156405, 36.808207 ], [ 127.156458, 36.808098 ], [ 127.156584, 36.808137 ] ] ] } },
{ "type": "Feature", "properties": { "id": 83894, "model": "building", "type": "3", "accuracy": "82.1", "area": "1754.61", "address": "충청남도 천안시 동남구 원성동 260", "region_code": "4413110700", "memo": "" }, "geometry": { "type": "Polygon", "coordinates": [ [ [ 127.154333, 36.808284 ], [ 127.153584, 36.808228 ], [ 127.153602, 36.808078 ], [ 127.154351, 36.808134 ], [ 127.154333, 36.808284 ] ] ] } },
{ "type": "Feature", "properties": { "id": 83895, "model": "building", "type": "3", "accuracy": "79.91", "area": "333.45", "address": "충청남도 천안시 동남구 문화동 103-7", "region_code": "4413110300", "memo": "" }, "geometry": { "type": "Polygon", "coordinates": [ [ [ 127.151395, 36.808124 ], [ 127.151225, 36.808225 ], [ 127.15115, 36.808143 ], [ 127.15132, 36.808042 ], [ 127.151395, 36.808124 ] ] ] } },
{ "type": "Feature", "properties": { "id": 83897, "model": "building", "type": "3", "accuracy": "82.08", "area": "120.55", "address": "충청남도 천안시 동남구 대흥동 101-2", "region_code": "4413110100", "memo": "" }, "geometry": { "type": "Polygon", "coordinates": [ [ [ 127.148812, 36.808171 ], [ 127.14873, 36.80806 ], [ 127.148783, 36.808035 ], [ 127.148864, 36.808146 ], [ 127.148812, 36.808171 ] ] ] } },
{ "type": "Feature", "properties": { "id": 83900, "model": "building", "type": "2", "accuracy": "93.43", "area": "160.58", "address": "충청남도 천안시 동남구 유량동 429", "region_code": "4413111200", "memo": "" }, "geometry": { "type": "Polygon", "coordinates": [ [ [ 127.173025, 36.807957 ], [ 127.172908, 36.808034 ], [ 127.172854, 36.807981 ], [ 127.17297, 36.807904 ], [ 127.173025, 36.807957 ] ] ] } },
{ "type": "Feature", "properties": { "id": 83902, "model": "building", "type": "2", "accuracy": "80.04", "area": "137.74", "address": "충청남도 천안시 동남구 문화동 100-5", "region_code": "4413110300", "memo": "" }, "geometry": { "type": "Polygon", "coordinates": [ [ [ 127.151691, 36.807948 ], [ 127.151691, 36.807851 ], [ 127.151782, 36.807851 ], [ 127.151782, 36.807948 ], [ 127.151691, 36.807948 ] ] ] } },
{ "type": "Feature", "properties": { "id": 83911, "model": "building", "type": "1", "accuracy": "92.82", "area": "1636.81", "address": "충청남도 천안시 동남구 봉명동 205-1", "region_code": "4413111300", "memo": "" }, "geometry": { "type": "Polygon", "coordinates": [ [ [ 127.132917, 36.807641 ], [ 127.13317, 36.807349 ], [ 127.133414, 36.807485 ], [ 127.133161, 36.807777 ], [ 127.132917, 36.807641 ] ] ] } },
{ "type": "Feature", "properties": { "id": 83912, "model": "building", "type": "3", "accuracy": "63.9", "area": "221.43", "address": "충청남도 천안시 동남구 원성동 485-5", "region_code": "4413110700", "memo": "" }, "geometry": { "type": "Polygon", "coordinates": [ [ [ 127.164067, 36.807464 ], [ 127.164208, 36.80746 ], [ 127.164213, 36.807561 ], [ 127.164071, 36.807565 ], [ 127.164067, 36.807464 ] ] ] } },
{ "type": "Feature", "properties": { "id": 83918, "model": "building", "type": "3", "accuracy": "78.87", "area": "138.25", "address": "충청남도 천안시 동남구 봉명동 63-3", "region_code": "4413111300", "memo": "" }, "geometry": { "type": "Polygon", "coordinates": [ [ [ 127.136552, 36.807455 ], [ 127.136529, 36.807343 ], [ 127.136607, 36.807333 ], [ 127.13663, 36.807444 ], [ 127.136552, 36.807455 ] ] ] } },
{ "type": "Feature", "properties": { "id": 83919, "model": "building", "type": "3", "accuracy": "97.24", "area": "838.74", "address": "충청남도 천안시 서북구 쌍용동 878", "region_code": "4413310700", "memo": "" }, "geometry": { "type": "Polygon", "coordinates": [ [ [ 127.129974, 36.807332 ], [ 127.130494, 36.807259 ], [ 127.130516, 36.80736 ], [ 127.129996, 36.807433 ], [ 127.129974, 36.807332 ] ] ] } },
{ "type": "Feature", "properties": { "id": 83924, "model": "building", "type": "3", "accuracy": "97.15", "area": "237.84", "address": "충청남도 천안시 서북구 쌍용동 2121", "region_code": "4413310700", "memo": "" }, "geometry": { "type": "Polygon", "coordinates": [ [ [ 127.116369, 36.807156 ], [ 127.116371, 36.80727 ], [ 127.116235, 36.807271 ], [ 127.116234, 36.807158 ], [ 127.116369, 36.807156 ] ] ] } },
{ "type": "Feature", "properties": { "id": 83926, "model": "building", "type": "3", "accuracy": "72.13", "area": "182.13", "address": "충청남도 천안시 서북구 쌍용동 1914", "region_code": "4413310700", "memo": "" }, "geometry": { "type": "Polygon", "coordinates": [ [ [ 127.121054, 36.807158 ], [ 127.121213, 36.80716 ], [ 127.121212, 36.807234 ], [ 127.121053, 36.807232 ], [ 127.121054, 36.807158 ] ] ] } },
{ "type": "Feature", "properties": { "id": 83927, "model": "building", "type": "3", "accuracy": "95.68", "area": "193.78", "address": "충청남도 천안시 동남구 원성동 281-13", "region_code": "4413110700", "memo": "" }, "geometry": { "type": "Polygon", "coordinates": [ [ [ 127.156178, 36.807121 ], [ 127.156215, 36.807041 ], [ 127.156352, 36.807082 ], [ 127.156315, 36.807162 ], [ 127.156178, 36.807121 ] ] ] } },
{ "type": "Feature", "properties": { "id": 83932, "model": "building", "type": "2", "accuracy": "93.07", "area": "290.14", "address": "충청남도 천안시 동남구 봉명동 208-4", "region_code": "4413111300", "memo": "" }, "geometry": { "type": "Polygon", "coordinates": [ [ [ 127.135153, 36.806981 ], [ 127.135346, 36.806971 ], [ 127.135353, 36.807068 ], [ 127.135161, 36.807078 ], [ 127.135153, 36.806981 ] ] ] } },
{ "type": "Feature", "properties": { "id": 83937, "model": "building", "type": "2", "accuracy": "93.59", "area": "358.46", "address": "충청남도 천안시 동남구 봉명동 208-3", "region_code": "4413111300", "memo": "" }, "geometry": { "type": "Polygon", "coordinates": [ [ [ 127.134751, 36.8069 ], [ 127.13497, 36.806882 ], [ 127.134984, 36.806987 ], [ 127.134764, 36.807005 ], [ 127.134751, 36.8069 ] ] ] } },
{ "type": "Feature", "properties": { "id": 83939, "model": "building", "type": "2", "accuracy": "97.77", "area": "428.60", "address": "충청남도 천안시 동남구 봉명동 208-3", "region_code": "4413111300", "memo": "" }, "geometry": { "type": "Polygon", "coordinates": [ [ [ 127.135257, 36.806876 ], [ 127.135265, 36.806977 ], [ 127.134994, 36.806992 ], [ 127.134986, 36.80689 ], [ 127.135257, 36.806876 ] ] ] } },
{ "type": "Feature", "properties": { "id": 83942, "model": "building", "type": "3", "accuracy": "70.06", "area": "141.13", "address": "충청남도 천안시 동남구 원성동 505-23", "region_code": "4413110700", "memo": "" }, "geometry": { "type": "Polygon", "coordinates": [ [ [ 127.15884, 36.806709 ], [ 127.158989, 36.80672 ], [ 127.158982, 36.80678 ], [ 127.158833, 36.80677 ], [ 127.15884, 36.806709 ] ] ] } },
{ "type": "Feature", "properties": { "id": 83943, "model": "building", "type": "2", "accuracy": "89.06", "area": "171.70", "address": "충청남도 천안시 동남구 원성동 133-36", "region_code": "4413110700", "memo": "" }, "geometry": { "type": "Polygon", "coordinates": [ [ [ 127.157305, 36.806749 ], [ 127.157134, 36.806748 ], [ 127.157135, 36.806683 ], [ 127.157306, 36.806684 ], [ 127.157305, 36.806749 ] ] ] } },
{ "type": "Feature", "properties": { "id": 83944, "model": "building", "type": "3", "accuracy": "87.69", "area": "134.86", "address": "충청남도 천안시 동남구 봉명동 208-19", "region_code": "4413111300", "memo": "" }, "geometry": { "type": "Polygon", "coordinates": [ [ [ 127.134328, 36.806685 ], [ 127.134455, 36.806667 ], [ 127.13447, 36.806733 ], [ 127.134344, 36.806752 ], [ 127.134328, 36.806685 ] ] ] } },
{ "type": "Feature", "properties": { "id": 83945, "model": "building", "type": "1", "accuracy": "94.95", "area": "691.52", "address": "충청남도 천안시 서북구 쌍용동 281-3", "region_code": "4413310700", "memo": "" }, "geometry": { "type": "Polygon", "coordinates": [ [ [ 127.126931, 36.806752 ], [ 127.126592, 36.806791 ], [ 127.126569, 36.806662 ], [ 127.126909, 36.806623 ], [ 127.126931, 36.806752 ] ] ] } },
{ "type": "Feature", "properties": { "id": 83946, "model": "building", "type": "3", "accuracy": "75.01", "area": "590.12", "address": "충청남도 천안시 동남구 원성동 266-17", "region_code": "4413110700", "memo": "" }, "geometry": { "type": "Polygon", "coordinates": [ [ [ 127.152731, 36.806753 ], [ 127.152499, 36.806673 ], [ 127.152573, 36.806534 ], [ 127.152805, 36.806614 ], [ 127.152731, 36.806753 ] ] ] } },
{ "type": "Feature", "properties": { "id": 83947, "model": "building", "type": "2", "accuracy": "88.71", "area": "309.42", "address": "충청남도 천안시 동남구 원성동 260", "region_code": "4413110700", "memo": "" }, "geometry": { "type": "Polygon", "coordinates": [ [ [ 127.153954, 36.806501 ], [ 127.153951, 36.806634 ], [ 127.153801, 36.806632 ], [ 127.153804, 36.806499 ], [ 127.153954, 36.806501 ] ] ] } },
{ "type": "Feature", "properties": { "id": 83948, "model": "building", "type": "3", "accuracy": "67.77", "area": "278.51", "address": "충청남도 천안시 동남구 봉명동 211-1", "region_code": "4413111300", "memo": "" }, "geometry": { "type": "Polygon", "coordinates": [ [ [ 127.13282, 36.806656 ], [ 127.132813, 36.80651 ], [ 127.132936, 36.806506 ], [ 127.132943, 36.806652 ], [ 127.13282, 36.806656 ] ] ] } },
{ "type": "Feature", "properties": { "id": 83950, "model": "building", "type": "3", "accuracy": "82.18", "area": "421.30", "address": "충청남도 천안시 동남구 원성동 133-36", "region_code": "4413110700", "memo": "" }, "geometry": { "type": "Polygon", "coordinates": [ [ [ 127.15708, 36.806457 ], [ 127.157316, 36.806441 ], [ 127.157327, 36.806556 ], [ 127.157092, 36.806571 ], [ 127.15708, 36.806457 ] ] ] } },
{ "type": "Feature", "properties": { "id": 83951, "model": "building", "type": "3", "accuracy": "69.05", "area": "546.75", "address": "충청남도 천안시 서북구 쌍용동 1920", "region_code": "4413310700", "memo": "" }, "geometry": { "type": "Polygon", "coordinates": [ [ [ 127.118532, 36.806506 ], [ 127.118858, 36.806489 ], [ 127.118867, 36.806597 ], [ 127.118541, 36.806615 ], [ 127.118532, 36.806506 ] ] ] } },
{ "type": "Feature", "properties": { "id": 83952, "model": "building", "type": "3", "accuracy": "91.72", "area": "89.70", "address": "충청남도 천안시 동남구 원성동 71-20", "region_code": "4413110700", "memo": "" }, "geometry": { "type": "Polygon", "coordinates": [ [ [ 127.166255, 36.806497 ], [ 127.166171, 36.80654 ], [ 127.166132, 36.806491 ], [ 127.166217, 36.806448 ], [ 127.166255, 36.806497 ] ] ] } },
{ "type": "Feature", "properties": { "id": 83953, "model": "building", "type": "3", "accuracy": "57.38", "area": "263.52", "address": "충청남도 천안시 서북구 쌍용동 1919", "region_code": "4413310700", "memo": "" }, "geometry": { "type": "Polygon", "coordinates": [ [ [ 127.119088, 36.806532 ], [ 127.119205, 36.806442 ], [ 127.119295, 36.806518 ], [ 127.119178, 36.806608 ], [ 127.119088, 36.806532 ] ] ] } },
{ "type": "Feature", "properties": { "id": 83954, "model": "building", "type": "3", "accuracy": "89.8", "area": "281.93", "address": "충청남도 천안시 동남구 원성동 133-1", "region_code": "4413110700", "memo": "" }, "geometry": { "type": "Polygon", "coordinates": [ [ [ 127.156602, 36.806537 ], [ 127.156397, 36.806534 ], [ 127.1564, 36.806445 ], [ 127.156604, 36.806448 ], [ 127.156602, 36.806537 ] ] ] } },
{ "type": "Feature", "properties": { "id": 83956, "model": "building", "type": "1", "accuracy": "98.18", "area": "353.52", "address": "충청남도 천안시 동남구 대흥동 156-1", "region_code": "4413110100", "memo": "" }, "geometry": { "type": "Polygon", "coordinates": [ [ [ 127.147685, 36.806506 ], [ 127.147478, 36.806506 ], [ 127.147478, 36.806396 ], [ 127.147685, 36.806396 ], [ 127.147685, 36.806506 ] ] ] } },
{ "type": "Feature", "properties": { "id": 83958, "model": "building", "type": "3", "accuracy": "80.87", "area": "251.42", "address": "충청남도 천안시 서북구 쌍용동 909", "region_code": "4413310700", "memo": "" }, "geometry": { "type": "Polygon", "coordinates": [ [ [ 127.128855, 36.806455 ], [ 127.128699, 36.806481 ], [ 127.128673, 36.806381 ], [ 127.128829, 36.806355 ], [ 127.128855, 36.806455 ] ] ] } },
{ "type": "Feature", "properties": { "id": 83959, "model": "building", "type": "3", "accuracy": "88.79", "area": "1904.98", "address": "충청남도 천안시 서북구 불당동 860", "region_code": "4413310800", "memo": "" }, "geometry": { "type": "Polygon", "coordinates": [ [ [ 127.109249, 36.806451 ], [ 127.108526, 36.806589 ], [ 127.108478, 36.806428 ], [ 127.109202, 36.80629 ], [ 127.109249, 36.806451 ] ] ] } },
{ "type": "Feature", "properties": { "id": 83960, "model": "building", "type": "3", "accuracy": "75.97", "area": "466.06", "address": "충청남도 천안시 서북구 쌍용동 889", "region_code": "4413310700", "memo": "" }, "geometry": { "type": "Polygon", "coordinates": [ [ [ 127.130826, 36.806318 ], [ 127.131088, 36.8063 ], [ 127.131101, 36.806413 ], [ 127.130838, 36.806432 ], [ 127.130826, 36.806318 ] ] ] } },
{ "type": "Feature", "properties": { "id": 83961, "model": "building", "type": "3", "accuracy": "63.58", "area": "189.74", "address": "충청남도 천안시 서북구 쌍용동 889", "region_code": "4413310700", "memo": "" }, "geometry": { "type": "Polygon", "coordinates": [ [ [ 127.131238, 36.806334 ], [ 127.131534, 36.806287 ], [ 127.131543, 36.806327 ], [ 127.131248, 36.806374 ], [ 127.131238, 36.806334 ] ] ] } },
{ "type": "Feature", "properties": { "id": 83963, "model": "building", "type": "3", "accuracy": "93.1", "area": "201.67", "address": "충청남도 천안시 동남구 원성동 526-2", "region_code": "4413110700", "memo": "" }, "geometry": { "type": "Polygon", "coordinates": [ [ [ 127.163857, 36.806166 ], [ 127.163974, 36.806166 ], [ 127.163975, 36.806277 ], [ 127.163858, 36.806277 ], [ 127.163857, 36.806166 ] ] ] } },
{ "type": "Feature", "properties": { "id": 83964, "model": "building", "type": "3", "accuracy": "91.1", "area": "189.15", "address": "충청남도 천안시 동남구 봉명동 41-29", "region_code": "4413111300", "memo": "" }, "geometry": { "type": "Polygon", "coordinates": [ [ [ 127.138723, 36.806141 ], [ 127.13874, 36.806247 ], [ 127.138626, 36.806259 ], [ 127.138609, 36.806153 ], [ 127.138723, 36.806141 ] ] ] } },
{ "type": "Feature", "properties": { "id": 83965, "model": "building", "type": "3", "accuracy": "76.1", "area": "457.13", "address": "충청남도 천안시 서북구 쌍용동 889", "region_code": "4413310700", "memo": "" }, "geometry": { "type": "Polygon", "coordinates": [ [ [ 127.132092, 36.806239 ], [ 127.131839, 36.80628 ], [ 127.131811, 36.806168 ], [ 127.132064, 36.806127 ], [ 127.132092, 36.806239 ] ] ] } },
{ "type": "Feature", "properties": { "id": 83966, "model": "building", "type": "3", "accuracy": "84.7", "area": "343.11", "address": "충청남도 천안시 동남구 원성동 518-3", "region_code": "4413110700", "memo": "" }, "geometry": { "type": "Polygon", "coordinates": [ [ [ 127.162262, 36.806064 ], [ 127.162263, 36.806195 ], [ 127.162093, 36.806196 ], [ 127.162093, 36.806065 ], [ 127.162262, 36.806064 ] ] ] } },
{ "type": "Feature", "properties": { "id": 83968, "model": "building", "type": "3", "accuracy": "88.75", "area": "530.78", "address": "충청남도 천안시 동남구 대흥동 183-3", "region_code": "4413110100", "memo": "" }, "geometry": { "type": "Polygon", "coordinates": [ [ [ 127.146882, 36.806122 ], [ 127.146532, 36.806194 ], [ 127.146503, 36.806103 ], [ 127.146853, 36.80603 ], [ 127.146882, 36.806122 ] ] ] } },
{ "type": "Feature", "properties": { "id": 83969, "model": "building", "type": "1", "accuracy": "88.46", "area": "410.81", "address": "충청남도 천안시 동남구 오룡동 126", "region_code": "4413110600", "memo": "" }, "geometry": { "type": "Polygon", "coordinates": [ [ [ 127.151601, 36.806019 ], [ 127.15161, 36.806167 ], [ 127.151431, 36.806174 ], [ 127.151422, 36.806026 ], [ 127.151601, 36.806019 ] ] ] } },
{ "type": "Feature", "properties": { "id": 83970, "model": "building", "type": "1", "accuracy": "78.76", "area": "390.30", "address": "충청남도 천안시 동남구 오룡동 126", "region_code": "4413110600", "memo": "" }, "geometry": { "type": "Polygon", "coordinates": [ [ [ 127.151622, 36.806165 ], [ 127.151618, 36.806026 ], [ 127.151799, 36.806022 ], [ 127.151803, 36.806161 ], [ 127.151622, 36.806165 ] ] ] } },
{ "type": "Feature", "properties": { "id": 83971, "model": "building", "type": "3", "accuracy": "68.09", "area": "148.88", "address": "충청남도 천안시 동남구 오룡동 126", "region_code": "4413110600", "memo": "" }, "geometry": { "type": "Polygon", "coordinates": [ [ [ 127.151556, 36.806153 ], [ 127.151592, 36.806033 ], [ 127.151668, 36.806047 ], [ 127.151632, 36.806167 ], [ 127.151556, 36.806153 ] ] ] } },
{ "type": "Feature", "properties": { "id": 83972, "model": "building", "type": "3", "accuracy": "76.98", "area": "156.05", "address": "충청남도 천안시 동남구 봉명동 41-7", "region_code": "4413111300", "memo": "" }, "geometry": { "type": "Polygon", "coordinates": [ [ [ 127.138537, 36.806018 ], [ 127.138548, 36.806118 ], [ 127.138448, 36.806125 ], [ 127.138437, 36.806025 ], [ 127.138537, 36.806018 ] ] ] } },
{ "type": "Feature", "properties": { "id": 83974, "model": "building", "type": "3", "accuracy": "77.56", "area": "172.84", "address": "충청남도 천안시 서북구 불당동 820", "region_code": "4413310800", "memo": "" }, "geometry": { "type": "Polygon", "coordinates": [ [ [ 127.113054, 36.806047 ], [ 127.11303, 36.806151 ], [ 127.112926, 36.806135 ], [ 127.11295, 36.806032 ], [ 127.113054, 36.806047 ] ] ] } },
{ "type": "Feature", "properties": { "id": 83977, "model": "building", "type": "3", "accuracy": "64.14", "area": "118.83", "address": "충청남도 천안시 동남구 원성동 266-10", "region_code": "4413110700", "memo": "" }, "geometry": { "type": "Polygon", "coordinates": [ [ [ 127.152874, 36.805949 ], [ 127.152875, 36.806036 ], [ 127.152786, 36.806036 ], [ 127.152786, 36.805949 ], [ 127.152874, 36.805949 ] ] ] } },
{ "type": "Feature", "properties": { "id": 83983, "model": "building", "type": "3", "accuracy": "84.32", "area": "303.26", "address": "충청남도 천안시 서북구 쌍용동 889", "region_code": "4413310700", "memo": "" }, "geometry": { "type": "Polygon", "coordinates": [ [ [ 127.131079, 36.805962 ], [ 127.13075, 36.805963 ], [ 127.13075, 36.805903 ], [ 127.131079, 36.805903 ], [ 127.131079, 36.805962 ] ] ] } },
{ "type": "Feature", "properties": { "id": 83988, "model": "building", "type": "3", "accuracy": "73.95", "area": "509.82", "address": "충청남도 천안시 서북구 쌍용동 889", "region_code": "4413310700", "memo": "" }, "geometry": { "type": "Polygon", "coordinates": [ [ [ 127.131434, 36.805876 ], [ 127.131197, 36.805917 ], [ 127.131162, 36.805784 ], [ 127.131398, 36.805743 ], [ 127.131434, 36.805876 ] ] ] } },
{ "type": "Feature", "properties": { "id": 83990, "model": "building", "type": "3", "accuracy": "79.63", "area": "117.97", "address": "충청남도 천안시 동남구 봉명동 44-14", "region_code": "4413111300", "memo": "" }, "geometry": { "type": "Polygon", "coordinates": [ [ [ 127.139935, 36.80585 ], [ 127.139926, 36.805773 ], [ 127.140025, 36.805766 ], [ 127.140033, 36.805843 ], [ 127.139935, 36.80585 ] ] ] } },
{ "type": "Feature", "properties": { "id": 83993, "model": "building", "type": "3", "accuracy": "90.73", "area": "193.04", "address": "충청남도 천안시 동남구 원성동 517-17", "region_code": "4413110700", "memo": "" }, "geometry": { "type": "Polygon", "coordinates": [ [ [ 127.161507, 36.805643 ], [ 127.161503, 36.805755 ], [ 127.161392, 36.805752 ], [ 127.161396, 36.80564 ], [ 127.161507, 36.805643 ] ] ] } },
{ "type": "Feature", "properties": { "id": 83994, "model": "building", "type": "3", "accuracy": "67.69", "area": "289.77", "address": "충청남도 천안시 서북구 쌍용동 889", "region_code": "4413310700", "memo": "" }, "geometry": { "type": "Polygon", "coordinates": [ [ [ 127.131966, 36.805769 ], [ 127.131785, 36.805779 ], [ 127.131775, 36.805677 ], [ 127.131957, 36.805666 ], [ 127.131966, 36.805769 ] ] ] } },
{ "type": "Feature", "properties": { "id": 83995, "model": "building", "type": "3", "accuracy": "67.88", "area": "372.74", "address": "충청남도 천안시 동남구 오룡동 123-10", "region_code": "4413110600", "memo": "" }, "geometry": { "type": "Polygon", "coordinates": [ [ [ 127.151899, 36.805776 ], [ 127.151749, 36.805666 ], [ 127.151848, 36.805578 ], [ 127.151998, 36.805688 ], [ 127.151899, 36.805776 ] ] ] } },
{ "type": "Feature", "properties": { "id": 83998, "model": "building", "type": "3", "accuracy": "97.16", "area": "439.66", "address": "충청남도 천안시 서북구 쌍용동 274-34", "region_code": "4413310700", "memo": "" }, "geometry": { "type": "Polygon", "coordinates": [ [ [ 127.12737, 36.805679 ], [ 127.127183, 36.805722 ], [ 127.127133, 36.805581 ], [ 127.12732, 36.805538 ], [ 127.12737, 36.805679 ] ] ] } },
{ "type": "Feature", "properties": { "id": 84005, "model": "building", "type": "3", "accuracy": "85.78", "area": "245.88", "address": "충청남도 천안시 동남구 원성동 509-18", "region_code": "4413110700", "memo": "" }, "geometry": { "type": "Polygon", "coordinates": [ [ [ 127.159324, 36.805466 ], [ 127.159155, 36.805441 ], [ 127.159177, 36.80535 ], [ 127.159345, 36.805375 ], [ 127.159324, 36.805466 ] ] ] } },
{ "type": "Feature", "properties": { "id": 84006, "model": "building", "type": "2", "accuracy": "96.6", "area": "199.89", "address": "충청남도 천안시 동남구 봉명동 43-12", "region_code": "4413111300", "memo": "" }, "geometry": { "type": "Polygon", "coordinates": [ [ [ 127.140189, 36.80547 ], [ 127.140148, 36.805354 ], [ 127.140251, 36.80533 ], [ 127.140292, 36.805446 ], [ 127.140189, 36.80547 ] ] ] } },
{ "type": "Feature", "properties": { "id": 84007, "model": "building", "type": "3", "accuracy": "72.03", "area": "263.34", "address": "충청남도 천안시 서북구 불당동 800", "region_code": "4413310800", "memo": "" }, "geometry": { "type": "Polygon", "coordinates": [ [ [ 127.115698, 36.805358 ], [ 127.115564, 36.805513 ], [ 127.11549, 36.805472 ], [ 127.115624, 36.805316 ], [ 127.115698, 36.805358 ] ] ] } },
{ "type": "Feature", "properties": { "id": 84010, "model": "building", "type": "3", "accuracy": "72.48", "area": "180.68", "address": "충청남도 천안시 동남구 오룡동 134-2", "region_code": "4413110600", "memo": "" }, "geometry": { "type": "Polygon", "coordinates": [ [ [ 127.150546, 36.805328 ], [ 127.150445, 36.805404 ], [ 127.150373, 36.805342 ], [ 127.150474, 36.805266 ], [ 127.150546, 36.805328 ] ] ] } },
{ "type": "Feature", "properties": { "id": 84014, "model": "building", "type": "3", "accuracy": "78.35", "area": "401.75", "address": "충청남도 천안시 서북구 쌍용동 949", "region_code": "4413310700", "memo": "" }, "geometry": { "type": "Polygon", "coordinates": [ [ [ 127.131471, 36.805343 ], [ 127.131202, 36.805402 ], [ 127.131171, 36.805312 ], [ 127.13144, 36.805253 ], [ 127.131471, 36.805343 ] ] ] } },
{ "type": "Feature", "properties": { "id": 84023, "model": "building", "type": "3", "accuracy": "87", "area": "274.35", "address": "충청남도 천안시 동남구 원성동 515-15", "region_code": "4413110700", "memo": "" }, "geometry": { "type": "Polygon", "coordinates": [ [ [ 127.16109, 36.805106 ], [ 127.16108, 36.805216 ], [ 127.160918, 36.805206 ], [ 127.160929, 36.805096 ], [ 127.16109, 36.805106 ] ] ] } },
{ "type": "Feature", "properties": { "id": 84029, "model": "building", "type": "3", "accuracy": "66.6", "area": "508.78", "address": "충청남도 천안시 서북구 쌍용동 1920", "region_code": "4413310700", "memo": "" }, "geometry": { "type": "Polygon", "coordinates": [ [ [ 127.119735, 36.805045 ], [ 127.119436, 36.805089 ], [ 127.119412, 36.804983 ], [ 127.11971, 36.804939 ], [ 127.119735, 36.805045 ] ] ] } },
{ "type": "Feature", "properties": { "id": 84030, "model": "building", "type": "3", "accuracy": "75.2", "area": "356.60", "address": "충청남도 천안시 동남구 오룡동 76-1", "region_code": "4413110600", "memo": "" }, "geometry": { "type": "Polygon", "coordinates": [ [ [ 127.151504, 36.804875 ], [ 127.151477, 36.80507 ], [ 127.15136, 36.80506 ], [ 127.151388, 36.804865 ], [ 127.151504, 36.804875 ] ] ] } },
{ "type": "Feature", "properties": { "id": 84034, "model": "building", "type": "2", "accuracy": "95.68", "area": "384.74", "address": "충청남도 천안시 서북구 쌍용동 984-1", "region_code": "4413310700", "memo": "" }, "geometry": { "type": "Polygon", "coordinates": [ [ [ 127.129314, 36.804955 ], [ 127.129152, 36.804975 ], [ 127.129122, 36.804826 ], [ 127.129284, 36.804805 ], [ 127.129314, 36.804955 ] ] ] } },
{ "type": "Feature", "properties": { "id": 84036, "model": "building", "type": "3", "accuracy": "89.64", "area": "210.64", "address": "충청남도 천안시 동남구 원성동 512-8", "region_code": "4413110700", "memo": "" }, "geometry": { "type": "Polygon", "coordinates": [ [ [ 127.160412, 36.804894 ], [ 127.160272, 36.804894 ], [ 127.160272, 36.804797 ], [ 127.160412, 36.804796 ], [ 127.160412, 36.804894 ] ] ] } },
{ "type": "Feature", "properties": { "id": 84037, "model": "building", "type": "3", "accuracy": "58.72", "area": "144.76", "address": "충청남도 천안시 동남구 쌍용동 548-7", "region_code": "4413111700", "memo": "" }, "geometry": { "type": "Polygon", "coordinates": [ [ [ 127.132467, 36.804911 ], [ 127.132452, 36.804836 ], [ 127.132573, 36.804821 ], [ 127.132588, 36.804896 ], [ 127.132467, 36.804911 ] ] ] } },
{ "type": "Feature", "properties": { "id": 84046, "model": "building", "type": "3", "accuracy": "78.91", "area": "253.97", "address": "충청남도 천안시 동남구 오룡동 205-3", "region_code": "4413110600", "memo": "" }, "geometry": { "type": "Polygon", "coordinates": [ [ [ 127.148185, 36.80453 ], [ 127.148243, 36.804645 ], [ 127.148121, 36.804685 ], [ 127.148063, 36.80457 ], [ 127.148185, 36.80453 ] ] ] } },
{ "type": "Feature", "properties": { "id": 84048, "model": "building", "type": "3", "accuracy": "94.75", "area": "195.14", "address": "충청남도 천안시 동남구 봉명동 38-2", "region_code": "4413111300", "memo": "" }, "geometry": { "type": "Polygon", "coordinates": [ [ [ 127.139944, 36.80456 ], [ 127.140085, 36.804557 ], [ 127.140088, 36.804647 ], [ 127.139947, 36.80465 ], [ 127.139944, 36.80456 ] ] ] } },
{ "type": "Feature", "properties": { "id": 84050, "model": "building", "type": "3", "accuracy": "85.49", "area": "472.72", "address": "충청남도 천안시 서북구 쌍용동 1914", "region_code": "4413310700", "memo": "" }, "geometry": { "type": "Polygon", "coordinates": [ [ [ 127.121766, 36.804512 ], [ 127.121788, 36.80462 ], [ 127.121512, 36.804656 ], [ 127.12149, 36.804548 ], [ 127.121766, 36.804512 ] ] ] } },
{ "type": "Feature", "properties": { "id": 84051, "model": "building", "type": "2", "accuracy": "85.63", "area": "328.90", "address": "충청남도 천안시 동남구 오룡동 203-1", "region_code": "4413110600", "memo": "" }, "geometry": { "type": "Polygon", "coordinates": [ [ [ 127.148386, 36.804399 ], [ 127.148388, 36.804637 ], [ 127.148299, 36.804637 ], [ 127.148296, 36.804399 ], [ 127.148386, 36.804399 ] ] ] } },
{ "type": "Feature", "properties": { "id": 84052, "model": "building", "type": "3", "accuracy": "83.33", "area": "217.80", "address": "충청남도 천안시 동남구 봉명동 215-12", "region_code": "4413111300", "memo": "" }, "geometry": { "type": "Polygon", "coordinates": [ [ [ 127.135137, 36.804631 ], [ 127.135044, 36.804565 ], [ 127.135137, 36.80448 ], [ 127.13523, 36.804545 ], [ 127.135137, 36.804631 ] ] ] } },
{ "type": "Feature", "properties": { "id": 84053, "model": "building", "type": "2", "accuracy": "92.53", "area": "144.98", "address": "충청남도 천안시 동남구 봉명동 40-96", "region_code": "4413111300", "memo": "" }, "geometry": { "type": "Polygon", "coordinates": [ [ [ 127.138139, 36.804594 ], [ 127.13812, 36.804492 ], [ 127.13821, 36.804481 ], [ 127.138229, 36.804582 ], [ 127.138139, 36.804594 ] ] ] } },
{ "type": "Feature", "properties": { "id": 84054, "model": "building", "type": "3", "accuracy": "96.05", "area": "419.78", "address": "충청남도 천안시 동남구 봉명동 215-26", "region_code": "4413111300", "memo": "" }, "geometry": { "type": "Polygon", "coordinates": [ [ [ 127.134251, 36.80446 ], [ 127.134268, 36.804597 ], [ 127.134073, 36.804613 ], [ 127.134056, 36.804475 ], [ 127.134251, 36.80446 ] ] ] } },
{ "type": "Feature", "properties": { "id": 84055, "model": "building", "type": "3", "accuracy": "92.88", "area": "305.99", "address": "충청남도 천안시 서북구 쌍용동 1914", "region_code": "4413310700", "memo": "" }, "geometry": { "type": "Polygon", "coordinates": [ [ [ 127.121784, 36.804512 ], [ 127.121973, 36.804489 ], [ 127.121993, 36.804591 ], [ 127.121803, 36.804614 ], [ 127.121784, 36.804512 ] ] ] } },
{ "type": "Feature", "properties": { "id": 84056, "model": "building", "type": "3", "accuracy": "94.78", "area": "1181.88", "address": "충청남도 천안시 동남구 봉명동 215-12", "region_code": "4413111300", "memo": "" }, "geometry": { "type": "Polygon", "coordinates": [ [ [ 127.135152, 36.804637 ], [ 127.134831, 36.804657 ], [ 127.134808, 36.80442 ], [ 127.135129, 36.8044 ], [ 127.135152, 36.804637 ] ] ] } },
{ "type": "Feature", "properties": { "id": 84058, "model": "building", "type": "1", "accuracy": "85.03", "area": "587.08", "address": "충청남도 천안시 동남구 봉명동 215-12", "region_code": "4413111300", "memo": "" }, "geometry": { "type": "Polygon", "coordinates": [ [ [ 127.13503, 36.804402 ], [ 127.135201, 36.804389 ], [ 127.135226, 36.804609 ], [ 127.135055, 36.804621 ], [ 127.13503, 36.804402 ] ] ] } },
{ "type": "Feature", "properties": { "id": 84059, "model": "building", "type": "1", "accuracy": "90.2", "area": "167.13", "address": "충청남도 천안시 동남구 봉명동 39-16", "region_code": "4413111300", "memo": "" }, "geometry": { "type": "Polygon", "coordinates": [ [ [ 127.139698, 36.804436 ], [ 127.139846, 36.804416 ], [ 127.139861, 36.804487 ], [ 127.139713, 36.804507 ], [ 127.139698, 36.804436 ] ] ] } },
{ "type": "Feature", "properties": { "id": 84062, "model": "building", "type": "3", "accuracy": "88.01", "area": "167.50", "address": "충청남도 천안시 동남구 봉명동 40-103", "region_code": "4413111300", "memo": "" }, "geometry": { "type": "Polygon", "coordinates": [ [ [ 127.138055, 36.804386 ], [ 127.138186, 36.804368 ], [ 127.138204, 36.804448 ], [ 127.138073, 36.804467 ], [ 127.138055, 36.804386 ] ] ] } },
{ "type": "Feature", "properties": { "id": 84063, "model": "building", "type": "3", "accuracy": "95.98", "area": "185.33", "address": "충청남도 천안시 동남구 원성동 533-4", "region_code": "4413110700", "memo": "" }, "geometry": { "type": "Polygon", "coordinates": [ [ [ 127.161453, 36.804437 ], [ 127.161459, 36.804335 ], [ 127.161576, 36.804339 ], [ 127.16157, 36.804441 ], [ 127.161453, 36.804437 ] ] ] } },
{ "type": "Feature", "properties": { "id": 84065, "model": "building", "type": "3", "accuracy": "60.13", "area": "193.30", "address": "충청남도 천안시 서북구 불당동 816", "region_code": "4413310800", "memo": "" }, "geometry": { "type": "Polygon", "coordinates": [ [ [ 127.113352, 36.804418 ], [ 127.113611, 36.804362 ], [ 127.113626, 36.804406 ], [ 127.113367, 36.804463 ], [ 127.113352, 36.804418 ] ] ] } },
{ "type": "Feature", "properties": { "id": 84066, "model": "building", "type": "3", "accuracy": "82.74", "area": "315.05", "address": "충청남도 천안시 서북구 불당동 787", "region_code": "4413310800", "memo": "" }, "geometry": { "type": "Polygon", "coordinates": [ [ [ 127.116981, 36.804323 ], [ 127.117039, 36.804433 ], [ 127.116882, 36.804486 ], [ 127.116824, 36.804375 ], [ 127.116981, 36.804323 ] ] ] } },
{ "type": "Feature", "properties": { "id": 84068, "model": "building", "type": "1", "accuracy": "75.84", "area": "145.89", "address": "충청남도 천안시 동남구 구성동 14-11", "region_code": "4413110800", "memo": "" }, "geometry": { "type": "Polygon", "coordinates": [ [ [ 127.171679, 36.80424 ], [ 127.171739, 36.804305 ], [ 127.171645, 36.804361 ], [ 127.171585, 36.804297 ], [ 127.171679, 36.80424 ] ] ] } },
{ "type": "Feature", "properties": { "id": 84069, "model": "building", "type": "2", "accuracy": "95.69", "area": "341.45", "address": "충청남도 천안시 동남구 영성동 20-4", "region_code": "4413110500", "memo": "" }, "geometry": { "type": "Polygon", "coordinates": [ [ [ 127.151267, 36.80428 ], [ 127.151215, 36.804399 ], [ 127.15105, 36.804352 ], [ 127.151102, 36.804233 ], [ 127.151267, 36.80428 ] ] ] } },
{ "type": "Feature", "properties": { "id": 84070, "model": "building", "type": "2", "accuracy": "94.91", "area": "294.97", "address": "충청남도 천안시 동남구 봉명동 39-22", "region_code": "4413111300", "memo": "" }, "geometry": { "type": "Polygon", "coordinates": [ [ [ 127.139481, 36.804271 ], [ 127.139665, 36.804247 ], [ 127.139685, 36.804348 ], [ 127.139501, 36.804372 ], [ 127.139481, 36.804271 ] ] ] } },
{ "type": "Feature", "properties": { "id": 84071, "model": "building", "type": "3", "accuracy": "62.08", "area": "260.30", "address": "충청남도 천안시 서북구 불당동 787", "region_code": "4413310800", "memo": "" }, "geometry": { "type": "Polygon", "coordinates": [ [ [ 127.117131, 36.804402 ], [ 127.117079, 36.804298 ], [ 127.117218, 36.804253 ], [ 127.11727, 36.804357 ], [ 127.117131, 36.804402 ] ] ] } },
{ "type": "Feature", "properties": { "id": 84072, "model": "building", "type": "3", "accuracy": "67.3", "area": "212.44", "address": "충청남도 천안시 동남구 봉명동 37-1", "region_code": "4413111300", "memo": "" }, "geometry": { "type": "Polygon", "coordinates": [ [ [ 127.139907, 36.804347 ], [ 127.139867, 36.804233 ], [ 127.139979, 36.804208 ], [ 127.140019, 36.804321 ], [ 127.139907, 36.804347 ] ] ] } },
{ "type": "Feature", "properties": { "id": 84075, "model": "building", "type": "3", "accuracy": "92.74", "area": "303.90", "address": "충청남도 천안시 동남구 구성동 14-11", "region_code": "4413110800", "memo": "" }, "geometry": { "type": "Polygon", "coordinates": [ [ [ 127.171459, 36.804121 ], [ 127.171742, 36.804121 ], [ 127.171742, 36.80419 ], [ 127.171459, 36.804191 ], [ 127.171459, 36.804121 ] ] ] } },
{ "type": "Feature", "properties": { "id": 84079, "model": "building", "type": "3", "accuracy": "70.8", "area": "198.55", "address": "충청남도 천안시 동남구 봉명동 10-7", "region_code": "4413111300", "memo": "" }, "geometry": { "type": "Polygon", "coordinates": [ [ [ 127.141522, 36.803981 ], [ 127.14164, 36.804033 ], [ 127.141582, 36.804117 ], [ 127.141465, 36.804064 ], [ 127.141522, 36.803981 ] ] ] } },
{ "type": "Feature", "properties": { "id": 84081, "model": "building", "type": "3", "accuracy": "76.15", "area": "256.91", "address": "충청남도 천안시 서북구 불당동 1009", "region_code": "4413310800", "memo": "" }, "geometry": { "type": "Polygon", "coordinates": [ [ [ 127.106788, 36.804112 ], [ 127.106638, 36.804158 ], [ 127.106592, 36.804061 ], [ 127.106742, 36.804015 ], [ 127.106788, 36.804112 ] ] ] } },
{ "type": "Feature", "properties": { "id": 84084, "model": "building", "type": "3", "accuracy": "61.15", "area": "268.71", "address": "충청남도 천안시 서북구 불당동 787", "region_code": "4413310800", "memo": "" }, "geometry": { "type": "Polygon", "coordinates": [ [ [ 127.116407, 36.804094 ], [ 127.116424, 36.803966 ], [ 127.116558, 36.803977 ], [ 127.11654, 36.804106 ], [ 127.116407, 36.804094 ] ] ] } },
{ "type": "Feature", "properties": { "id": 84086, "model": "building", "type": "3", "accuracy": "92.14", "area": "231.89", "address": "충청남도 천안시 동남구 원성동 510-15", "region_code": "4413110700", "memo": "" }, "geometry": { "type": "Polygon", "coordinates": [ [ [ 127.159297, 36.803872 ], [ 127.159437, 36.80388 ], [ 127.159429, 36.803986 ], [ 127.159288, 36.803978 ], [ 127.159297, 36.803872 ] ] ] } },
{ "type": "Feature", "properties": { "id": 84087, "model": "building", "type": "3", "accuracy": "87.87", "area": "181.27", "address": "충청남도 천안시 동남구 봉명동 216-17", "region_code": "4413111300", "memo": "" }, "geometry": { "type": "Polygon", "coordinates": [ [ [ 127.136398, 36.80391 ], [ 127.136639, 36.80391 ], [ 127.136639, 36.803959 ], [ 127.136398, 36.803959 ], [ 127.136398, 36.80391 ] ] ] } },
{ "type": "Feature", "properties": { "id": 84089, "model": "building", "type": "3", "accuracy": "64.23", "area": "203.58", "address": "충청남도 천안시 서북구 불당동 787", "region_code": "4413310800", "memo": "" }, "geometry": { "type": "Polygon", "coordinates": [ [ [ 127.116753, 36.803912 ], [ 127.116929, 36.803903 ], [ 127.116935, 36.803977 ], [ 127.116759, 36.803986 ], [ 127.116753, 36.803912 ] ] ] } },
{ "type": "Feature", "properties": { "id": 84090, "model": "building", "type": "1", "accuracy": "75.36", "area": "143.67", "address": "충청남도 천안시 동남구 대흥동 246-12", "region_code": "4413110100", "memo": "" }, "geometry": { "type": "Polygon", "coordinates": [ [ [ 127.14673, 36.803808 ], [ 127.146731, 36.803932 ], [ 127.146655, 36.803932 ], [ 127.146655, 36.803808 ], [ 127.14673, 36.803808 ] ] ] } },
{ "type": "Feature", "properties": { "id": 84091, "model": "building", "type": "3", "accuracy": "84.21", "area": "2876.59", "address": "충청남도 천안시 동남구 봉명동 216-15", "region_code": "4413111300", "memo": "" }, "geometry": { "type": "Polygon", "coordinates": [ [ [ 127.135554, 36.80375 ], [ 127.136047, 36.803621 ], [ 127.136185, 36.803962 ], [ 127.135693, 36.804091 ], [ 127.135554, 36.80375 ] ] ] } },
{ "type": "Feature", "properties": { "id": 84094, "model": "building", "type": "3", "accuracy": "72.69", "area": "234.61", "address": "충청남도 천안시 서북구 불당동 787", "region_code": "4413310800", "memo": "" }, "geometry": { "type": "Polygon", "coordinates": [ [ [ 127.11706, 36.803805 ], [ 127.117067, 36.803927 ], [ 127.116943, 36.803932 ], [ 127.116936, 36.80381 ], [ 127.11706, 36.803805 ] ] ] } },
{ "type": "Feature", "properties": { "id": 84095, "model": "building", "type": "3", "accuracy": "74.07", "area": "216.04", "address": "충청남도 천안시 서북구 쌍용동 1012", "region_code": "4413310700", "memo": "" }, "geometry": { "type": "Polygon", "coordinates": [ [ [ 127.131843, 36.803898 ], [ 127.131687, 36.803911 ], [ 127.131675, 36.803823 ], [ 127.131831, 36.80381 ], [ 127.131843, 36.803898 ] ] ] } },
{ "type": "Feature", "properties": { "id": 84098, "model": "building", "type": "3", "accuracy": "83.51", "area": "303.32", "address": "충청남도 천안시 동남구 사직동 76-1", "region_code": "4413110400", "memo": "" }, "geometry": { "type": "Polygon", "coordinates": [ [ [ 127.148905, 36.803839 ], [ 127.148747, 36.8038 ], [ 127.14879, 36.803686 ], [ 127.148948, 36.803725 ], [ 127.148905, 36.803839 ] ] ] } },
{ "type": "Feature", "properties": { "id": 84100, "model": "building", "type": "1", "accuracy": "62.19", "area": "317.87", "address": "충청남도 천안시 동남구 봉명동 216-15", "region_code": "4413111300", "memo": "" }, "geometry": { "type": "Polygon", "coordinates": [ [ [ 127.135984, 36.803789 ], [ 127.135788, 36.803811 ], [ 127.13577, 36.803708 ], [ 127.135966, 36.803686 ], [ 127.135984, 36.803789 ] ] ] } },
{ "type": "Feature", "properties": { "id": 84101, "model": "building", "type": "3", "accuracy": "82.09", "area": "291.23", "address": "충청남도 천안시 동남구 쌍용동 549-6", "region_code": "4413111700", "memo": "" }, "geometry": { "type": "Polygon", "coordinates": [ [ [ 127.132472, 36.803792 ], [ 127.132272, 36.803808 ], [ 127.13226, 36.803715 ], [ 127.132461, 36.803699 ], [ 127.132472, 36.803792 ] ] ] } },
{ "type": "Feature", "properties": { "id": 84106, "model": "building", "type": "1", "accuracy": "79.48", "area": "242.93", "address": "충청남도 천안시 동남구 구성동 20", "region_code": "4413110800", "memo": "" }, "geometry": { "type": "Polygon", "coordinates": [ [ [ 127.167749, 36.803687 ], [ 127.16778, 36.803583 ], [ 127.167922, 36.80361 ], [ 127.167891, 36.803714 ], [ 127.167749, 36.803687 ] ] ] } },
{ "type": "Feature", "properties": { "id": 84107, "model": "building", "type": "3", "accuracy": "80.88", "area": "517.54", "address": "충청남도 천안시 동남구 봉명동 216-1", "region_code": "4413111300", "memo": "" }, "geometry": { "type": "Polygon", "coordinates": [ [ [ 127.133704, 36.803523 ], [ 127.133772, 36.803837 ], [ 127.133668, 36.803851 ], [ 127.133601, 36.803537 ], [ 127.133704, 36.803523 ] ] ] } },
{ "type": "Feature", "properties": { "id": 84108, "model": "building", "type": "3", "accuracy": "89.29", "area": "260.69", "address": "충청남도 천안시 동남구 원성동 306-40", "region_code": "4413110700", "memo": "" }, "geometry": { "type": "Polygon", "coordinates": [ [ [ 127.153431, 36.803722 ], [ 127.153426, 36.803596 ], [ 127.153559, 36.803593 ], [ 127.153564, 36.803719 ], [ 127.153431, 36.803722 ] ] ] } },
{ "type": "Feature", "properties": { "id": 84111, "model": "building", "type": "3", "accuracy": "96.94", "area": "804.85", "address": "충청남도 천안시 동남구 봉명동 12-6", "region_code": "4413111300", "memo": "" }, "geometry": { "type": "Polygon", "coordinates": [ [ [ 127.142039, 36.80374 ], [ 127.142071, 36.803513 ], [ 127.142298, 36.803534 ], [ 127.142266, 36.80376 ], [ 127.142039, 36.80374 ] ] ] } },
{ "type": "Feature", "properties": { "id": 84114, "model": "building", "type": "3", "accuracy": "94.13", "area": "1938.72", "address": "충청남도 천안시 동남구 구성동 19", "region_code": "4413110800", "memo": "" }, "geometry": { "type": "Polygon", "coordinates": [ [ [ 127.168999, 36.803643 ], [ 127.169117, 36.803329 ], [ 127.169483, 36.803418 ], [ 127.169364, 36.803732 ], [ 127.168999, 36.803643 ] ] ] } },
{ "type": "Feature", "properties": { "id": 84115, "model": "building", "type": "3", "accuracy": "94.04", "area": "536.09", "address": "충청남도 천안시 서북구 쌍용동 1082-2", "region_code": "4413310700", "memo": "" }, "geometry": { "type": "Polygon", "coordinates": [ [ [ 127.13123, 36.803601 ], [ 127.131027, 36.803617 ], [ 127.131006, 36.803447 ], [ 127.131208, 36.803431 ], [ 127.13123, 36.803601 ] ] ] } },
{ "type": "Feature", "properties": { "id": 84116, "model": "building", "type": "3", "accuracy": "69.77", "area": "99.71", "address": "충청남도 천안시 서북구 와촌동 152-18", "region_code": "4413310100", "memo": "" }, "geometry": { "type": "Polygon", "coordinates": [ [ [ 127.14527, 36.803534 ], [ 127.14517, 36.80351 ], [ 127.145193, 36.803451 ], [ 127.145292, 36.803475 ], [ 127.14527, 36.803534 ] ] ] } },
{ "type": "Feature", "properties": { "id": 84119, "model": "building", "type": "3", "accuracy": "53.14", "area": "203.85", "address": "충청남도 천안시 서북구 쌍용동 251-4", "region_code": "4413310700", "memo": "" }, "geometry": { "type": "Polygon", "coordinates": [ [ [ 127.126406, 36.803501 ], [ 127.126244, 36.803541 ], [ 127.126215, 36.803467 ], [ 127.126377, 36.803426 ], [ 127.126406, 36.803501 ] ] ] } },
{ "type": "Feature", "properties": { "id": 84120, "model": "building", "type": "3", "accuracy": "94.02", "area": "297.14", "address": "충청남도 천안시 서북구 불당동 1204", "region_code": "4413310800", "memo": "" }, "geometry": { "type": "Polygon", "coordinates": [ [ [ 127.112265, 36.80353 ], [ 127.112122, 36.803547 ], [ 127.112098, 36.803415 ], [ 127.112241, 36.803398 ], [ 127.112265, 36.80353 ] ] ] } },
{ "type": "Feature", "properties": { "id": 84122, "model": "building", "type": "2", "accuracy": "95.57", "area": "693.72", "address": "충청남도 천안시 동남구 봉명동 40-204", "region_code": "4413111300", "memo": "" }, "geometry": { "type": "Polygon", "coordinates": [ [ [ 127.138218, 36.803305 ], [ 127.138406, 36.803269 ], [ 127.138473, 36.803494 ], [ 127.138285, 36.80353 ], [ 127.138218, 36.803305 ] ] ] } },
{ "type": "Feature", "properties": { "id": 84123, "model": "building", "type": "3", "accuracy": "96.19", "area": "262.53", "address": "충청남도 천안시 서북구 불당동 1153", "region_code": "4413310800", "memo": "" }, "geometry": { "type": "Polygon", "coordinates": [ [ [ 127.109827, 36.803386 ], [ 127.109969, 36.803359 ], [ 127.110002, 36.803472 ], [ 127.10986, 36.803499 ], [ 127.109827, 36.803386 ] ] ] } },
{ "type": "Feature", "properties": { "id": 84124, "model": "building", "type": "3", "accuracy": "80.65", "area": "123.71", "address": "충청남도 천안시 서북구 불당동 1146", "region_code": "4413310800", "memo": "" }, "geometry": { "type": "Polygon", "coordinates": [ [ [ 127.110474, 36.803453 ], [ 127.11046, 36.803397 ], [ 127.110596, 36.803374 ], [ 127.110611, 36.80343 ], [ 127.110474, 36.803453 ] ] ] } },
{ "type": "Feature", "properties": { "id": 84130, "model": "building", "type": "1", "accuracy": "96.82", "area": "266.93", "address": "충청남도 천안시 동남구 영성동 6-42", "region_code": "4413110500", "memo": "" }, "geometry": { "type": "Polygon", "coordinates": [ [ [ 127.152286, 36.803338 ], [ 127.152295, 36.803212 ], [ 127.152432, 36.803219 ], [ 127.152422, 36.803345 ], [ 127.152286, 36.803338 ] ] ] } },
{ "type": "Feature", "properties": { "id": 84131, "model": "building", "type": "3", "accuracy": "91.75", "area": "8511.79", "address": "충청남도 천안시 동남구 봉명동 216-15", "region_code": "4413111300", "memo": "" }, "geometry": { "type": "Polygon", "coordinates": [ [ [ 127.135298, 36.803144 ], [ 127.136545, 36.803025 ], [ 127.13661, 36.80346 ], [ 127.135362, 36.803579 ], [ 127.135298, 36.803144 ] ] ] } },
{ "type": "Feature", "properties": { "id": 84133, "model": "building", "type": "1", "accuracy": "93.32", "area": "291.36", "address": "충청남도 천안시 동남구 원성동 543-5", "region_code": "4413110700", "memo": "" }, "geometry": { "type": "Polygon", "coordinates": [ [ [ 127.159796, 36.803286 ], [ 127.159797, 36.803174 ], [ 127.159965, 36.803175 ], [ 127.159964, 36.803287 ], [ 127.159796, 36.803286 ] ] ] } },
{ "type": "Feature", "properties": { "id": 84135, "model": "building", "type": "3", "accuracy": "81.11", "area": "171.87", "address": "충청남도 천안시 서북구 불당동 1061", "region_code": "4413310800", "memo": "" }, "geometry": { "type": "Polygon", "coordinates": [ [ [ 127.107697, 36.803303 ], [ 127.107703, 36.803205 ], [ 127.107816, 36.80321 ], [ 127.107809, 36.803308 ], [ 127.107697, 36.803303 ] ] ] } },
{ "type": "Feature", "properties": { "id": 84136, "model": "building", "type": "3", "accuracy": "90.36", "area": "320.56", "address": "충청남도 천안시 서북구 쌍용동 1121", "region_code": "4413310700", "memo": "" }, "geometry": { "type": "Polygon", "coordinates": [ [ [ 127.128059, 36.80316 ], [ 127.128084, 36.80327 ], [ 127.127902, 36.803298 ], [ 127.127876, 36.803188 ], [ 127.128059, 36.80316 ] ] ] } },
{ "type": "Feature", "properties": { "id": 84138, "model": "building", "type": "3", "accuracy": "89.78", "area": "294.08", "address": "충청남도 천안시 서북구 불당동 1217", "region_code": "4413310800", "memo": "" }, "geometry": { "type": "Polygon", "coordinates": [ [ [ 127.111485, 36.803196 ], [ 127.111627, 36.803163 ], [ 127.111671, 36.803288 ], [ 127.11153, 36.80332 ], [ 127.111485, 36.803196 ] ] ] } },
{ "type": "Feature", "properties": { "id": 84140, "model": "building", "type": "3", "accuracy": "87.43", "area": "763.57", "address": "충청남도 천안시 서북구 쌍용동 1282", "region_code": "4413310700", "memo": "" }, "geometry": { "type": "Polygon", "coordinates": [ [ [ 127.124945, 36.803246 ], [ 127.124608, 36.803298 ], [ 127.124575, 36.803157 ], [ 127.124912, 36.803105 ], [ 127.124945, 36.803246 ] ] ] } },
{ "type": "Feature", "properties": { "id": 84141, "model": "building", "type": "3", "accuracy": "74.31", "area": "124.84", "address": "충청남도 천안시 동남구 원성동 628-8", "region_code": "4413110700", "memo": "" }, "geometry": { "type": "Polygon", "coordinates": [ [ [ 127.163624, 36.803084 ], [ 127.16378, 36.803079 ], [ 127.163782, 36.803131 ], [ 127.163627, 36.803136 ], [ 127.163624, 36.803084 ] ] ] } },
{ "type": "Feature", "properties": { "id": 84142, "model": "building", "type": "3", "accuracy": "73.51", "area": "378.26", "address": "충청남도 천안시 동남구 봉명동 216-15", "region_code": "4413111300", "memo": "" }, "geometry": { "type": "Polygon", "coordinates": [ [ [ 127.135392, 36.80296 ], [ 127.135421, 36.803151 ], [ 127.135295, 36.803164 ], [ 127.135266, 36.802973 ], [ 127.135392, 36.80296 ] ] ] } },
{ "type": "Feature", "properties": { "id": 84143, "model": "building", "type": "1", "accuracy": "96.77", "area": "1397.79", "address": "충청남도 천안시 동남구 영성동 7-2", "region_code": "4413110500", "memo": "" }, "geometry": { "type": "Polygon", "coordinates": [ [ [ 127.152336, 36.802872 ], [ 127.152723, 36.802924 ], [ 127.152677, 36.803151 ], [ 127.152289, 36.803099 ], [ 127.152336, 36.802872 ] ] ] } },
{ "type": "Feature", "properties": { "id": 84148, "model": "building", "type": "3", "accuracy": "92.45", "area": "279.99", "address": "충청남도 천안시 동남구 봉명동 18-2", "region_code": "4413111300", "memo": "" }, "geometry": { "type": "Polygon", "coordinates": [ [ [ 127.1425, 36.802857 ], [ 127.142686, 36.802903 ], [ 127.142652, 36.802992 ], [ 127.142466, 36.802946 ], [ 127.1425, 36.802857 ] ] ] } },
{ "type": "Feature", "properties": { "id": 84151, "model": "building", "type": "2", "accuracy": "83.9", "area": "358.41", "address": "충청남도 천안시 동남구 원성동 559-1", "region_code": "4413110700", "memo": "" }, "geometry": { "type": "Polygon", "coordinates": [ [ [ 127.156676, 36.802827 ], [ 127.156917, 36.802812 ], [ 127.156926, 36.802908 ], [ 127.156685, 36.802922 ], [ 127.156676, 36.802827 ] ] ] } },
{ "type": "Feature", "properties": { "id": 84152, "model": "building", "type": "2", "accuracy": "93", "area": "169.75", "address": "충청남도 천안시 동남구 원성동 559-1", "region_code": "4413110700", "memo": "" }, "geometry": { "type": "Polygon", "coordinates": [ [ [ 127.157045, 36.802786 ], [ 127.157056, 36.802909 ], [ 127.156967, 36.802914 ], [ 127.156956, 36.802791 ], [ 127.157045, 36.802786 ] ] ] } },
{ "type": "Feature", "properties": { "id": 84156, "model": "building", "type": "3", "accuracy": "86.76", "area": "233.39", "address": "충청남도 천안시 동남구 원성동 633-14", "region_code": "4413110700", "memo": "" }, "geometry": { "type": "Polygon", "coordinates": [ [ [ 127.163524, 36.802667 ], [ 127.163517, 36.802792 ], [ 127.163397, 36.802787 ], [ 127.163404, 36.802662 ], [ 127.163524, 36.802667 ] ] ] } },
{ "type": "Feature", "properties": { "id": 84158, "model": "building", "type": "3", "accuracy": "90.94", "area": "131.55", "address": "충청남도 천안시 동남구 원성동 559-37", "region_code": "4413110700", "memo": "" }, "geometry": { "type": "Polygon", "coordinates": [ [ [ 127.157936, 36.802687 ], [ 127.157936, 36.802767 ], [ 127.15783, 36.802767 ], [ 127.15783, 36.802687 ], [ 127.157936, 36.802687 ] ] ] } },
{ "type": "Feature", "properties": { "id": 84159, "model": "building", "type": "3", "accuracy": "78.04", "area": "162.07", "address": "충청남도 천안시 동남구 사직동 130-14", "region_code": "4413110400", "memo": "" }, "geometry": { "type": "Polygon", "coordinates": [ [ [ 127.147537, 36.802616 ], [ 127.147576, 36.802707 ], [ 127.147473, 36.802736 ], [ 127.147434, 36.802645 ], [ 127.147537, 36.802616 ] ] ] } },
{ "type": "Feature", "properties": { "id": 84160, "model": "building", "type": "1", "accuracy": "97.55", "area": "425.18", "address": "충청남도 천안시 서북구 불당동 1943", "region_code": "4413310800", "memo": "" }, "geometry": { "type": "Polygon", "coordinates": [ [ [ 127.1, 36.802597 ], [ 127.100263, 36.802639 ], [ 127.100238, 36.80274 ], [ 127.099975, 36.802697 ], [ 127.1, 36.802597 ] ] ] } },
{ "type": "Feature", "properties": { "id": 84163, "model": "building", "type": "3", "accuracy": "61.86", "area": "383.19", "address": "충청남도 천안시 서북구 쌍용동 1135", "region_code": "4413310700", "memo": "" }, "geometry": { "type": "Polygon", "coordinates": [ [ [ 127.128636, 36.802399 ], [ 127.128835, 36.802382 ], [ 127.128851, 36.802506 ], [ 127.128652, 36.802522 ], [ 127.128636, 36.802399 ] ] ] } },
{ "type": "Feature", "properties": { "id": 84164, "model": "building", "type": "2", "accuracy": "98.05", "area": "703.06", "address": "충청남도 천안시 동남구 다가동 355-6", "region_code": "4413111400", "memo": "" }, "geometry": { "type": "Polygon", "coordinates": [ [ [ 127.14201, 36.80227 ], [ 127.14198, 36.802579 ], [ 127.141833, 36.802569 ], [ 127.141863, 36.802261 ], [ 127.14201, 36.80227 ] ] ] } },
{ "type": "Feature", "properties": { "id": 84165, "model": "building", "type": "3", "accuracy": "83.6", "area": "221.09", "address": "충청남도 천안시 서북구 불당동 1257", "region_code": "4413310800", "memo": "" }, "geometry": { "type": "Polygon", "coordinates": [ [ [ 127.111254, 36.802461 ], [ 127.11112, 36.802488 ], [ 127.111089, 36.802388 ], [ 127.111223, 36.802361 ], [ 127.111254, 36.802461 ] ] ] } },
{ "type": "Feature", "properties": { "id": 84167, "model": "building", "type": "3", "accuracy": "82.98", "area": "218.83", "address": "충청남도 천안시 서북구 쌍용동 1967", "region_code": "4413310700", "memo": "" }, "geometry": { "type": "Polygon", "coordinates": [ [ [ 127.120934, 36.802325 ], [ 127.121069, 36.802306 ], [ 127.121091, 36.802407 ], [ 127.120957, 36.802427 ], [ 127.120934, 36.802325 ] ] ] } },
{ "type": "Feature", "properties": { "id": 84170, "model": "building", "type": "1", "accuracy": "63.07", "area": "1374.10", "address": "충청남도 천안시 동남구 원성동 559-1", "region_code": "4413110700", "memo": "" }, "geometry": { "type": "Polygon", "coordinates": [ [ [ 127.157673, 36.802128 ], [ 127.157507, 36.80241 ], [ 127.157249, 36.802312 ], [ 127.157415, 36.80203 ], [ 127.157673, 36.802128 ] ] ] } },
{ "type": "Feature", "properties": { "id": 84171, "model": "building", "type": "3", "accuracy": "90.1", "area": "965.87", "address": "충청남도 천안시 동남구 사직동 171-1", "region_code": "4413110400", "memo": "" }, "geometry": { "type": "Polygon", "coordinates": [ [ [ 127.150324, 36.802337 ], [ 127.150053, 36.802317 ], [ 127.150078, 36.802089 ], [ 127.150349, 36.802108 ], [ 127.150324, 36.802337 ] ] ] } },
{ "type": "Feature", "properties": { "id": 84172, "model": "building", "type": "3", "accuracy": "84.75", "area": "2211.13", "address": "충청남도 천안시 동남구 원성동 559-1", "region_code": "4413110700", "memo": "" }, "geometry": { "type": "Polygon", "coordinates": [ [ [ 127.157498, 36.802298 ], [ 127.15704, 36.802339 ], [ 127.156998, 36.80203 ], [ 127.157456, 36.80199 ], [ 127.157498, 36.802298 ] ] ] } },
{ "type": "Feature", "properties": { "id": 84173, "model": "building", "type": "3", "accuracy": "87.18", "area": "597.74", "address": "충청남도 천안시 서북구 쌍용동 1958", "region_code": "4413310700", "memo": "" }, "geometry": { "type": "Polygon", "coordinates": [ [ [ 127.119407, 36.802355 ], [ 127.119373, 36.802145 ], [ 127.119554, 36.802126 ], [ 127.119588, 36.802336 ], [ 127.119407, 36.802355 ] ] ] } },
{ "type": "Feature", "properties": { "id": 84174, "model": "building", "type": "1", "accuracy": "98.67", "area": "353.64", "address": "충청남도 천안시 서북구 불당동 1944", "region_code": "4413310800", "memo": "" }, "geometry": { "type": "Polygon", "coordinates": [ [ [ 127.100707, 36.802274 ], [ 127.100769, 36.802046 ], [ 127.100865, 36.802063 ], [ 127.100803, 36.802291 ], [ 127.100707, 36.802274 ] ] ] } },
{ "type": "Feature", "properties": { "id": 84176, "model": "building", "type": "3", "accuracy": "79.96", "area": "188.10", "address": "충청남도 천안시 동남구 원성동 557-1", "region_code": "4413110700", "memo": "" }, "geometry": { "type": "Polygon", "coordinates": [ [ [ 127.156418, 36.802052 ], [ 127.15641, 36.802144 ], [ 127.156278, 36.802136 ], [ 127.156286, 36.802044 ], [ 127.156418, 36.802052 ] ] ] } },
{ "type": "Feature", "properties": { "id": 84179, "model": "building", "type": "3", "accuracy": "70.28", "area": "318.71", "address": "충청남도 천안시 서북구 쌍용동 1233", "region_code": "4413310700", "memo": "" }, "geometry": { "type": "Polygon", "coordinates": [ [ [ 127.128846, 36.802013 ], [ 127.129026, 36.802004 ], [ 127.129035, 36.802117 ], [ 127.128855, 36.802127 ], [ 127.128846, 36.802013 ] ] ] } },
{ "type": "Feature", "properties": { "id": 84180, "model": "building", "type": "3", "accuracy": "72.16", "area": "166.43", "address": "충청남도 천안시 동남구 봉명동 218-3", "region_code": "4413111300", "memo": "" }, "geometry": { "type": "Polygon", "coordinates": [ [ [ 127.13493, 36.801973 ], [ 127.135078, 36.80201 ], [ 127.135052, 36.802076 ], [ 127.134904, 36.802039 ], [ 127.13493, 36.801973 ] ] ] } },
{ "type": "Feature", "properties": { "id": 84183, "model": "building", "type": "1", "accuracy": "97.15", "area": "236.16", "address": "충청남도 천안시 서북구 쌍용동 1334", "region_code": "4413310700", "memo": "" }, "geometry": { "type": "Polygon", "coordinates": [ [ [ 127.121464, 36.801976 ], [ 127.121618, 36.801951 ], [ 127.121642, 36.802046 ], [ 127.121488, 36.802071 ], [ 127.121464, 36.801976 ] ] ] } },
{ "type": "Feature", "properties": { "id": 84185, "model": "building", "type": "3", "accuracy": "94.3", "area": "383.51", "address": "충청남도 천안시 서북구 쌍용동 1987", "region_code": "4413310700", "memo": "" }, "geometry": { "type": "Polygon", "coordinates": [ [ [ 127.12068, 36.802064 ], [ 127.120656, 36.801926 ], [ 127.120832, 36.801906 ], [ 127.120857, 36.802043 ], [ 127.12068, 36.802064 ] ] ] } },
{ "type": "Feature", "properties": { "id": 84187, "model": "building", "type": "3", "accuracy": "70.75", "area": "278.89", "address": "충청남도 천안시 서북구 쌍용동 1284", "region_code": "4413310700", "memo": "" }, "geometry": { "type": "Polygon", "coordinates": [ [ [ 127.126097, 36.801973 ], [ 127.125936, 36.801988 ], [ 127.125919, 36.801878 ], [ 127.12608, 36.801863 ], [ 127.126097, 36.801973 ] ] ] } },
{ "type": "Feature", "properties": { "id": 84189, "model": "building", "type": "3", "accuracy": "87.31", "area": "215.84", "address": "충청남도 천안시 동남구 원성동 637-9", "region_code": "4413110700", "memo": "" }, "geometry": { "type": "Polygon", "coordinates": [ [ [ 127.163736, 36.801809 ], [ 127.163892, 36.801815 ], [ 127.163886, 36.801905 ], [ 127.16373, 36.801898 ], [ 127.163736, 36.801809 ] ] ] } },
{ "type": "Feature", "properties": { "id": 84190, "model": "building", "type": "3", "accuracy": "91.18", "area": "253.06", "address": "충청남도 천안시 서북구 쌍용동 1336", "region_code": "4413310700", "memo": "" }, "geometry": { "type": "Polygon", "coordinates": [ [ [ 127.121437, 36.801821 ], [ 127.121471, 36.80194 ], [ 127.121341, 36.801964 ], [ 127.121307, 36.801845 ], [ 127.121437, 36.801821 ] ] ] } },
{ "type": "Feature", "properties": { "id": 84192, "model": "building", "type": "2", "accuracy": "90.83", "area": "296.69", "address": "충청남도 천안시 동남구 구성동 59-1", "region_code": "4413110800", "memo": "" }, "geometry": { "type": "Polygon", "coordinates": [ [ [ 127.165329, 36.801874 ], [ 127.165367, 36.801743 ], [ 127.165506, 36.801769 ], [ 127.165467, 36.8019 ], [ 127.165329, 36.801874 ] ] ] } },
{ "type": "Feature", "properties": { "id": 84193, "model": "building", "type": "2", "accuracy": "88.99", "area": "699.52", "address": "충청남도 천안시 서북구 쌍용동 1182", "region_code": "4413310700", "memo": "" }, "geometry": { "type": "Polygon", "coordinates": [ [ [ 127.130456, 36.801767 ], [ 127.130097, 36.801835 ], [ 127.130062, 36.801716 ], [ 127.130421, 36.801648 ], [ 127.130456, 36.801767 ] ] ] } },
{ "type": "Feature", "properties": { "id": 84194, "model": "building", "type": "3", "accuracy": "59.87", "area": "204.02", "address": "충청남도 천안시 서북구 쌍용동 1233", "region_code": "4413310700", "memo": "" }, "geometry": { "type": "Polygon", "coordinates": [ [ [ 127.127536, 36.801774 ], [ 127.127404, 36.801788 ], [ 127.127388, 36.80169 ], [ 127.12752, 36.801676 ], [ 127.127536, 36.801774 ] ] ] } },
{ "type": "Feature", "properties": { "id": 84196, "model": "building", "type": "3", "accuracy": "90.06", "area": "175.91", "address": "충청남도 천안시 동남구 다가동 363-2", "region_code": "4413111400", "memo": "" }, "geometry": { "type": "Polygon", "coordinates": [ [ [ 127.143311, 36.801654 ], [ 127.14342, 36.801656 ], [ 127.143417, 36.80176 ], [ 127.143308, 36.801758 ], [ 127.143311, 36.801654 ] ] ] } },
{ "type": "Feature", "properties": { "id": 84197, "model": "building", "type": "3", "accuracy": "94.4", "area": "466.79", "address": "충청남도 천안시 동남구 다가동 355-1", "region_code": "4413111400", "memo": "" }, "geometry": { "type": "Polygon", "coordinates": [ [ [ 127.14106, 36.80173 ], [ 127.140811, 36.801735 ], [ 127.140807, 36.801614 ], [ 127.141056, 36.801609 ], [ 127.14106, 36.80173 ] ] ] } },
{ "type": "Feature", "properties": { "id": 84198, "model": "building", "type": "3", "accuracy": "93.87", "area": "153.07", "address": "충청남도 천안시 동남구 봉명동 23-12", "region_code": "4413111300", "memo": "" }, "geometry": { "type": "Polygon", "coordinates": [ [ [ 127.136997, 36.801683 ], [ 127.137073, 36.801593 ], [ 127.137148, 36.801634 ], [ 127.137072, 36.801724 ], [ 127.136997, 36.801683 ] ] ] } },
{ "type": "Feature", "properties": { "id": 84205, "model": "building", "type": "3", "accuracy": "92.24", "area": "142.54", "address": "충청남도 천안시 동남구 원성동 638-15", "region_code": "4413110700", "memo": "" }, "geometry": { "type": "Polygon", "coordinates": [ [ [ 127.162886, 36.801506 ], [ 127.162766, 36.801499 ], [ 127.162773, 36.801423 ], [ 127.162892, 36.801429 ], [ 127.162886, 36.801506 ] ] ] } },
{ "type": "Feature", "properties": { "id": 84207, "model": "building", "type": "3", "accuracy": "75.62", "area": "1413.26", "address": "충청남도 천안시 서북구 불당동 1425", "region_code": "4413310800", "memo": "" }, "geometry": { "type": "Polygon", "coordinates": [ [ [ 127.110281, 36.801391 ], [ 127.110919, 36.801399 ], [ 127.110916, 36.801542 ], [ 127.110279, 36.801535 ], [ 127.110281, 36.801391 ] ] ] } },
{ "type": "Feature", "properties": { "id": 84209, "model": "building", "type": "3", "accuracy": "87.37", "area": "214.66", "address": "충청남도 천안시 동남구 사직동 243", "region_code": "4413110400", "memo": "" }, "geometry": { "type": "Polygon", "coordinates": [ [ [ 127.146919, 36.801307 ], [ 127.146935, 36.801426 ], [ 127.146819, 36.801435 ], [ 127.146804, 36.801317 ], [ 127.146919, 36.801307 ] ] ] } },
{ "type": "Feature", "properties": { "id": 84210, "model": "building", "type": "2", "accuracy": "92.67", "area": "193.18", "address": "충청남도 천안시 동남구 구성동 69", "region_code": "4413110800", "memo": "" }, "geometry": { "type": "Polygon", "coordinates": [ [ [ 127.167368, 36.80126 ], [ 127.167442, 36.80135 ], [ 127.167345, 36.801401 ], [ 127.167271, 36.801312 ], [ 127.167368, 36.80126 ] ] ] } },
{ "type": "Feature", "properties": { "id": 84215, "model": "building", "type": "3", "accuracy": "93.4", "area": "208.30", "address": "충청남도 천안시 동남구 원성동 559-30", "region_code": "4413110700", "memo": "" }, "geometry": { "type": "Polygon", "coordinates": [ [ [ 127.158165, 36.801284 ], [ 127.158022, 36.801279 ], [ 127.158027, 36.801186 ], [ 127.15817, 36.80119 ], [ 127.158165, 36.801284 ] ] ] } },
{ "type": "Feature", "properties": { "id": 84216, "model": "building", "type": "3", "accuracy": "67.83", "area": "200.67", "address": "충청남도 천안시 동남구 사직동 242-1", "region_code": "4413110400", "memo": "" }, "geometry": { "type": "Polygon", "coordinates": [ [ [ 127.146968, 36.801244 ], [ 127.146846, 36.801304 ], [ 127.146787, 36.801227 ], [ 127.146908, 36.801167 ], [ 127.146968, 36.801244 ] ] ] } },
{ "type": "Feature", "properties": { "id": 84217, "model": "building", "type": "3", "accuracy": "58.24", "area": "188.29", "address": "충청남도 천안시 서북구 불당동 1270", "region_code": "4413310800", "memo": "" }, "geometry": { "type": "Polygon", "coordinates": [ [ [ 127.113667, 36.80116 ], [ 127.113791, 36.801267 ], [ 127.113731, 36.801313 ], [ 127.113606, 36.801205 ], [ 127.113667, 36.80116 ] ] ] } },
{ "type": "Feature", "properties": { "id": 84218, "model": "building", "type": "3", "accuracy": "78.1", "area": "158.43", "address": "충청남도 천안시 동남구 원성동 556-36", "region_code": "4413110700", "memo": "" }, "geometry": { "type": "Polygon", "coordinates": [ [ [ 127.155307, 36.801204 ], [ 127.155293, 36.801108 ], [ 127.155398, 36.801098 ], [ 127.155412, 36.801194 ], [ 127.155307, 36.801204 ] ] ] } },
{ "type": "Feature", "properties": { "id": 84219, "model": "building", "type": "3", "accuracy": "58.14", "area": "276.46", "address": "충청남도 천안시 서북구 불당동 1270", "region_code": "4413310800", "memo": "" }, "geometry": { "type": "Polygon", "coordinates": [ [ [ 127.114208, 36.801282 ], [ 127.11421, 36.801134 ], [ 127.11433, 36.801134 ], [ 127.114329, 36.801282 ], [ 127.114208, 36.801282 ] ] ] } },
{ "type": "Feature", "properties": { "id": 84220, "model": "building", "type": "3", "accuracy": "58.66", "area": "195.72", "address": "충청남도 천안시 서북구 불당동 1270", "region_code": "4413310800", "memo": "" }, "geometry": { "type": "Polygon", "coordinates": [ [ [ 127.114421, 36.801101 ], [ 127.114495, 36.801207 ], [ 127.114403, 36.801248 ], [ 127.11433, 36.801142 ], [ 127.114421, 36.801101 ] ] ] } },
{ "type": "Feature", "properties": { "id": 84221, "model": "building", "type": "3", "accuracy": "83.34", "area": "275.99", "address": "충청남도 천안시 동남구 쌍용동 556-16", "region_code": "4413111700", "memo": "" }, "geometry": { "type": "Polygon", "coordinates": [ [ [ 127.132038, 36.80111 ], [ 127.132242, 36.801082 ], [ 127.13226, 36.801167 ], [ 127.132055, 36.801195 ], [ 127.132038, 36.80111 ] ] ] } },
{ "type": "Feature", "properties": { "id": 84222, "model": "building", "type": "3", "accuracy": "74.89", "area": "335.11", "address": "충청남도 천안시 동남구 다가동 370-2", "region_code": "4413111400", "memo": "" }, "geometry": { "type": "Polygon", "coordinates": [ [ [ 127.138715, 36.801061 ], [ 127.138885, 36.801078 ], [ 127.138866, 36.801204 ], [ 127.138696, 36.801187 ], [ 127.138715, 36.801061 ] ] ] } },
{ "type": "Feature", "properties": { "id": 84223, "model": "building", "type": "3", "accuracy": "76.18", "area": "191.29", "address": "충청남도 천안시 동남구 다가동 371-6", "region_code": "4413111400", "memo": "" }, "geometry": { "type": "Polygon", "coordinates": [ [ [ 127.138364, 36.801053 ], [ 127.138356, 36.801176 ], [ 127.138255, 36.801171 ], [ 127.138263, 36.801049 ], [ 127.138364, 36.801053 ] ] ] } },
{ "type": "Feature", "properties": { "id": 84225, "model": "building", "type": "3", "accuracy": "83.39", "area": "420.59", "address": "충청남도 천안시 동남구 사직동 245-5", "region_code": "4413110400", "memo": "" }, "geometry": { "type": "Polygon", "coordinates": [ [ [ 127.147324, 36.801094 ], [ 127.147125, 36.801169 ], [ 127.14706, 36.801056 ], [ 127.147259, 36.800982 ], [ 127.147324, 36.801094 ] ] ] } },
{ "type": "Feature", "properties": { "id": 84226, "model": "building", "type": "3", "accuracy": "89.28", "area": "205.53", "address": "충청남도 천안시 동남구 원성동 555-25", "region_code": "4413110700", "memo": "" }, "geometry": { "type": "Polygon", "coordinates": [ [ [ 127.155192, 36.801026 ], [ 127.155041, 36.801019 ], [ 127.155048, 36.800931 ], [ 127.155199, 36.800939 ], [ 127.155192, 36.801026 ] ] ] } },
{ "type": "Feature", "properties": { "id": 84229, "model": "building", "type": "3", "accuracy": "75.32", "area": "305.98", "address": "충청남도 천안시 동남구 영성동 69-1", "region_code": "4413110500", "memo": "" }, "geometry": { "type": "Polygon", "coordinates": [ [ [ 127.152206, 36.800971 ], [ 127.152259, 36.800833 ], [ 127.15239, 36.800866 ], [ 127.152337, 36.801004 ], [ 127.152206, 36.800971 ] ] ] } },
{ "type": "Feature", "properties": { "id": 84230, "model": "building", "type": "3", "accuracy": "88.92", "area": "231.83", "address": "충청남도 천안시 동남구 다가동 369-4", "region_code": "4413111400", "memo": "" }, "geometry": { "type": "Polygon", "coordinates": [ [ [ 127.140811, 36.800947 ], [ 127.140806, 36.800819 ], [ 127.140923, 36.800816 ], [ 127.140928, 36.800944 ], [ 127.140811, 36.800947 ] ] ] } },
{ "type": "Feature", "properties": { "id": 84231, "model": "building", "type": "3", "accuracy": "88.44", "area": "308.32", "address": "충청남도 천안시 동남구 봉명동 23-54", "region_code": "4413111300", "memo": "" }, "geometry": { "type": "Polygon", "coordinates": [ [ [ 127.134552, 36.80098 ], [ 127.1344, 36.800912 ], [ 127.134469, 36.800811 ], [ 127.134621, 36.80088 ], [ 127.134552, 36.80098 ] ] ] } },
{ "type": "Feature", "properties": { "id": 84236, "model": "building", "type": "2", "accuracy": "91.33", "area": "148.65", "address": "충청남도 천안시 동남구 다가동 367-5", "region_code": "4413111400", "memo": "" }, "geometry": { "type": "Polygon", "coordinates": [ [ [ 127.143648, 36.800864 ], [ 127.143531, 36.800868 ], [ 127.143527, 36.800786 ], [ 127.143644, 36.800782 ], [ 127.143648, 36.800864 ] ] ] } },
{ "type": "Feature", "properties": { "id": 84237, "model": "building", "type": "3", "accuracy": "70.57", "area": "220.76", "address": "충청남도 천안시 서북구 불당동 1270", "region_code": "4413310800", "memo": "" }, "geometry": { "type": "Polygon", "coordinates": [ [ [ 127.113503, 36.800801 ], [ 127.113684, 36.800788 ], [ 127.113693, 36.800866 ], [ 127.113512, 36.800879 ], [ 127.113503, 36.800801 ] ] ] } },
{ "type": "Feature", "properties": { "id": 84238, "model": "building", "type": "3", "accuracy": "81.88", "area": "209.20", "address": "충청남도 천안시 동남구 다가동 371-23", "region_code": "4413111400", "memo": "" }, "geometry": { "type": "Polygon", "coordinates": [ [ [ 127.138435, 36.800735 ], [ 127.138424, 36.800875 ], [ 127.138328, 36.80087 ], [ 127.138339, 36.80073 ], [ 127.138435, 36.800735 ] ] ] } },
{ "type": "Feature", "properties": { "id": 84239, "model": "building", "type": "3", "accuracy": "91.95", "area": "886.13", "address": "충청남도 천안시 서북구 쌍용동 121-1", "region_code": "4413310700", "memo": "" }, "geometry": { "type": "Polygon", "coordinates": [ [ [ 127.114955, 36.800712 ], [ 127.114978, 36.800922 ], [ 127.114707, 36.80094 ], [ 127.114685, 36.80073 ], [ 127.114955, 36.800712 ] ] ] } },
{ "type": "Feature", "properties": { "id": 84240, "model": "building", "type": "3", "accuracy": "96.29", "area": "238.85", "address": "충청남도 천안시 동남구 다가동 370-47", "region_code": "4413111400", "memo": "" }, "geometry": { "type": "Polygon", "coordinates": [ [ [ 127.138696, 36.800824 ], [ 127.138514, 36.800816 ], [ 127.13852, 36.800732 ], [ 127.138701, 36.800739 ], [ 127.138696, 36.800824 ] ] ] } },
{ "type": "Feature", "properties": { "id": 84241, "model": "building", "type": "3", "accuracy": "96.32", "area": "228.28", "address": "충청남도 천안시 동남구 원성동 644-13", "region_code": "4413110700", "memo": "" }, "geometry": { "type": "Polygon", "coordinates": [ [ [ 127.163397, 36.800789 ], [ 127.163213, 36.800782 ], [ 127.163218, 36.800702 ], [ 127.163402, 36.800709 ], [ 127.163397, 36.800789 ] ] ] } },
{ "type": "Feature", "properties": { "id": 84242, "model": "building", "type": "2", "accuracy": "94.58", "area": "180.89", "address": "충청남도 천안시 동남구 다가동 369-12", "region_code": "4413111400", "memo": "" }, "geometry": { "type": "Polygon", "coordinates": [ [ [ 127.139997, 36.800732 ], [ 127.14012, 36.800719 ], [ 127.140135, 36.800812 ], [ 127.140011, 36.800824 ], [ 127.139997, 36.800732 ] ] ] } },
{ "type": "Feature", "properties": { "id": 84243, "model": "building", "type": "3", "accuracy": "86.77", "area": "574.69", "address": "충청남도 천안시 동남구 사직동 202-15", "region_code": "4413110400", "memo": "" }, "geometry": { "type": "Polygon", "coordinates": [ [ [ 127.149404, 36.800848 ], [ 127.149156, 36.800816 ], [ 127.149186, 36.80067 ], [ 127.149434, 36.800703 ], [ 127.149404, 36.800848 ] ] ] } },
{ "type": "Feature", "properties": { "id": 84244, "model": "building", "type": "3", "accuracy": "65.33", "area": "580.37", "address": "충청남도 천안시 서북구 불당동 1270", "region_code": "4413310800", "memo": "" }, "geometry": { "type": "Polygon", "coordinates": [ [ [ 127.11434, 36.80093 ], [ 127.114154, 36.800732 ], [ 127.114274, 36.800659 ], [ 127.114461, 36.800856 ], [ 127.11434, 36.80093 ] ] ] } },
{ "type": "Feature", "properties": { "id": 84253, "model": "building", "type": "3", "accuracy": "79.64", "area": "230.93", "address": "충청남도 천안시 동남구 원성동 645", "region_code": "4413110700", "memo": "" }, "geometry": { "type": "Polygon", "coordinates": [ [ [ 127.161871, 36.800525 ], [ 127.161874, 36.800415 ], [ 127.16201, 36.800417 ], [ 127.162007, 36.800527 ], [ 127.161871, 36.800525 ] ] ] } },
{ "type": "Feature", "properties": { "id": 84254, "model": "building", "type": "3", "accuracy": "93.72", "area": "206.82", "address": "충청남도 천안시 동남구 다가동 386-30", "region_code": "4413111400", "memo": "" }, "geometry": { "type": "Polygon", "coordinates": [ [ [ 127.144227, 36.800516 ], [ 127.144102, 36.800521 ], [ 127.144096, 36.800414 ], [ 127.144222, 36.80041 ], [ 127.144227, 36.800516 ] ] ] } },
{ "type": "Feature", "properties": { "id": 84256, "model": "building", "type": "3", "accuracy": "87.95", "area": "247.64", "address": "충청남도 천안시 서북구 쌍용동 1415", "region_code": "4413310700", "memo": "" }, "geometry": { "type": "Polygon", "coordinates": [ [ [ 127.119502, 36.80042 ], [ 127.119513, 36.800529 ], [ 127.119366, 36.800538 ], [ 127.119355, 36.80043 ], [ 127.119502, 36.80042 ] ] ] } },
{ "type": "Feature", "properties": { "id": 84257, "model": "building", "type": "3", "accuracy": "68.97", "area": "122.98", "address": "충청남도 천안시 서북구 쌍용동 121-2", "region_code": "4413310700", "memo": "" }, "geometry": { "type": "Polygon", "coordinates": [ [ [ 127.114508, 36.80042 ], [ 127.114437, 36.800479 ], [ 127.114367, 36.800426 ], [ 127.114438, 36.800366 ], [ 127.114508, 36.80042 ] ] ] } },
{ "type": "Feature", "properties": { "id": 84258, "model": "building", "type": "3", "accuracy": "87.89", "area": "1405.99", "address": "충청남도 천안시 동남구 사직동 263", "region_code": "4413110400", "memo": "" }, "geometry": { "type": "Polygon", "coordinates": [ [ [ 127.148589, 36.800305 ], [ 127.148905, 36.80015 ], [ 127.149064, 36.80036 ], [ 127.148748, 36.800515 ], [ 127.148589, 36.800305 ] ] ] } },
{ "type": "Feature", "properties": { "id": 84260, "model": "building", "type": "3", "accuracy": "95.31", "area": "339.12", "address": "충청남도 천안시 서북구 쌍용동 1210", "region_code": "4413310700", "memo": "" }, "geometry": { "type": "Polygon", "coordinates": [ [ [ 127.131006, 36.80036 ], [ 127.130796, 36.800395 ], [ 127.13077, 36.800295 ], [ 127.13098, 36.80026 ], [ 127.131006, 36.80036 ] ] ] } },
{ "type": "Feature", "properties": { "id": 84261, "model": "building", "type": "3", "accuracy": "89.68", "area": "190.91", "address": "충청남도 천안시 동남구 원성동 592-3", "region_code": "4413110700", "memo": "" }, "geometry": { "type": "Polygon", "coordinates": [ [ [ 127.155813, 36.800225 ], [ 127.155813, 36.800334 ], [ 127.1557, 36.800335 ], [ 127.1557, 36.800225 ], [ 127.155813, 36.800225 ] ] ] } },
{ "type": "Feature", "properties": { "id": 84262, "model": "building", "type": "3", "accuracy": "88.49", "area": "188.42", "address": "충청남도 천안시 동남구 구성동 53-16", "region_code": "4413110800", "memo": "" }, "geometry": { "type": "Polygon", "coordinates": [ [ [ 127.168033, 36.800281 ], [ 127.167892, 36.800278 ], [ 127.167895, 36.800192 ], [ 127.168036, 36.800195 ], [ 127.168033, 36.800281 ] ] ] } },
{ "type": "Feature", "properties": { "id": 84263, "model": "building", "type": "3", "accuracy": "65.34", "area": "241.40", "address": "충청남도 천안시 서북구 쌍용동 121-2", "region_code": "4413310700", "memo": "" }, "geometry": { "type": "Polygon", "coordinates": [ [ [ 127.114469, 36.800371 ], [ 127.114469, 36.800209 ], [ 127.114565, 36.800209 ], [ 127.114566, 36.80037 ], [ 127.114469, 36.800371 ] ] ] } },
{ "type": "Feature", "properties": { "id": 84264, "model": "building", "type": "3", "accuracy": "85.45", "area": "200.10", "address": "충청남도 천안시 동남구 원성동 575-7", "region_code": "4413110700", "memo": "" }, "geometry": { "type": "Polygon", "coordinates": [ [ [ 127.160072, 36.800185 ], [ 127.160187, 36.800192 ], [ 127.160176, 36.800303 ], [ 127.16006, 36.800296 ], [ 127.160072, 36.800185 ] ] ] } },
{ "type": "Feature", "properties": { "id": 84265, "model": "building", "type": "3", "accuracy": "91", "area": "261.42", "address": "충청남도 천안시 동남구 다가동 384-18", "region_code": "4413111400", "memo": "" }, "geometry": { "type": "Polygon", "coordinates": [ [ [ 127.143265, 36.800284 ], [ 127.143263, 36.800182 ], [ 127.143429, 36.80018 ], [ 127.143431, 36.800282 ], [ 127.143265, 36.800284 ] ] ] } },
{ "type": "Feature", "properties": { "id": 84267, "model": "building", "type": "3", "accuracy": "67.82", "area": "216.46", "address": "충청남도 천안시 동남구 다가동 374-4", "region_code": "4413111400", "memo": "" }, "geometry": { "type": "Polygon", "coordinates": [ [ [ 127.135038, 36.800129 ], [ 127.135189, 36.800212 ], [ 127.135135, 36.800275 ], [ 127.134984, 36.800192 ], [ 127.135038, 36.800129 ] ] ] } },
{ "type": "Feature", "properties": { "id": 84274, "model": "building", "type": "3", "accuracy": "93.74", "area": "230.59", "address": "충청남도 천안시 동남구 다가동 392-24", "region_code": "4413111400", "memo": "" }, "geometry": { "type": "Polygon", "coordinates": [ [ [ 127.140561, 36.800148 ], [ 127.140559, 36.800032 ], [ 127.140687, 36.80003 ], [ 127.140689, 36.800147 ], [ 127.140561, 36.800148 ] ] ] } },
{ "type": "Feature", "properties": { "id": 84275, "model": "building", "type": "1", "accuracy": "89.99", "area": "5361.57", "address": "충청남도 천안시 동남구 다가동 380-8", "region_code": "4413111400", "memo": "" }, "geometry": { "type": "Polygon", "coordinates": [ [ [ 127.138418, 36.800426 ], [ 127.137622, 36.800119 ], [ 127.137833, 36.799765 ], [ 127.138629, 36.800072 ], [ 127.138418, 36.800426 ] ] ] } },
{ "type": "Feature", "properties": { "id": 84276, "model": "building", "type": "3", "accuracy": "92.86", "area": "219.20", "address": "충청남도 천안시 동남구 다가동 375-18", "region_code": "4413111400", "memo": "" }, "geometry": { "type": "Polygon", "coordinates": [ [ [ 127.136346, 36.8 ], [ 127.136253, 36.800114 ], [ 127.136167, 36.800069 ], [ 127.13626, 36.799954 ], [ 127.136346, 36.8 ] ] ] } },
{ "type": "Feature", "properties": { "id": 84278, "model": "building", "type": "3", "accuracy": "84.93", "area": "150.84", "address": "충청남도 천안시 동남구 다가동 392-3", "region_code": "4413111400", "memo": "" }, "geometry": { "type": "Polygon", "coordinates": [ [ [ 127.140168, 36.800041 ], [ 127.140173, 36.799928 ], [ 127.140259, 36.799931 ], [ 127.140254, 36.800044 ], [ 127.140168, 36.800041 ] ] ] } },
{ "type": "Feature", "properties": { "id": 84279, "model": "building", "type": "2", "accuracy": "93.01", "area": "248.42", "address": "충청남도 천안시 동남구 사직동 284-72", "region_code": "4413110400", "memo": "" }, "geometry": { "type": "Polygon", "coordinates": [ [ [ 127.149829, 36.799869 ], [ 127.149795, 36.800024 ], [ 127.149694, 36.80001 ], [ 127.149728, 36.799855 ], [ 127.149829, 36.799869 ] ] ] } },
{ "type": "Feature", "properties": { "id": 84280, "model": "building", "type": "3", "accuracy": "85", "area": "599.11", "address": "충청남도 천안시 동남구 원성동 583-1", "region_code": "4413110700", "memo": "" }, "geometry": { "type": "Polygon", "coordinates": [ [ [ 127.159369, 36.800026 ], [ 127.159385, 36.799811 ], [ 127.159565, 36.79982 ], [ 127.159548, 36.800034 ], [ 127.159369, 36.800026 ] ] ] } },
{ "type": "Feature", "properties": { "id": 84285, "model": "building", "type": "3", "accuracy": "91.18", "area": "192.95", "address": "충청남도 천안시 동남구 원성동 646-12", "region_code": "4413110700", "memo": "" }, "geometry": { "type": "Polygon", "coordinates": [ [ [ 127.162068, 36.799837 ], [ 127.162216, 36.799836 ], [ 127.162217, 36.79992 ], [ 127.162069, 36.799922 ], [ 127.162068, 36.799837 ] ] ] } },
{ "type": "Feature", "properties": { "id": 84286, "model": "building", "type": "3", "accuracy": "92.76", "area": "229.19", "address": "충청남도 천안시 동남구 원성동 576-17", "region_code": "4413110700", "memo": "" }, "geometry": { "type": "Polygon", "coordinates": [ [ [ 127.161106, 36.799811 ], [ 127.161235, 36.799816 ], [ 127.161229, 36.79993 ], [ 127.1611, 36.799926 ], [ 127.161106, 36.799811 ] ] ] } },
{ "type": "Feature", "properties": { "id": 84289, "model": "building", "type": "3", "accuracy": "78.89", "area": "744.91", "address": "충청남도 천안시 동남구 다가동 365-16", "region_code": "4413111400", "memo": "" }, "geometry": { "type": "Polygon", "coordinates": [ [ [ 127.145925, 36.799851 ], [ 127.145692, 36.800009 ], [ 127.145565, 36.799889 ], [ 127.145798, 36.79973 ], [ 127.145925, 36.799851 ] ] ] } },
{ "type": "Feature", "properties": { "id": 84295, "model": "building", "type": "2", "accuracy": "93.02", "area": "224.78", "address": "충청남도 천안시 동남구 원성동 583-4", "region_code": "4413110700", "memo": "" }, "geometry": { "type": "Polygon", "coordinates": [ [ [ 127.159774, 36.79982 ], [ 127.15963, 36.799809 ], [ 127.159642, 36.799709 ], [ 127.159786, 36.79972 ], [ 127.159774, 36.79982 ] ] ] } },
{ "type": "Feature", "properties": { "id": 84297, "model": "building", "type": "3", "accuracy": "74.48", "area": "206.53", "address": "충청남도 천안시 동남구 원성동 647-4", "region_code": "4413110700", "memo": "" }, "geometry": { "type": "Polygon", "coordinates": [ [ [ 127.163024, 36.799779 ], [ 127.162855, 36.799767 ], [ 127.162864, 36.799688 ], [ 127.163032, 36.7997 ], [ 127.163024, 36.799779 ] ] ] } },
{ "type": "Feature", "properties": { "id": 84298, "model": "building", "type": "3", "accuracy": "72.3", "area": "460.82", "address": "충청남도 천안시 서북구 쌍용동 653", "region_code": "4413310700", "memo": "" }, "geometry": { "type": "Polygon", "coordinates": [ [ [ 127.122092, 36.799819 ], [ 127.121829, 36.799869 ], [ 127.121798, 36.799762 ], [ 127.12206, 36.799712 ], [ 127.122092, 36.799819 ] ] ] } },
{ "type": "Feature", "properties": { "id": 84301, "model": "building", "type": "1", "accuracy": "85.51", "area": "266.91", "address": "충청남도 천안시 동남구 원성동 596-8", "region_code": "4413110700", "memo": "" }, "geometry": { "type": "Polygon", "coordinates": [ [ [ 127.154619, 36.799638 ], [ 127.154758, 36.799636 ], [ 127.15476, 36.79976 ], [ 127.154621, 36.799762 ], [ 127.154619, 36.799638 ] ] ] } },
{ "type": "Feature", "properties": { "id": 84302, "model": "building", "type": "3", "accuracy": "87.28", "area": "183.67", "address": "충청남도 천안시 동남구 다가동 379-8", "region_code": "4413111400", "memo": "" }, "geometry": { "type": "Polygon", "coordinates": [ [ [ 127.137416, 36.799764 ], [ 127.137286, 36.799771 ], [ 127.137278, 36.799681 ], [ 127.137408, 36.799674 ], [ 127.137416, 36.799764 ] ] ] } },
{ "type": "Feature", "properties": { "id": 84303, "model": "building", "type": "3", "accuracy": "93.59", "area": "188.23", "address": "충청남도 천안시 동남구 원성동 646-14", "region_code": "4413110700", "memo": "" }, "geometry": { "type": "Polygon", "coordinates": [ [ [ 127.16223, 36.799712 ], [ 127.16209, 36.799711 ], [ 127.162091, 36.799624 ], [ 127.162231, 36.799625 ], [ 127.16223, 36.799712 ] ] ] } },
{ "type": "Feature", "properties": { "id": 84304, "model": "building", "type": "3", "accuracy": "58.51", "area": "160.33", "address": "충청남도 천안시 서북구 쌍용동 565", "region_code": "4413310700", "memo": "" }, "geometry": { "type": "Polygon", "coordinates": [ [ [ 127.123378, 36.799707 ], [ 127.123442, 36.799631 ], [ 127.123536, 36.799682 ], [ 127.123472, 36.799758 ], [ 127.123378, 36.799707 ] ] ] } },
{ "type": "Feature", "properties": { "id": 84307, "model": "building", "type": "2", "accuracy": "91.41", "area": "174.94", "address": "충청남도 천안시 동남구 원성동 583-6", "region_code": "4413110700", "memo": "" }, "geometry": { "type": "Polygon", "coordinates": [ [ [ 127.159785, 36.799674 ], [ 127.159615, 36.799672 ], [ 127.159616, 36.799606 ], [ 127.159787, 36.799608 ], [ 127.159785, 36.799674 ] ] ] } },
{ "type": "Feature", "properties": { "id": 84309, "model": "building", "type": "3", "accuracy": "84.65", "area": "228.98", "address": "충청남도 천안시 동남구 다가동 377-5", "region_code": "4413111400", "memo": "" }, "geometry": { "type": "Polygon", "coordinates": [ [ [ 127.136963, 36.799588 ], [ 127.137135, 36.799584 ], [ 127.137138, 36.79967 ], [ 127.136966, 36.799674 ], [ 127.136963, 36.799588 ] ] ] } },
{ "type": "Feature", "properties": { "id": 84311, "model": "building", "type": "3", "accuracy": "95.54", "area": "263.60", "address": "충청남도 천안시 동남구 원성동 583-6", "region_code": "4413110700", "memo": "" }, "geometry": { "type": "Polygon", "coordinates": [ [ [ 127.15981, 36.799518 ], [ 127.159806, 36.799602 ], [ 127.159603, 36.799596 ], [ 127.159607, 36.799512 ], [ 127.15981, 36.799518 ] ] ] } },
{ "type": "Feature", "properties": { "id": 84314, "model": "building", "type": "3", "accuracy": "78.79", "area": "413.81", "address": "충청남도 아산시 배방읍 장재리 1750", "region_code": "4420025331", "memo": "" }, "geometry": { "type": "Polygon", "coordinates": [ [ [ 127.105082, 36.799656 ], [ 127.104804, 36.799665 ], [ 127.104799, 36.799569 ], [ 127.105077, 36.79956 ], [ 127.105082, 36.799656 ] ] ] } },
{ "type": "Feature", "properties": { "id": 84315, "model": "building", "type": "3", "accuracy": "93.98", "area": "279.69", "address": "충청남도 천안시 동남구 사직동 256-1", "region_code": "4413110400", "memo": "" }, "geometry": { "type": "Polygon", "coordinates": [ [ [ 127.148275, 36.799412 ], [ 127.148352, 36.79956 ], [ 127.148248, 36.799595 ], [ 127.148171, 36.799447 ], [ 127.148275, 36.799412 ] ] ] } },
{ "type": "Feature", "properties": { "id": 84317, "model": "building", "type": "2", "accuracy": "96.5", "area": "416.62", "address": "충청남도 천안시 동남구 사직동 283-13", "region_code": "4413110400", "memo": "" }, "geometry": { "type": "Polygon", "coordinates": [ [ [ 127.14976, 36.799376 ], [ 127.149886, 36.799565 ], [ 127.149776, 36.799613 ], [ 127.14965, 36.799424 ], [ 127.14976, 36.799376 ] ] ] } },
{ "type": "Feature", "properties": { "id": 84318, "model": "building", "type": "3", "accuracy": "70.12", "area": "218.42", "address": "충청남도 천안시 서북구 쌍용동 653", "region_code": "4413310700", "memo": "" }, "geometry": { "type": "Polygon", "coordinates": [ [ [ 127.122303, 36.799483 ], [ 127.122483, 36.799458 ], [ 127.1225, 36.799534 ], [ 127.122319, 36.799559 ], [ 127.122303, 36.799483 ] ] ] } },
{ "type": "Feature", "properties": { "id": 84320, "model": "building", "type": "3", "accuracy": "83.66", "area": "216.41", "address": "충청남도 천안시 동남구 원성동 580-8", "region_code": "4413110700", "memo": "" }, "geometry": { "type": "Polygon", "coordinates": [ [ [ 127.160435, 36.799502 ], [ 127.160447, 36.799394 ], [ 127.160575, 36.799404 ], [ 127.160563, 36.799512 ], [ 127.160435, 36.799502 ] ] ] } },
{ "type": "Feature", "properties": { "id": 84321, "model": "building", "type": "3", "accuracy": "80.43", "area": "494.91", "address": "충청남도 천안시 서북구 불당동 1421", "region_code": "4413310800", "memo": "" }, "geometry": { "type": "Polygon", "coordinates": [ [ [ 127.109271, 36.799359 ], [ 127.109217, 36.799615 ], [ 127.109096, 36.799599 ], [ 127.10915, 36.799342 ], [ 127.109271, 36.799359 ] ] ] } },
{ "type": "Feature", "properties": { "id": 84322, "model": "building", "type": "3", "accuracy": "78.4", "area": "258.62", "address": "충청남도 천안시 서북구 쌍용동 565", "region_code": "4413310700", "memo": "" }, "geometry": { "type": "Polygon", "coordinates": [ [ [ 127.123738, 36.799521 ], [ 127.123566, 36.799519 ], [ 127.123568, 36.799422 ], [ 127.12374, 36.799424 ], [ 127.123738, 36.799521 ] ] ] } },
{ "type": "Feature", "properties": { "id": 84323, "model": "building", "type": "3", "accuracy": "79.64", "area": "390.80", "address": "충청남도 천안시 서북구 쌍용동 220-4", "region_code": "4413310700", "memo": "" }, "geometry": { "type": "Polygon", "coordinates": [ [ [ 127.125183, 36.799496 ], [ 127.125183, 36.799383 ], [ 127.125407, 36.799383 ], [ 127.125407, 36.799496 ], [ 127.125183, 36.799496 ] ] ] } },
{ "type": "Feature", "properties": { "id": 84325, "model": "building", "type": "3", "accuracy": "64.85", "area": "347.96", "address": "충청남도 천안시 서북구 쌍용동 565", "region_code": "4413310700", "memo": "" }, "geometry": { "type": "Polygon", "coordinates": [ [ [ 127.123458, 36.799294 ], [ 127.123485, 36.799467 ], [ 127.123357, 36.79948 ], [ 127.12333, 36.799307 ], [ 127.123458, 36.799294 ] ] ] } },
{ "type": "Feature", "properties": { "id": 84326, "model": "building", "type": "3", "accuracy": "83.42", "area": "324.85", "address": "충청남도 천안시 동남구 영성동 67-3", "region_code": "4413110500", "memo": "" }, "geometry": { "type": "Polygon", "coordinates": [ [ [ 127.15201, 36.799249 ], [ 127.152077, 36.799374 ], [ 127.151936, 36.799423 ], [ 127.151869, 36.799297 ], [ 127.15201, 36.799249 ] ] ] } },
{ "type": "Feature", "properties": { "id": 84327, "model": "building", "type": "3", "accuracy": "79.48", "area": "180.98", "address": "충청남도 천안시 동남구 다가동 395-15", "region_code": "4413111400", "memo": "" }, "geometry": { "type": "Polygon", "coordinates": [ [ [ 127.141646, 36.799397 ], [ 127.141624, 36.799297 ], [ 127.141738, 36.799281 ], [ 127.141759, 36.799381 ], [ 127.141646, 36.799397 ] ] ] } },
{ "type": "Feature", "properties": { "id": 84329, "model": "building", "type": "3", "accuracy": "82.42", "area": "297.54", "address": "충청남도 천안시 서북구 쌍용동 1474", "region_code": "4413310700", "memo": "" }, "geometry": { "type": "Polygon", "coordinates": [ [ [ 127.119086, 36.799251 ], [ 127.119104, 36.799387 ], [ 127.118963, 36.799398 ], [ 127.118946, 36.799263 ], [ 127.119086, 36.799251 ] ] ] } },
{ "type": "Feature", "properties": { "id": 84330, "model": "building", "type": "3", "accuracy": "93.8", "area": "176.05", "address": "충청남도 천안시 동남구 원성동 593-22", "region_code": "4413110700", "memo": "" }, "geometry": { "type": "Polygon", "coordinates": [ [ [ 127.156142, 36.79929 ], [ 127.156149, 36.799202 ], [ 127.156278, 36.799208 ], [ 127.156271, 36.799296 ], [ 127.156142, 36.79929 ] ] ] } },
{ "type": "Feature", "properties": { "id": 84331, "model": "building", "type": "2", "accuracy": "91.58", "area": "127.28", "address": "충청남도 천안시 동남구 사직동 284-69", "region_code": "4413110400", "memo": "" }, "geometry": { "type": "Polygon", "coordinates": [ [ [ 127.149461, 36.799242 ], [ 127.149502, 36.799189 ], [ 127.149614, 36.799244 ], [ 127.149573, 36.799297 ], [ 127.149461, 36.799242 ] ] ] } },
{ "type": "Feature", "properties": { "id": 84334, "model": "building", "type": "2", "accuracy": "73.85", "area": "152.87", "address": "충청남도 천안시 동남구 영성동 136-6", "region_code": "4413110500", "memo": "" }, "geometry": { "type": "Polygon", "coordinates": [ [ [ 127.149536, 36.799054 ], [ 127.149631, 36.799063 ], [ 127.149617, 36.799166 ], [ 127.149522, 36.799157 ], [ 127.149536, 36.799054 ] ] ] } },
{ "type": "Feature", "properties": { "id": 84337, "model": "building", "type": "3", "accuracy": "95.46", "area": "161.33", "address": "충청남도 천안시 동남구 다가동 396-16", "region_code": "4413111400", "memo": "" }, "geometry": { "type": "Polygon", "coordinates": [ [ [ 127.142443, 36.799038 ], [ 127.142553, 36.799026 ], [ 127.142569, 36.799119 ], [ 127.142459, 36.799131 ], [ 127.142443, 36.799038 ] ] ] } },
{ "type": "Feature", "properties": { "id": 84338, "model": "building", "type": "3", "accuracy": "85.53", "area": "240.66", "address": "충청남도 천안시 동남구 다가동 393-17", "region_code": "4413111400", "memo": "" }, "geometry": { "type": "Polygon", "coordinates": [ [ [ 127.139854, 36.799041 ], [ 127.140027, 36.799028 ], [ 127.140037, 36.799118 ], [ 127.139865, 36.799131 ], [ 127.139854, 36.799041 ] ] ] } },
{ "type": "Feature", "properties": { "id": 84340, "model": "building", "type": "3", "accuracy": "95.49", "area": "1442.90", "address": "충청남도 아산시 배방읍 장재리 1752", "region_code": "4420025331", "memo": "" }, "geometry": { "type": "Polygon", "coordinates": [ [ [ 127.104475, 36.798923 ], [ 127.104907, 36.798911 ], [ 127.104917, 36.799127 ], [ 127.104484, 36.799139 ], [ 127.104475, 36.798923 ] ] ] } },
{ "type": "Feature", "properties": { "id": 84341, "model": "building", "type": "3", "accuracy": "95.86", "area": "1371.56", "address": "충청남도 아산시 배방읍 장재리 1752", "region_code": "4420025331", "memo": "" }, "geometry": { "type": "Polygon", "coordinates": [ [ [ 127.105438, 36.799067 ], [ 127.105121, 36.799242 ], [ 127.104958, 36.799052 ], [ 127.105275, 36.798877 ], [ 127.105438, 36.799067 ] ] ] } },
{ "type": "Feature", "properties": { "id": 84342, "model": "building", "type": "3", "accuracy": "67.1", "area": "363.49", "address": "충청남도 천안시 서북구 쌍용동 539-4", "region_code": "4413310700", "memo": "" }, "geometry": { "type": "Polygon", "coordinates": [ [ [ 127.134894, 36.799078 ], [ 127.13467, 36.79905 ], [ 127.13469, 36.798947 ], [ 127.134914, 36.798975 ], [ 127.134894, 36.799078 ] ] ] } },
{ "type": "Feature", "properties": { "id": 84343, "model": "building", "type": "3", "accuracy": "79.38", "area": "178.97", "address": "충청남도 천안시 서북구 쌍용동 539-4", "region_code": "4413310700", "memo": "" }, "geometry": { "type": "Polygon", "coordinates": [ [ [ 127.134631, 36.798908 ], [ 127.134648, 36.799004 ], [ 127.13453, 36.799018 ], [ 127.134513, 36.798922 ], [ 127.134631, 36.798908 ] ] ] } },
{ "type": "Feature", "properties": { "id": 84345, "model": "building", "type": "1", "accuracy": "72.82", "area": "162.30", "address": "충청남도 천안시 동남구 다가동 397-23", "region_code": "4413111400", "memo": "" }, "geometry": { "type": "Polygon", "coordinates": [ [ [ 127.144635, 36.798954 ], [ 127.144512, 36.798959 ], [ 127.144506, 36.798874 ], [ 127.144629, 36.798868 ], [ 127.144635, 36.798954 ] ] ] } },
{ "type": "Feature", "properties": { "id": 84346, "model": "building", "type": "3", "accuracy": "90.25", "area": "814.43", "address": "충청남도 천안시 동남구 원성동 627-3", "region_code": "4413110700", "memo": "" }, "geometry": { "type": "Polygon", "coordinates": [ [ [ 127.156147, 36.798724 ], [ 127.156427, 36.798754 ], [ 127.156397, 36.798938 ], [ 127.156117, 36.798909 ], [ 127.156147, 36.798724 ] ] ] } },
{ "type": "Feature", "properties": { "id": 84347, "model": "building", "type": "3", "accuracy": "80.82", "area": "121.51", "address": "충청남도 천안시 서북구 쌍용동 565", "region_code": "4413310700", "memo": "" }, "geometry": { "type": "Polygon", "coordinates": [ [ [ 127.124252, 36.798786 ], [ 127.124374, 36.798786 ], [ 127.124374, 36.798851 ], [ 127.124253, 36.798851 ], [ 127.124252, 36.798786 ] ] ] } },
{ "type": "Feature", "properties": { "id": 84349, "model": "building", "type": "2", "accuracy": "83.1", "area": "203.44", "address": "충청남도 천안시 동남구 사직동 284-81", "region_code": "4413110400", "memo": "" }, "geometry": { "type": "Polygon", "coordinates": [ [ [ 127.149345, 36.798707 ], [ 127.149394, 36.798851 ], [ 127.149308, 36.79887 ], [ 127.149259, 36.798726 ], [ 127.149345, 36.798707 ] ] ] } },
{ "type": "Feature", "properties": { "id": 84350, "model": "building", "type": "3", "accuracy": "68.07", "area": "116.65", "address": "충청남도 천안시 서북구 쌍용동 1502", "region_code": "4413310700", "memo": "" }, "geometry": { "type": "Polygon", "coordinates": [ [ [ 127.118935, 36.798779 ], [ 127.119031, 36.798779 ], [ 127.119032, 36.798857 ], [ 127.118935, 36.798857 ], [ 127.118935, 36.798779 ] ] ] } },
{ "type": "Feature", "properties": { "id": 84351, "model": "building", "type": "3", "accuracy": "81.36", "area": "289.79", "address": "충청남도 천안시 서북구 쌍용동 565", "region_code": "4413310700", "memo": "" }, "geometry": { "type": "Polygon", "coordinates": [ [ [ 127.12458, 36.798741 ], [ 127.124613, 36.798846 ], [ 127.124444, 36.79888 ], [ 127.124411, 36.798775 ], [ 127.12458, 36.798741 ] ] ] } },
{ "type": "Feature", "properties": { "id": 84352, "model": "building", "type": "3", "accuracy": "79.14", "area": "180.37", "address": "충청남도 천안시 서북구 쌍용동 536-18", "region_code": "4413310700", "memo": "" }, "geometry": { "type": "Polygon", "coordinates": [ [ [ 127.132238, 36.798805 ], [ 127.132245, 36.798693 ], [ 127.132349, 36.798697 ], [ 127.132342, 36.798809 ], [ 127.132238, 36.798805 ] ] ] } },
{ "type": "Feature", "properties": { "id": 84353, "model": "building", "type": "3", "accuracy": "95.16", "area": "1362.71", "address": "충청남도 아산시 배방읍 장재리 1752", "region_code": "4420025331", "memo": "" }, "geometry": { "type": "Polygon", "coordinates": [ [ [ 127.105124, 36.798758 ], [ 127.105443, 36.798595 ], [ 127.105598, 36.798791 ], [ 127.105279, 36.798954 ], [ 127.105124, 36.798758 ] ] ] } },
{ "type": "Feature", "properties": { "id": 84355, "model": "building", "type": "3", "accuracy": "72.03", "area": "260.09", "address": "충청남도 천안시 서북구 쌍용동 1490", "region_code": "4413310700", "memo": "" }, "geometry": { "type": "Polygon", "coordinates": [ [ [ 127.118505, 36.798767 ], [ 127.11832, 36.798783 ], [ 127.118307, 36.798694 ], [ 127.118493, 36.798677 ], [ 127.118505, 36.798767 ] ] ] } },
{ "type": "Feature", "properties": { "id": 84356, "model": "building", "type": "3", "accuracy": "92.03", "area": "1555.55", "address": "충청남도 아산시 배방읍 장재리 1752", "region_code": "4420025331", "memo": "" }, "geometry": { "type": "Polygon", "coordinates": [ [ [ 127.104584, 36.798544 ], [ 127.10503, 36.798515 ], [ 127.105052, 36.798739 ], [ 127.104606, 36.798768 ], [ 127.104584, 36.798544 ] ] ] } },
{ "type": "Feature", "properties": { "id": 84357, "model": "building", "type": "3", "accuracy": "76.92", "area": "221.06", "address": "충청남도 천안시 서북구 쌍용동 1506", "region_code": "4413310700", "memo": "" }, "geometry": { "type": "Polygon", "coordinates": [ [ [ 127.119061, 36.798668 ], [ 127.11904, 36.798549 ], [ 127.119158, 36.798536 ], [ 127.119178, 36.798655 ], [ 127.119061, 36.798668 ] ] ] } },
{ "type": "Feature", "properties": { "id": 84359, "model": "building", "type": "3", "accuracy": "63.21", "area": "258.78", "address": "충청남도 천안시 서북구 쌍용동 565", "region_code": "4413310700", "memo": "" }, "geometry": { "type": "Polygon", "coordinates": [ [ [ 127.124892, 36.798479 ], [ 127.12487, 36.798592 ], [ 127.124725, 36.798574 ], [ 127.124747, 36.798461 ], [ 127.124892, 36.798479 ] ] ] } },
{ "type": "Feature", "properties": { "id": 84361, "model": "building", "type": "3", "accuracy": "80.38", "area": "286.97", "address": "충청남도 천안시 동남구 구성동 215-1", "region_code": "4413110800", "memo": "" }, "geometry": { "type": "Polygon", "coordinates": [ [ [ 127.168461, 36.798234 ], [ 127.168449, 36.798369 ], [ 127.168313, 36.798361 ], [ 127.168325, 36.798226 ], [ 127.168461, 36.798234 ] ] ] } },
{ "type": "Feature", "properties": { "id": 84363, "model": "building", "type": "3", "accuracy": "83.12", "area": "438.51", "address": "충청남도 천안시 동남구 다가동 407-10", "region_code": "4413111400", "memo": "" }, "geometry": { "type": "Polygon", "coordinates": [ [ [ 127.140834, 36.798215 ], [ 127.140829, 36.798363 ], [ 127.140638, 36.79836 ], [ 127.140642, 36.798212 ], [ 127.140834, 36.798215 ] ] ] } },
{ "type": "Feature", "properties": { "id": 84364, "model": "building", "type": "3", "accuracy": "69.17", "area": "609.27", "address": "충청남도 천안시 서북구 쌍용동 456", "region_code": "4413310700", "memo": "" }, "geometry": { "type": "Polygon", "coordinates": [ [ [ 127.11926, 36.798163 ], [ 127.119587, 36.798165 ], [ 127.119586, 36.798285 ], [ 127.119259, 36.798283 ], [ 127.11926, 36.798163 ] ] ] } },
{ "type": "Feature", "properties": { "id": 84365, "model": "building", "type": "3", "accuracy": "94.97", "area": "299.18", "address": "충청남도 천안시 동남구 다가동 407-3", "region_code": "4413111400", "memo": "" }, "geometry": { "type": "Polygon", "coordinates": [ [ [ 127.139919, 36.798119 ], [ 127.140083, 36.798097 ], [ 127.140106, 36.798212 ], [ 127.139942, 36.798234 ], [ 127.139919, 36.798119 ] ] ] } },
{ "type": "Feature", "properties": { "id": 84366, "model": "building", "type": "3", "accuracy": "93.62", "area": "292.10", "address": "충청남도 천안시 동남구 구성동 226-5", "region_code": "4413110800", "memo": "" }, "geometry": { "type": "Polygon", "coordinates": [ [ [ 127.165236, 36.798041 ], [ 127.165426, 36.79808 ], [ 127.165397, 36.798173 ], [ 127.165207, 36.798134 ], [ 127.165236, 36.798041 ] ] ] } },
{ "type": "Feature", "properties": { "id": 84367, "model": "building", "type": "3", "accuracy": "61.48", "area": "290.33", "address": "충청남도 천안시 동남구 구성동 215-1", "region_code": "4413110800", "memo": "" }, "geometry": { "type": "Polygon", "coordinates": [ [ [ 127.168317, 36.798152 ], [ 127.16833, 36.798 ], [ 127.168453, 36.798007 ], [ 127.16844, 36.798159 ], [ 127.168317, 36.798152 ] ] ] } },
{ "type": "Feature", "properties": { "id": 84370, "model": "building", "type": "3", "accuracy": "71.36", "area": "191.39", "address": "충청남도 천안시 서북구 불당동 1418", "region_code": "4413310800", "memo": "" }, "geometry": { "type": "Polygon", "coordinates": [ [ [ 127.108405, 36.798119 ], [ 127.108247, 36.798088 ], [ 127.108269, 36.798014 ], [ 127.108427, 36.798045 ], [ 127.108405, 36.798119 ] ] ] } },
{ "type": "Feature", "properties": { "id": 84375, "model": "building", "type": "3", "accuracy": "83.97", "area": "161.35", "address": "충청남도 천안시 동남구 구성동 479-9", "region_code": "4413110800", "memo": "" }, "geometry": { "type": "Polygon", "coordinates": [ [ [ 127.157581, 36.797895 ], [ 127.157468, 36.797983 ], [ 127.157411, 36.797935 ], [ 127.157524, 36.797847 ], [ 127.157581, 36.797895 ] ] ] } },
{ "type": "Feature", "properties": { "id": 84377, "model": "building", "type": "3", "accuracy": "92.82", "area": "1785.52", "address": "충청남도 천안시 동남구 다가동 405-6", "region_code": "4413111400", "memo": "" }, "geometry": { "type": "Polygon", "coordinates": [ [ [ 127.144014, 36.798023 ], [ 127.143474, 36.798034 ], [ 127.143467, 36.797821 ], [ 127.144007, 36.797809 ], [ 127.144014, 36.798023 ] ] ] } },
{ "type": "Feature", "properties": { "id": 84379, "model": "building", "type": "1", "accuracy": "89.38", "area": "222.54", "address": "충청남도 천안시 동남구 구성동 산 36-2", "region_code": "4413110800", "memo": "" }, "geometry": { "type": "Polygon", "coordinates": [ [ [ 127.169448, 36.797797 ], [ 127.169308, 36.797877 ], [ 127.169248, 36.797808 ], [ 127.169388, 36.797728 ], [ 127.169448, 36.797797 ] ] ] } },
{ "type": "Feature", "properties": { "id": 84381, "model": "building", "type": "3", "accuracy": "68.18", "area": "690.02", "address": "충청남도 천안시 서북구 쌍용동 214-7", "region_code": "4413310700", "memo": "" }, "geometry": { "type": "Polygon", "coordinates": [ [ [ 127.127463, 36.797878 ], [ 127.127246, 36.797669 ], [ 127.127372, 36.797585 ], [ 127.127589, 36.797794 ], [ 127.127463, 36.797878 ] ] ] } },
{ "type": "Feature", "properties": { "id": 84384, "model": "building", "type": "3", "accuracy": "74.87", "area": "1268.70", "address": "충청남도 천안시 서북구 불당동 1415", "region_code": "4413310800", "memo": "" }, "geometry": { "type": "Polygon", "coordinates": [ [ [ 127.107885, 36.797636 ], [ 127.107829, 36.797828 ], [ 127.107423, 36.797751 ], [ 127.10748, 36.797559 ], [ 127.107885, 36.797636 ] ] ] } },
{ "type": "Feature", "properties": { "id": 84385, "model": "building", "type": "3", "accuracy": "53.9", "area": "152.46", "address": "충청남도 천안시 동남구 다가동 460-6", "region_code": "4413111400", "memo": "" }, "geometry": { "type": "Polygon", "coordinates": [ [ [ 127.135267, 36.797533 ], [ 127.135429, 36.797533 ], [ 127.135429, 36.797593 ], [ 127.135267, 36.797594 ], [ 127.135267, 36.797533 ] ] ] } },
{ "type": "Feature", "properties": { "id": 84386, "model": "building", "type": "3", "accuracy": "82.55", "area": "130.69", "address": "충청남도 천안시 동남구 구성동 437-10", "region_code": "4413110800", "memo": "" }, "geometry": { "type": "Polygon", "coordinates": [ [ [ 127.161546, 36.797471 ], [ 127.161646, 36.797474 ], [ 127.161642, 36.797559 ], [ 127.161542, 36.797555 ], [ 127.161546, 36.797471 ] ] ] } },
{ "type": "Feature", "properties": { "id": 84387, "model": "building", "type": "3", "accuracy": "90.4", "area": "439.79", "address": "충청남도 천안시 동남구 구성동 437-15", "region_code": "4413110800", "memo": "" }, "geometry": { "type": "Polygon", "coordinates": [ [ [ 127.161136, 36.797553 ], [ 127.16115, 36.797429 ], [ 127.161377, 36.797446 ], [ 127.161363, 36.79757 ], [ 127.161136, 36.797553 ] ] ] } },
{ "type": "Feature", "properties": { "id": 84388, "model": "building", "type": "3", "accuracy": "86.81", "area": "400.64", "address": "충청남도 아산시 배방읍 장재리 1767", "region_code": "4420025331", "memo": "" }, "geometry": { "type": "Polygon", "coordinates": [ [ [ 127.10903, 36.797599 ], [ 127.108889, 36.797479 ], [ 127.109002, 36.797392 ], [ 127.109144, 36.797512 ], [ 127.10903, 36.797599 ] ] ] } },
{ "type": "Feature", "properties": { "id": 84389, "model": "building", "type": "3", "accuracy": "54.46", "area": "112.86", "address": "충청남도 천안시 동남구 다가동 444-3", "region_code": "4413111400", "memo": "" }, "geometry": { "type": "Polygon", "coordinates": [ [ [ 127.13796, 36.797417 ], [ 127.13796, 36.797513 ], [ 127.137883, 36.797513 ], [ 127.137883, 36.797417 ], [ 127.13796, 36.797417 ] ] ] } },
{ "type": "Feature", "properties": { "id": 84390, "model": "building", "type": "3", "accuracy": "88.25", "area": "505.93", "address": "충청남도 천안시 동남구 청수동 219-4", "region_code": "4413110900", "memo": "" }, "geometry": { "type": "Polygon", "coordinates": [ [ [ 127.153254, 36.797325 ], [ 127.153394, 36.79755 ], [ 127.153278, 36.797596 ], [ 127.153138, 36.797371 ], [ 127.153254, 36.797325 ] ] ] } },
{ "type": "Feature", "properties": { "id": 84392, "model": "building", "type": "3", "accuracy": "68.58", "area": "251.68", "address": "충청남도 천안시 동남구 다가동 578", "region_code": "4413111400", "memo": "" }, "geometry": { "type": "Polygon", "coordinates": [ [ [ 127.140711, 36.797423 ], [ 127.140906, 36.797388 ], [ 127.140928, 36.797467 ], [ 127.140733, 36.797502 ], [ 127.140711, 36.797423 ] ] ] } },
{ "type": "Feature", "properties": { "id": 84393, "model": "building", "type": "3", "accuracy": "96.81", "area": "316.85", "address": "충청남도 천안시 동남구 구성동 437-9", "region_code": "4413110800", "memo": "" }, "geometry": { "type": "Polygon", "coordinates": [ [ [ 127.160926, 36.797463 ], [ 127.160937, 36.79736 ], [ 127.161135, 36.797373 ], [ 127.161124, 36.797476 ], [ 127.160926, 36.797463 ] ] ] } },
{ "type": "Feature", "properties": { "id": 84394, "model": "building", "type": "3", "accuracy": "83.61", "area": "227.94", "address": "충청남도 천안시 서북구 쌍용동 210-29", "region_code": "4413310700", "memo": "" }, "geometry": { "type": "Polygon", "coordinates": [ [ [ 127.128564, 36.79736 ], [ 127.128677, 36.797447 ], [ 127.128596, 36.797515 ], [ 127.128483, 36.797428 ], [ 127.128564, 36.79736 ] ] ] } },
{ "type": "Feature", "properties": { "id": 84397, "model": "building", "type": "3", "accuracy": "79.18", "area": "1542.65", "address": "충청남도 아산시 배방읍 장재리 1767", "region_code": "4420025331", "memo": "" }, "geometry": { "type": "Polygon", "coordinates": [ [ [ 127.109153, 36.797209 ], [ 127.109593, 36.797406 ], [ 127.109473, 36.797579 ], [ 127.109033, 36.797382 ], [ 127.109153, 36.797209 ] ] ] } },
{ "type": "Feature", "properties": { "id": 84398, "model": "building", "type": "3", "accuracy": "95.37", "area": "230.50", "address": "충청남도 천안시 서북구 쌍용동 701", "region_code": "4413310700", "memo": "" }, "geometry": { "type": "Polygon", "coordinates": [ [ [ 127.120646, 36.797438 ], [ 127.120673, 36.797346 ], [ 127.120826, 36.797375 ], [ 127.120799, 36.797468 ], [ 127.120646, 36.797438 ] ] ] } },
{ "type": "Feature", "properties": { "id": 84399, "model": "building", "type": "3", "accuracy": "74.34", "area": "516.61", "address": "충청남도 천안시 동남구 다가동 578", "region_code": "4413111400", "memo": "" }, "geometry": { "type": "Polygon", "coordinates": [ [ [ 127.140892, 36.797247 ], [ 127.141075, 36.797407 ], [ 127.140962, 36.797491 ], [ 127.140779, 36.797331 ], [ 127.140892, 36.797247 ] ] ] } },
{ "type": "Feature", "properties": { "id": 84401, "model": "building", "type": "3", "accuracy": "83.65", "area": "1521.33", "address": "충청남도 천안시 서북구 쌍용동 380-24", "region_code": "4413310700", "memo": "" }, "geometry": { "type": "Polygon", "coordinates": [ [ [ 127.130483, 36.797366 ], [ 127.130621, 36.797089 ], [ 127.130927, 36.797188 ], [ 127.13079, 36.797465 ], [ 127.130483, 36.797366 ] ] ] } },
{ "type": "Feature", "properties": { "id": 84402, "model": "building", "type": "3", "accuracy": "67.14", "area": "194.69", "address": "충청남도 천안시 동남구 구성동 525", "region_code": "4413110800", "memo": "" }, "geometry": { "type": "Polygon", "coordinates": [ [ [ 127.155543, 36.797207 ], [ 127.155698, 36.797213 ], [ 127.155692, 36.797294 ], [ 127.155537, 36.797288 ], [ 127.155543, 36.797207 ] ] ] } },
{ "type": "Feature", "properties": { "id": 84403, "model": "building", "type": "3", "accuracy": "57.1", "area": "218.54", "address": "충청남도 천안시 동남구 용곡동 346-17", "region_code": "4413111500", "memo": "" }, "geometry": { "type": "Polygon", "coordinates": [ [ [ 127.142585, 36.797165 ], [ 127.142534, 36.797324 ], [ 127.142451, 36.797307 ], [ 127.142502, 36.797148 ], [ 127.142585, 36.797165 ] ] ] } },
{ "type": "Feature", "properties": { "id": 84406, "model": "building", "type": "3", "accuracy": "77.62", "area": "170.22", "address": "충청남도 천안시 동남구 구성동 525", "region_code": "4413110800", "memo": "" }, "geometry": { "type": "Polygon", "coordinates": [ [ [ 127.15554, 36.796978 ], [ 127.15553, 36.797084 ], [ 127.155428, 36.797079 ], [ 127.155438, 36.796972 ], [ 127.15554, 36.796978 ] ] ] } },
{ "type": "Feature", "properties": { "id": 84407, "model": "building", "type": "3", "accuracy": "77.46", "area": "148.10", "address": "충청남도 천안시 동남구 구성동 525", "region_code": "4413110800", "memo": "" }, "geometry": { "type": "Polygon", "coordinates": [ [ [ 127.155323, 36.79706 ], [ 127.155337, 36.796964 ], [ 127.155435, 36.796973 ], [ 127.155421, 36.797069 ], [ 127.155323, 36.79706 ] ] ] } },
{ "type": "Feature", "properties": { "id": 84408, "model": "building", "type": "2", "accuracy": "87.31", "area": "213.14", "address": "충청남도 천안시 동남구 다가동 4-2", "region_code": "4413111400", "memo": "" }, "geometry": { "type": "Polygon", "coordinates": [ [ [ 127.148114, 36.796945 ], [ 127.148176, 36.797028 ], [ 127.148054, 36.797087 ], [ 127.147992, 36.797004 ], [ 127.148114, 36.796945 ] ] ] } },
{ "type": "Feature", "properties": { "id": 84409, "model": "building", "type": "3", "accuracy": "96.59", "area": "278.69", "address": "충청남도 천안시 서북구 쌍용동 648", "region_code": "4413310700", "memo": "" }, "geometry": { "type": "Polygon", "coordinates": [ [ [ 127.123151, 36.796988 ], [ 127.123298, 36.796967 ], [ 127.123325, 36.797085 ], [ 127.123177, 36.797106 ], [ 127.123151, 36.796988 ] ] ] } },
{ "type": "Feature", "properties": { "id": 84412, "model": "building", "type": "3", "accuracy": "94.71", "area": "253.65", "address": "충청남도 천안시 동남구 구성동 480-7", "region_code": "4413110800", "memo": "" }, "geometry": { "type": "Polygon", "coordinates": [ [ [ 127.159255, 36.796923 ], [ 127.159243, 36.797032 ], [ 127.159093, 36.797021 ], [ 127.159104, 36.796913 ], [ 127.159255, 36.796923 ] ] ] } },
{ "type": "Feature", "properties": { "id": 84413, "model": "building", "type": "3", "accuracy": "73.21", "area": "256.98", "address": "충청남도 아산시 배방읍 장재리 1767", "region_code": "4420025331", "memo": "" }, "geometry": { "type": "Polygon", "coordinates": [ [ [ 127.109109, 36.796988 ], [ 127.109014, 36.797086 ], [ 127.108909, 36.797019 ], [ 127.109004, 36.796922 ], [ 127.109109, 36.796988 ] ] ] } },
{ "type": "Feature", "properties": { "id": 84415, "model": "building", "type": "3", "accuracy": "69.44", "area": "461.99", "address": "충청남도 천안시 동남구 구성동 471-2", "region_code": "4413110800", "memo": "" }, "geometry": { "type": "Polygon", "coordinates": [ [ [ 127.159992, 36.797026 ], [ 127.159808, 36.797022 ], [ 127.159814, 36.796859 ], [ 127.159997, 36.796863 ], [ 127.159992, 36.797026 ] ] ] } },
{ "type": "Feature", "properties": { "id": 84416, "model": "building", "type": "3", "accuracy": "89.8", "area": "219.49", "address": "충청남도 천안시 동남구 영성동 154-11", "region_code": "4413110500", "memo": "" }, "geometry": { "type": "Polygon", "coordinates": [ [ [ 127.151332, 36.796864 ], [ 127.1515, 36.79688 ], [ 127.151488, 36.796963 ], [ 127.15132, 36.796947 ], [ 127.151332, 36.796864 ] ] ] } },
{ "type": "Feature", "properties": { "id": 84417, "model": "building", "type": "3", "accuracy": "78.62", "area": "378.32", "address": "충청남도 천안시 동남구 구성동 525", "region_code": "4413110800", "memo": "" }, "geometry": { "type": "Polygon", "coordinates": [ [ [ 127.155989, 36.797016 ], [ 127.155965, 36.796823 ], [ 127.156091, 36.796813 ], [ 127.156115, 36.797006 ], [ 127.155989, 36.797016 ] ] ] } },
{ "type": "Feature", "properties": { "id": 84418, "model": "building", "type": "3", "accuracy": "82.77", "area": "237.69", "address": "충청남도 천안시 서북구 쌍용동 1528", "region_code": "4413310700", "memo": "" }, "geometry": { "type": "Polygon", "coordinates": [ [ [ 127.11818, 36.796998 ], [ 127.118047, 36.797007 ], [ 127.118035, 36.796892 ], [ 127.118168, 36.796883 ], [ 127.11818, 36.796998 ] ] ] } },
{ "type": "Feature", "properties": { "id": 84421, "model": "building", "type": "3", "accuracy": "76.49", "area": "145.65", "address": "충청남도 천안시 동남구 구성동 525", "region_code": "4413110800", "memo": "" }, "geometry": { "type": "Polygon", "coordinates": [ [ [ 127.155183, 36.796893 ], [ 127.155212, 36.796801 ], [ 127.155308, 36.796821 ], [ 127.155279, 36.796913 ], [ 127.155183, 36.796893 ] ] ] } },
{ "type": "Feature", "properties": { "id": 84422, "model": "building", "type": "1", "accuracy": "80.85", "area": "253.02", "address": "충청남도 천안시 동남구 용곡동 346-65", "region_code": "4413111500", "memo": "" }, "geometry": { "type": "Polygon", "coordinates": [ [ [ 127.142175, 36.796838 ], [ 127.142051, 36.796941 ], [ 127.14197, 36.796878 ], [ 127.142094, 36.796774 ], [ 127.142175, 36.796838 ] ] ] } },
{ "type": "Feature", "properties": { "id": 84423, "model": "building", "type": "3", "accuracy": "75.4", "area": "1043.37", "address": "충청남도 천안시 서북구 쌍용동 456", "region_code": "4413310700", "memo": "" }, "geometry": { "type": "Polygon", "coordinates": [ [ [ 127.120043, 36.796995 ], [ 127.119675, 36.796947 ], [ 127.11971, 36.796769 ], [ 127.120079, 36.796817 ], [ 127.120043, 36.796995 ] ] ] } },
{ "type": "Feature", "properties": { "id": 84424, "model": "building", "type": "3", "accuracy": "74.53", "area": "249.09", "address": "충청남도 아산시 배방읍 장재리 1767", "region_code": "4420025331", "memo": "" }, "geometry": { "type": "Polygon", "coordinates": [ [ [ 127.10932, 36.796856 ], [ 127.109153, 36.796918 ], [ 127.109108, 36.796838 ], [ 127.109275, 36.796777 ], [ 127.10932, 36.796856 ] ] ] } },
{ "type": "Feature", "properties": { "id": 84425, "model": "building", "type": "3", "accuracy": "91.52", "area": "213.73", "address": "충청남도 천안시 동남구 구성동 481-21", "region_code": "4413110800", "memo": "" }, "geometry": { "type": "Polygon", "coordinates": [ [ [ 127.158665, 36.796764 ], [ 127.158579, 36.796847 ], [ 127.158481, 36.796781 ], [ 127.158566, 36.796698 ], [ 127.158665, 36.796764 ] ] ] } },
{ "type": "Feature", "properties": { "id": 84426, "model": "building", "type": "3", "accuracy": "74.37", "area": "544.56", "address": "충청남도 아산시 배방읍 장재리 1767", "region_code": "4420025331", "memo": "" }, "geometry": { "type": "Polygon", "coordinates": [ [ [ 127.108221, 36.796932 ], [ 127.108001, 36.796893 ], [ 127.108044, 36.79674 ], [ 127.108264, 36.79678 ], [ 127.108221, 36.796932 ] ] ] } },
{ "type": "Feature", "properties": { "id": 84428, "model": "building", "type": "1", "accuracy": "86.39", "area": "132.17", "address": "충청남도 천안시 동남구 다가동 8-1", "region_code": "4413111400", "memo": "" }, "geometry": { "type": "Polygon", "coordinates": [ [ [ 127.148095, 36.796787 ], [ 127.147994, 36.796771 ], [ 127.148014, 36.79669 ], [ 127.148116, 36.796707 ], [ 127.148095, 36.796787 ] ] ] } },
{ "type": "Feature", "properties": { "id": 84429, "model": "building", "type": "1", "accuracy": "93.27", "area": "182.00", "address": "충청남도 천안시 동남구 다가동 8-1", "region_code": "4413111400", "memo": "" }, "geometry": { "type": "Polygon", "coordinates": [ [ [ 127.148242, 36.796781 ], [ 127.148116, 36.796775 ], [ 127.148122, 36.796683 ], [ 127.148248, 36.796688 ], [ 127.148242, 36.796781 ] ] ] } },
{ "type": "Feature", "properties": { "id": 84432, "model": "building", "type": "3", "accuracy": "87.09", "area": "193.81", "address": "충청남도 천안시 동남구 구성동 442-8", "region_code": "4413110800", "memo": "" }, "geometry": { "type": "Polygon", "coordinates": [ [ [ 127.162389, 36.796715 ], [ 127.162389, 36.796587 ], [ 127.162487, 36.796587 ], [ 127.162487, 36.796715 ], [ 127.162389, 36.796715 ] ] ] } },
{ "type": "Feature", "properties": { "id": 84434, "model": "building", "type": "3", "accuracy": "77.62", "area": "293.29", "address": "충청남도 천안시 서북구 쌍용동 456", "region_code": "4413310700", "memo": "" }, "geometry": { "type": "Polygon", "coordinates": [ [ [ 127.120383, 36.796753 ], [ 127.120273, 36.796718 ], [ 127.120345, 36.796569 ], [ 127.120456, 36.796604 ], [ 127.120383, 36.796753 ] ] ] } },
{ "type": "Feature", "properties": { "id": 84436, "model": "building", "type": "3", "accuracy": "75.45", "area": "233.33", "address": "충청남도 아산시 배방읍 장재리 1767", "region_code": "4420025331", "memo": "" }, "geometry": { "type": "Polygon", "coordinates": [ [ [ 127.108978, 36.796441 ], [ 127.109072, 36.796511 ], [ 127.108973, 36.796597 ], [ 127.108879, 36.796526 ], [ 127.108978, 36.796441 ] ] ] } },
{ "type": "Feature", "properties": { "id": 84437, "model": "building", "type": "3", "accuracy": "81.09", "area": "237.94", "address": "충청남도 천안시 동남구 다가동 461-14", "region_code": "4413111400", "memo": "" }, "geometry": { "type": "Polygon", "coordinates": [ [ [ 127.139494, 36.796424 ], [ 127.139498, 36.796525 ], [ 127.139346, 36.796529 ], [ 127.139342, 36.796428 ], [ 127.139494, 36.796424 ] ] ] } },
{ "type": "Feature", "properties": { "id": 84439, "model": "building", "type": "2", "accuracy": "90.91", "area": "120.01", "address": "충청남도 천안시 동남구 용곡동 462-95", "region_code": "4413111500", "memo": "" }, "geometry": { "type": "Polygon", "coordinates": [ [ [ 127.13458, 36.79635 ], [ 127.13458, 36.796487 ], [ 127.134524, 36.796487 ], [ 127.134524, 36.79635 ], [ 127.13458, 36.79635 ] ] ] } },
{ "type": "Feature", "properties": { "id": 84440, "model": "building", "type": "3", "accuracy": "96.52", "area": "307.38", "address": "충청남도 천안시 동남구 구성동 386-3", "region_code": "4413110800", "memo": "" }, "geometry": { "type": "Polygon", "coordinates": [ [ [ 127.157223, 36.796467 ], [ 127.157092, 36.796362 ], [ 127.157187, 36.796286 ], [ 127.157318, 36.796392 ], [ 127.157223, 36.796467 ] ] ] } },
{ "type": "Feature", "properties": { "id": 84441, "model": "building", "type": "3", "accuracy": "92.17", "area": "175.54", "address": "충청남도 천안시 동남구 다가동 6-18", "region_code": "4413111400", "memo": "" }, "geometry": { "type": "Polygon", "coordinates": [ [ [ 127.149431, 36.796329 ], [ 127.149413, 36.796444 ], [ 127.149315, 36.796434 ], [ 127.149334, 36.796319 ], [ 127.149431, 36.796329 ] ] ] } },
{ "type": "Feature", "properties": { "id": 84442, "model": "building", "type": "3", "accuracy": "86.13", "area": "136.62", "address": "충청남도 천안시 서북구 쌍용동 191", "region_code": "4413310700", "memo": "" }, "geometry": { "type": "Polygon", "coordinates": [ [ [ 127.126859, 36.796452 ], [ 127.126858, 36.796357 ], [ 127.126951, 36.796357 ], [ 127.126951, 36.796452 ], [ 127.126859, 36.796452 ] ] ] } },
{ "type": "Feature", "properties": { "id": 84443, "model": "building", "type": "1", "accuracy": "64.79", "area": "343.41", "address": "충청남도 천안시 동남구 다가동 440-15", "region_code": "4413111400", "memo": "" }, "geometry": { "type": "Polygon", "coordinates": [ [ [ 127.135867, 36.796339 ], [ 127.135765, 36.796437 ], [ 127.135632, 36.796347 ], [ 127.135733, 36.796249 ], [ 127.135867, 36.796339 ] ] ] } },
{ "type": "Feature", "properties": { "id": 84444, "model": "building", "type": "3", "accuracy": "81.87", "area": "129.35", "address": "충청남도 천안시 동남구 구성동 444-5", "region_code": "4413110800", "memo": "" }, "geometry": { "type": "Polygon", "coordinates": [ [ [ 127.162371, 36.796271 ], [ 127.162363, 36.796329 ], [ 127.16222, 36.796316 ], [ 127.162228, 36.796259 ], [ 127.162371, 36.796271 ] ] ] } },
{ "type": "Feature", "properties": { "id": 84445, "model": "building", "type": "3", "accuracy": "63.47", "area": "314.95", "address": "충청남도 아산시 배방읍 장재리 1767", "region_code": "4420025331", "memo": "" }, "geometry": { "type": "Polygon", "coordinates": [ [ [ 127.107324, 36.796369 ], [ 127.107338, 36.796223 ], [ 127.107476, 36.796231 ], [ 127.107463, 36.796377 ], [ 127.107324, 36.796369 ] ] ] } },
{ "type": "Feature", "properties": { "id": 84446, "model": "building", "type": "3", "accuracy": "76.57", "area": "294.22", "address": "충청남도 천안시 서북구 쌍용동 1273", "region_code": "4413310700", "memo": "" }, "geometry": { "type": "Polygon", "coordinates": [ [ [ 127.121491, 36.79626 ], [ 127.121613, 36.796135 ], [ 127.121707, 36.796194 ], [ 127.121585, 36.796319 ], [ 127.121491, 36.79626 ] ] ] } },
{ "type": "Feature", "properties": { "id": 84447, "model": "building", "type": "3", "accuracy": "77.87", "area": "990.81", "address": "충청남도 아산시 배방읍 장재리 1767", "region_code": "4420025331", "memo": "" }, "geometry": { "type": "Polygon", "coordinates": [ [ [ 127.107885, 36.79614 ], [ 127.107676, 36.796429 ], [ 127.10751, 36.796352 ], [ 127.10772, 36.796063 ], [ 127.107885, 36.79614 ] ] ] } },
{ "type": "Feature", "properties": { "id": 84448, "model": "building", "type": "3", "accuracy": "97.22", "area": "1671.33", "address": "충청남도 천안시 동남구 용곡동 462-95", "region_code": "4413111500", "memo": "" }, "geometry": { "type": "Polygon", "coordinates": [ [ [ 127.134472, 36.796259 ], [ 127.134217, 36.796446 ], [ 127.133955, 36.796215 ], [ 127.134209, 36.796028 ], [ 127.134472, 36.796259 ] ] ] } },
{ "type": "Feature", "properties": { "id": 84449, "model": "building", "type": "1", "accuracy": "92.8", "area": "182.81", "address": "충청남도 천안시 동남구 구성동 450-12", "region_code": "4413110800", "memo": "" }, "geometry": { "type": "Polygon", "coordinates": [ [ [ 127.163174, 36.796015 ], [ 127.163169, 36.796116 ], [ 127.163052, 36.796112 ], [ 127.163057, 36.796011 ], [ 127.163174, 36.796015 ] ] ] } },
{ "type": "Feature", "properties": { "id": 84450, "model": "building", "type": "3", "accuracy": "84.1", "area": "689.50", "address": "충청남도 천안시 동남구 구성동 454-9", "region_code": "4413110800", "memo": "" }, "geometry": { "type": "Polygon", "coordinates": [ [ [ 127.164068, 36.795868 ], [ 127.164065, 36.796126 ], [ 127.163893, 36.796125 ], [ 127.163896, 36.795867 ], [ 127.164068, 36.795868 ] ] ] } },
{ "type": "Feature", "properties": { "id": 84451, "model": "building", "type": "3", "accuracy": "63.23", "area": "179.99", "address": "충청남도 천안시 동남구 구성동 450-5", "region_code": "4413110800", "memo": "" }, "geometry": { "type": "Polygon", "coordinates": [ [ [ 127.16345, 36.795949 ], [ 127.16345, 36.796036 ], [ 127.163315, 36.796036 ], [ 127.163315, 36.795949 ], [ 127.16345, 36.795949 ] ] ] } },
{ "type": "Feature", "properties": { "id": 84452, "model": "building", "type": "3", "accuracy": "70.06", "area": "176.50", "address": "충청남도 천안시 동남구 구성동 470-9", "region_code": "4413110800", "memo": "" }, "geometry": { "type": "Polygon", "coordinates": [ [ [ 127.159178, 36.795865 ], [ 127.159334, 36.795886 ], [ 127.15932, 36.795957 ], [ 127.159163, 36.795936 ], [ 127.159178, 36.795865 ] ] ] } },
{ "type": "Feature", "properties": { "id": 84453, "model": "building", "type": "3", "accuracy": "85.34", "area": "176.48", "address": "충청남도 천안시 서북구 쌍용동 1273", "region_code": "4413310700", "memo": "" }, "geometry": { "type": "Polygon", "coordinates": [ [ [ 127.121379, 36.795868 ], [ 127.121521, 36.795867 ], [ 127.121521, 36.795947 ], [ 127.121379, 36.795948 ], [ 127.121379, 36.795868 ] ] ] } },
{ "type": "Feature", "properties": { "id": 84454, "model": "building", "type": "3", "accuracy": "82.11", "area": "1094.91", "address": "충청남도 천안시 동남구 다가동 6-50", "region_code": "4413111400", "memo": "" }, "geometry": { "type": "Polygon", "coordinates": [ [ [ 127.149085, 36.795932 ], [ 127.148459, 36.795899 ], [ 127.148468, 36.795786 ], [ 127.149094, 36.795819 ], [ 127.149085, 36.795932 ] ] ] } },
{ "type": "Feature", "properties": { "id": 84455, "model": "building", "type": "1", "accuracy": "86.02", "area": "1184.81", "address": "충청남도 천안시 동남구 영성동 152-16", "region_code": "4413110500", "memo": "" }, "geometry": { "type": "Polygon", "coordinates": [ [ [ 127.150949, 36.795731 ], [ 127.150918, 36.795945 ], [ 127.150566, 36.795912 ], [ 127.150597, 36.795698 ], [ 127.150949, 36.795731 ] ] ] } },
{ "type": "Feature", "properties": { "id": 84457, "model": "building", "type": "3", "accuracy": "97.3", "area": "1438.11", "address": "충청남도 천안시 동남구 용곡동 산 47", "region_code": "4413111500", "memo": "" }, "geometry": { "type": "Polygon", "coordinates": [ [ [ 127.133109, 36.796029 ], [ 127.13285, 36.79584 ], [ 127.133072, 36.795643 ], [ 127.133331, 36.795832 ], [ 127.133109, 36.796029 ] ] ] } },
{ "type": "Feature", "properties": { "id": 84458, "model": "building", "type": "3", "accuracy": "70.84", "area": "221.34", "address": "충청남도 천안시 서북구 쌍용동 191-2", "region_code": "4413310700", "memo": "" }, "geometry": { "type": "Polygon", "coordinates": [ [ [ 127.125601, 36.795724 ], [ 127.125723, 36.795805 ], [ 127.125651, 36.795875 ], [ 127.125529, 36.795793 ], [ 127.125601, 36.795724 ] ] ] } },
{ "type": "Feature", "properties": { "id": 84459, "model": "building", "type": "3", "accuracy": "97.22", "area": "811.95", "address": "충청남도 천안시 동남구 용곡동 474-37", "region_code": "4413111500", "memo": "" }, "geometry": { "type": "Polygon", "coordinates": [ [ [ 127.134489, 36.795742 ], [ 127.134218, 36.795954 ], [ 127.134097, 36.795854 ], [ 127.134368, 36.795643 ], [ 127.134489, 36.795742 ] ] ] } },
{ "type": "Feature", "properties": { "id": 84460, "model": "building", "type": "3", "accuracy": "96.77", "area": "1463.87", "address": "충청남도 천안시 동남구 용곡동 474-37", "region_code": "4413111500", "memo": "" }, "geometry": { "type": "Polygon", "coordinates": [ [ [ 127.133899, 36.795812 ], [ 127.133672, 36.796016 ], [ 127.133415, 36.79583 ], [ 127.133642, 36.795626 ], [ 127.133899, 36.795812 ] ] ] } },
{ "type": "Feature", "properties": { "id": 84461, "model": "building", "type": "3", "accuracy": "95.49", "area": "616.83", "address": "충청남도 천안시 서북구 쌍용동 456", "region_code": "4413310700", "memo": "" }, "geometry": { "type": "Polygon", "coordinates": [ [ [ 127.120082, 36.795809 ], [ 127.120234, 36.795623 ], [ 127.120383, 36.795702 ], [ 127.120231, 36.795888 ], [ 127.120082, 36.795809 ] ] ] } },
{ "type": "Feature", "properties": { "id": 84462, "model": "building", "type": "3", "accuracy": "87.36", "area": "274.14", "address": "충청남도 천안시 동남구 구성동 387-35", "region_code": "4413110800", "memo": "" }, "geometry": { "type": "Polygon", "coordinates": [ [ [ 127.157033, 36.795647 ], [ 127.156934, 36.795806 ], [ 127.156845, 36.79577 ], [ 127.156944, 36.795612 ], [ 127.157033, 36.795647 ] ] ] } },
{ "type": "Feature", "properties": { "id": 84463, "model": "building", "type": "3", "accuracy": "86.19", "area": "201.57", "address": "충청남도 천안시 동남구 다가동 6-29", "region_code": "4413111400", "memo": "" }, "geometry": { "type": "Polygon", "coordinates": [ [ [ 127.149255, 36.795744 ], [ 127.149262, 36.795646 ], [ 127.149393, 36.795651 ], [ 127.149387, 36.79575 ], [ 127.149255, 36.795744 ] ] ] } },
{ "type": "Feature", "properties": { "id": 84465, "model": "building", "type": "3", "accuracy": "94.87", "area": "615.00", "address": "충청남도 천안시 서북구 쌍용동 456", "region_code": "4413310700", "memo": "" }, "geometry": { "type": "Polygon", "coordinates": [ [ [ 127.120589, 36.795459 ], [ 127.120439, 36.795642 ], [ 127.120288, 36.795562 ], [ 127.120438, 36.795379 ], [ 127.120589, 36.795459 ] ] ] } },
{ "type": "Feature", "properties": { "id": 84466, "model": "building", "type": "3", "accuracy": "90.62", "area": "232.46", "address": "충청남도 천안시 동남구 구성동 256-1", "region_code": "4413110800", "memo": "" }, "geometry": { "type": "Polygon", "coordinates": [ [ [ 127.165325, 36.795391 ], [ 127.165326, 36.795479 ], [ 127.165156, 36.79548 ], [ 127.165156, 36.795391 ], [ 127.165325, 36.795391 ] ] ] } },
{ "type": "Feature", "properties": { "id": 84472, "model": "building", "type": "3", "accuracy": "96.95", "area": "2160.62", "address": "충청남도 천안시 동남구 용곡동 474-34", "region_code": "4413111500", "memo": "" }, "geometry": { "type": "Polygon", "coordinates": [ [ [ 127.133912, 36.79517 ], [ 127.13356, 36.795459 ], [ 127.133313, 36.795264 ], [ 127.133666, 36.794976 ], [ 127.133912, 36.79517 ] ] ] } },
{ "type": "Feature", "properties": { "id": 84473, "model": "building", "type": "2", "accuracy": "89.33", "area": "427.96", "address": "충청남도 천안시 동남구 용곡동 산 49", "region_code": "4413111500", "memo": "" }, "geometry": { "type": "Polygon", "coordinates": [ [ [ 127.132828, 36.79528 ], [ 127.132668, 36.795241 ], [ 127.132729, 36.795083 ], [ 127.132889, 36.795122 ], [ 127.132828, 36.79528 ] ] ] } },
{ "type": "Feature", "properties": { "id": 84474, "model": "building", "type": "3", "accuracy": "93.56", "area": "2220.91", "address": "충청남도 천안시 동남구 용곡동 474-37", "region_code": "4413111500", "memo": "" }, "geometry": { "type": "Polygon", "coordinates": [ [ [ 127.132843, 36.795035 ], [ 127.133272, 36.794974 ], [ 127.133343, 36.795298 ], [ 127.132914, 36.795359 ], [ 127.132843, 36.795035 ] ] ] } },
{ "type": "Feature", "properties": { "id": 84475, "model": "building", "type": "3", "accuracy": "96.99", "area": "1672.16", "address": "충청남도 천안시 동남구 용곡동 474-41", "region_code": "4413111500", "memo": "" }, "geometry": { "type": "Polygon", "coordinates": [ [ [ 127.134211, 36.795384 ], [ 127.133926, 36.795159 ], [ 127.134162, 36.794966 ], [ 127.134447, 36.795192 ], [ 127.134211, 36.795384 ] ] ] } },
{ "type": "Feature", "properties": { "id": 84476, "model": "building", "type": "2", "accuracy": "91.25", "area": "321.24", "address": "충청남도 천안시 동남구 다가동 27-17", "region_code": "4413111400", "memo": "" }, "geometry": { "type": "Polygon", "coordinates": [ [ [ 127.151103, 36.795035 ], [ 127.151194, 36.795123 ], [ 127.151055, 36.795217 ], [ 127.150964, 36.795129 ], [ 127.151103, 36.795035 ] ] ] } },
{ "type": "Feature", "properties": { "id": 84478, "model": "building", "type": "3", "accuracy": "78.36", "area": "140.53", "address": "충청남도 천안시 동남구 구성동 460-17", "region_code": "4413110800", "memo": "" }, "geometry": { "type": "Polygon", "coordinates": [ [ [ 127.162708, 36.795028 ], [ 127.162866, 36.795023 ], [ 127.162868, 36.79508 ], [ 127.162711, 36.795085 ], [ 127.162708, 36.795028 ] ] ] } },
{ "type": "Feature", "properties": { "id": 84479, "model": "building", "type": "3", "accuracy": "86", "area": "244.56", "address": "충청남도 천안시 동남구 구성동 456-12", "region_code": "4413110800", "memo": "" }, "geometry": { "type": "Polygon", "coordinates": [ [ [ 127.163314, 36.794981 ], [ 127.163481, 36.794987 ], [ 127.163475, 36.795082 ], [ 127.163308, 36.795076 ], [ 127.163314, 36.794981 ] ] ] } },
{ "type": "Feature", "properties": { "id": 84482, "model": "building", "type": "2", "accuracy": "91.06", "area": "109.09", "address": "충청남도 천안시 동남구 다가동 27-28", "region_code": "4413111400", "memo": "" }, "geometry": { "type": "Polygon", "coordinates": [ [ [ 127.150957, 36.794885 ], [ 127.150984, 36.794954 ], [ 127.150892, 36.794978 ], [ 127.150864, 36.794909 ], [ 127.150957, 36.794885 ] ] ] } },
{ "type": "Feature", "properties": { "id": 84483, "model": "building", "type": "2", "accuracy": "91.81", "area": "199.07", "address": "충청남도 천안시 동남구 영성동 152-1", "region_code": "4413110500", "memo": "" }, "geometry": { "type": "Polygon", "coordinates": [ [ [ 127.15062, 36.795013 ], [ 127.150501, 36.794871 ], [ 127.150564, 36.794838 ], [ 127.150683, 36.794979 ], [ 127.15062, 36.795013 ] ] ] } },
{ "type": "Feature", "properties": { "id": 84486, "model": "building", "type": "3", "accuracy": "84.75", "area": "1079.91", "address": "충청남도 아산시 배방읍 장재리 1767", "region_code": "4420025331", "memo": "" }, "geometry": { "type": "Polygon", "coordinates": [ [ [ 127.108969, 36.794688 ], [ 127.109255, 36.794938 ], [ 127.109105, 36.79505 ], [ 127.108818, 36.7948 ], [ 127.108969, 36.794688 ] ] ] } },
{ "type": "Feature", "properties": { "id": 84488, "model": "building", "type": "3", "accuracy": "92.62", "area": "284.86", "address": "충청남도 천안시 동남구 구성동 461-10", "region_code": "4413110800", "memo": "" }, "geometry": { "type": "Polygon", "coordinates": [ [ [ 127.161857, 36.794738 ], [ 127.161812, 36.794872 ], [ 127.161684, 36.794845 ], [ 127.161729, 36.79471 ], [ 127.161857, 36.794738 ] ] ] } },
{ "type": "Feature", "properties": { "id": 84489, "model": "building", "type": "3", "accuracy": "92.88", "area": "1827.24", "address": "충청남도 천안시 서북구 쌍용동 494-20", "region_code": "4413310700", "memo": "" }, "geometry": { "type": "Polygon", "coordinates": [ [ [ 127.126211, 36.79495 ], [ 127.126437, 36.794603 ], [ 127.126704, 36.794715 ], [ 127.126478, 36.795063 ], [ 127.126211, 36.79495 ] ] ] } },
{ "type": "Feature", "properties": { "id": 84490, "model": "building", "type": "3", "accuracy": "70.94", "area": "1123.85", "address": "충청남도 천안시 서북구 쌍용동 494-3", "region_code": "4413310700", "memo": "" }, "geometry": { "type": "Polygon", "coordinates": [ [ [ 127.12529, 36.794724 ], [ 127.124921, 36.795038 ], [ 127.124799, 36.794945 ], [ 127.125168, 36.794631 ], [ 127.12529, 36.794724 ] ] ] } },
{ "type": "Feature", "properties": { "id": 84495, "model": "building", "type": "3", "accuracy": "86.57", "area": "193.71", "address": "충청남도 천안시 동남구 다가동 27-18", "region_code": "4413111400", "memo": "" }, "geometry": { "type": "Polygon", "coordinates": [ [ [ 127.151052, 36.794768 ], [ 127.151013, 36.79465 ], [ 127.151112, 36.794629 ], [ 127.151151, 36.794747 ], [ 127.151052, 36.794768 ] ] ] } },
{ "type": "Feature", "properties": { "id": 84496, "model": "building", "type": "3", "accuracy": "92.47", "area": "3105.04", "address": "충청남도 천안시 서북구 쌍용동 494", "region_code": "4413310700", "memo": "" }, "geometry": { "type": "Polygon", "coordinates": [ [ [ 127.124942, 36.794526 ], [ 127.124434, 36.794971 ], [ 127.124189, 36.794791 ], [ 127.124698, 36.794345 ], [ 127.124942, 36.794526 ] ] ] } },
{ "type": "Feature", "properties": { "id": 84497, "model": "building", "type": "2", "accuracy": "89.37", "area": "147.96", "address": "충청남도 천안시 동남구 다가동 27-42", "region_code": "4413111400", "memo": "" }, "geometry": { "type": "Polygon", "coordinates": [ [ [ 127.150274, 36.794646 ], [ 127.150391, 36.794568 ], [ 127.150441, 36.794616 ], [ 127.150324, 36.794694 ], [ 127.150274, 36.794646 ] ] ] } },
{ "type": "Feature", "properties": { "id": 84500, "model": "building", "type": "3", "accuracy": "84.75", "area": "917.57", "address": "충청남도 천안시 동남구 구성동 314-17", "region_code": "4413110800", "memo": "" }, "geometry": { "type": "Polygon", "coordinates": [ [ [ 127.159258, 36.794691 ], [ 127.158923, 36.794536 ], [ 127.159018, 36.794403 ], [ 127.159353, 36.794558 ], [ 127.159258, 36.794691 ] ] ] } },
{ "type": "Feature", "properties": { "id": 84502, "model": "building", "type": "3", "accuracy": "96.57", "area": "1663.49", "address": "충청남도 천안시 동남구 용곡동 474-41", "region_code": "4413111500", "memo": "" }, "geometry": { "type": "Polygon", "coordinates": [ [ [ 127.1343, 36.794782 ], [ 127.134028, 36.794545 ], [ 127.134273, 36.794363 ], [ 127.134545, 36.794601 ], [ 127.1343, 36.794782 ] ] ] } },
{ "type": "Feature", "properties": { "id": 84505, "model": "building", "type": "1", "accuracy": "86.58", "area": "582.85", "address": "충청남도 아산시 배방읍 장재리 307-2", "region_code": "4420025331", "memo": "" }, "geometry": { "type": "Polygon", "coordinates": [ [ [ 127.101787, 36.794442 ], [ 127.102136, 36.794509 ], [ 127.102106, 36.794611 ], [ 127.101756, 36.794544 ], [ 127.101787, 36.794442 ] ] ] } },
{ "type": "Feature", "properties": { "id": 84506, "model": "building", "type": "3", "accuracy": "71.96", "area": "332.40", "address": "충청남도 천안시 동남구 신방동 873", "region_code": "4413111600", "memo": "" }, "geometry": { "type": "Polygon", "coordinates": [ [ [ 127.130133, 36.794388 ], [ 127.130334, 36.794385 ], [ 127.130336, 36.794492 ], [ 127.130135, 36.794494 ], [ 127.130133, 36.794388 ] ] ] } },
{ "type": "Feature", "properties": { "id": 84508, "model": "building", "type": "3", "accuracy": "92.68", "area": "434.78", "address": "충청남도 천안시 서북구 쌍용동 449-13", "region_code": "4413310700", "memo": "" }, "geometry": { "type": "Polygon", "coordinates": [ [ [ 127.123248, 36.794467 ], [ 127.123336, 36.794307 ], [ 127.123483, 36.794359 ], [ 127.123394, 36.794519 ], [ 127.123248, 36.794467 ] ] ] } },
{ "type": "Feature", "properties": { "id": 84509, "model": "building", "type": "3", "accuracy": "72.41", "area": "369.39", "address": "충청남도 천안시 서북구 쌍용동 494-42", "region_code": "4413310700", "memo": "" }, "geometry": { "type": "Polygon", "coordinates": [ [ [ 127.124663, 36.794401 ], [ 127.124785, 36.794304 ], [ 127.124906, 36.794403 ], [ 127.124784, 36.7945 ], [ 127.124663, 36.794401 ] ] ] } },
{ "type": "Feature", "properties": { "id": 84510, "model": "building", "type": "3", "accuracy": "80.75", "area": "840.40", "address": "충청남도 천안시 서북구 쌍용동 456", "region_code": "4413310700", "memo": "" }, "geometry": { "type": "Polygon", "coordinates": [ [ [ 127.11936, 36.794421 ], [ 127.119521, 36.794221 ], [ 127.119713, 36.794321 ], [ 127.119552, 36.794521 ], [ 127.11936, 36.794421 ] ] ] } },
{ "type": "Feature", "properties": { "id": 84511, "model": "building", "type": "3", "accuracy": "61.37", "area": "175.87", "address": "충청남도 천안시 동남구 구성동 293-57", "region_code": "4413110800", "memo": "" }, "geometry": { "type": "Polygon", "coordinates": [ [ [ 127.161645, 36.794151 ], [ 127.161638, 36.794259 ], [ 127.161533, 36.794255 ], [ 127.161539, 36.794147 ], [ 127.161645, 36.794151 ] ] ] } },
{ "type": "Feature", "properties": { "id": 84513, "model": "building", "type": "3", "accuracy": "87.08", "area": "217.48", "address": "충청남도 천안시 동남구 구성동 293-19", "region_code": "4413110800", "memo": "" }, "geometry": { "type": "Polygon", "coordinates": [ [ [ 127.160341, 36.794177 ], [ 127.16028, 36.794239 ], [ 127.160141, 36.79415 ], [ 127.160201, 36.794088 ], [ 127.160341, 36.794177 ] ] ] } },
{ "type": "Feature", "properties": { "id": 84517, "model": "building", "type": "1", "accuracy": "91.76", "area": "776.38", "address": "충청남도 아산시 배방읍 장재리 401-1", "region_code": "4420025331", "memo": "" }, "geometry": { "type": "Polygon", "coordinates": [ [ [ 127.101687, 36.794073 ], [ 127.102092, 36.794071 ], [ 127.102093, 36.794195 ], [ 127.101688, 36.794197 ], [ 127.101687, 36.794073 ] ] ] } },
{ "type": "Feature", "properties": { "id": 84518, "model": "building", "type": "3", "accuracy": "83.09", "area": "1397.53", "address": "충청남도 천안시 서북구 쌍용동 456", "region_code": "4413310700", "memo": "" }, "geometry": { "type": "Polygon", "coordinates": [ [ [ 127.118977, 36.79391 ], [ 127.119342, 36.794125 ], [ 127.119196, 36.794286 ], [ 127.118831, 36.794072 ], [ 127.118977, 36.79391 ] ] ] } },
{ "type": "Feature", "properties": { "id": 84519, "model": "building", "type": "3", "accuracy": "82.83", "area": "910.48", "address": "충청남도 천안시 서북구 쌍용동 494-2", "region_code": "4413310700", "memo": "" }, "geometry": { "type": "Polygon", "coordinates": [ [ [ 127.124889, 36.794169 ], [ 127.125085, 36.793873 ], [ 127.125239, 36.793939 ], [ 127.125044, 36.794236 ], [ 127.124889, 36.794169 ] ] ] } },
{ "type": "Feature", "properties": { "id": 84520, "model": "building", "type": "3", "accuracy": "93.6", "area": "231.95", "address": "충청남도 천안시 동남구 구성동 293-42", "region_code": "4413110800", "memo": "" }, "geometry": { "type": "Polygon", "coordinates": [ [ [ 127.160421, 36.79407 ], [ 127.16029, 36.794009 ], [ 127.160351, 36.793923 ], [ 127.160483, 36.793984 ], [ 127.160421, 36.79407 ] ] ] } },
{ "type": "Feature", "properties": { "id": 84521, "model": "building", "type": "3", "accuracy": "78.33", "area": "532.44", "address": "충청남도 천안시 서북구 쌍용동 1361", "region_code": "4413310700", "memo": "" }, "geometry": { "type": "Polygon", "coordinates": [ [ [ 127.123823, 36.794108 ], [ 127.12393, 36.793881 ], [ 127.124063, 36.793921 ], [ 127.123955, 36.794148 ], [ 127.123823, 36.794108 ] ] ] } },
{ "type": "Feature", "properties": { "id": 84522, "model": "building", "type": "3", "accuracy": "66.99", "area": "162.86", "address": "충청남도 천안시 동남구 다가동 27-2", "region_code": "4413111400", "memo": "" }, "geometry": { "type": "Polygon", "coordinates": [ [ [ 127.150601, 36.793929 ], [ 127.150601, 36.794066 ], [ 127.150525, 36.794066 ], [ 127.150525, 36.793929 ], [ 127.150601, 36.793929 ] ] ] } },
{ "type": "Feature", "properties": { "id": 84523, "model": "building", "type": "3", "accuracy": "91.62", "area": "1751.95", "address": "충청남도 천안시 동남구 용곡동 474-41", "region_code": "4413111500", "memo": "" }, "geometry": { "type": "Polygon", "coordinates": [ [ [ 127.134295, 36.794247 ], [ 127.133996, 36.794023 ], [ 127.13423, 36.79382 ], [ 127.13453, 36.794045 ], [ 127.134295, 36.794247 ] ] ] } },
{ "type": "Feature", "properties": { "id": 84524, "model": "building", "type": "3", "accuracy": "79.95", "area": "134.31", "address": "충청남도 천안시 동남구 다가동 27-2", "region_code": "4413111400", "memo": "" }, "geometry": { "type": "Polygon", "coordinates": [ [ [ 127.150268, 36.793906 ], [ 127.150464, 36.794031 ], [ 127.150437, 36.794058 ], [ 127.150241, 36.793933 ], [ 127.150268, 36.793906 ] ] ] } },
{ "type": "Feature", "properties": { "id": 84525, "model": "building", "type": "3", "accuracy": "68.48", "area": "109.22", "address": "충청남도 천안시 서북구 쌍용동 1361", "region_code": "4413310700", "memo": "" }, "geometry": { "type": "Polygon", "coordinates": [ [ [ 127.123677, 36.794007 ], [ 127.123679, 36.793923 ], [ 127.123763, 36.793924 ], [ 127.123761, 36.794009 ], [ 127.123677, 36.794007 ] ] ] } },
{ "type": "Feature", "properties": { "id": 84527, "model": "building", "type": "3", "accuracy": "77.76", "area": "251.53", "address": "충청남도 천안시 서북구 쌍용동 2040", "region_code": "4413310700", "memo": "" }, "geometry": { "type": "Polygon", "coordinates": [ [ [ 127.126659, 36.793806 ], [ 127.126659, 36.793666 ], [ 127.126775, 36.793666 ], [ 127.126775, 36.793806 ], [ 127.126659, 36.793806 ] ] ] } },
{ "type": "Feature", "properties": { "id": 84529, "model": "building", "type": "3", "accuracy": "90.96", "area": "150.60", "address": "충청남도 천안시 동남구 다가동 582", "region_code": "4413111400", "memo": "" }, "geometry": { "type": "Polygon", "coordinates": [ [ [ 127.149873, 36.793527 ], [ 127.150046, 36.793507 ], [ 127.150056, 36.793562 ], [ 127.149883, 36.793582 ], [ 127.149873, 36.793527 ] ] ] } },
{ "type": "Feature", "properties": { "id": 84530, "model": "building", "type": "2", "accuracy": "83.98", "area": "155.07", "address": "충청남도 천안시 동남구 다가동 30-8", "region_code": "4413111400", "memo": "" }, "geometry": { "type": "Polygon", "coordinates": [ [ [ 127.149015, 36.793505 ], [ 127.148954, 36.793601 ], [ 127.148872, 36.793567 ], [ 127.148933, 36.793471 ], [ 127.149015, 36.793505 ] ] ] } },
{ "type": "Feature", "properties": { "id": 84531, "model": "building", "type": "3", "accuracy": "88.74", "area": "490.38", "address": "충청남도 천안시 동남구 다가동 582", "region_code": "4413111400", "memo": "" }, "geometry": { "type": "Polygon", "coordinates": [ [ [ 127.150306, 36.793549 ], [ 127.150084, 36.793619 ], [ 127.150024, 36.793495 ], [ 127.150246, 36.793425 ], [ 127.150306, 36.793549 ] ] ] } },
{ "type": "Feature", "properties": { "id": 84532, "model": "building", "type": "2", "accuracy": "74.41", "area": "198.69", "address": "충청남도 천안시 동남구 다가동 30-8", "region_code": "4413111400", "memo": "" }, "geometry": { "type": "Polygon", "coordinates": [ [ [ 127.148936, 36.793514 ], [ 127.148777, 36.793522 ], [ 127.14877, 36.793442 ], [ 127.14893, 36.793434 ], [ 127.148936, 36.793514 ] ] ] } },
{ "type": "Feature", "properties": { "id": 84533, "model": "building", "type": "3", "accuracy": "96.27", "area": "1906.46", "address": "충청남도 천안시 동남구 용곡동 462-77", "region_code": "4413111500", "memo": "" }, "geometry": { "type": "Polygon", "coordinates": [ [ [ 127.134331, 36.793749 ], [ 127.13405, 36.79352 ], [ 127.134324, 36.793304 ], [ 127.134604, 36.793533 ], [ 127.134331, 36.793749 ] ] ] } },
{ "type": "Feature", "properties": { "id": 84534, "model": "building", "type": "3", "accuracy": "94.94", "area": "2684.41", "address": "충청남도 천안시 동남구 다가동 582", "region_code": "4413111400", "memo": "" }, "geometry": { "type": "Polygon", "coordinates": [ [ [ 127.149185, 36.793401 ], [ 127.149476, 36.793182 ], [ 127.149847, 36.793499 ], [ 127.149556, 36.793719 ], [ 127.149185, 36.793401 ] ] ] } },
{ "type": "Feature", "properties": { "id": 84535, "model": "building", "type": "1", "accuracy": "74.42", "area": "292.81", "address": "충청남도 아산시 배방읍 장재리 335-2", "region_code": "4420025331", "memo": "" }, "geometry": { "type": "Polygon", "coordinates": [ [ [ 127.103035, 36.793431 ], [ 127.102853, 36.793398 ], [ 127.10288, 36.793299 ], [ 127.103062, 36.793332 ], [ 127.103035, 36.793431 ] ] ] } },
{ "type": "Feature", "properties": { "id": 84536, "model": "building", "type": "3", "accuracy": "93.46", "area": "318.54", "address": "충청남도 천안시 동남구 구성동 130-2", "region_code": "4413110800", "memo": "" }, "geometry": { "type": "Polygon", "coordinates": [ [ [ 127.174078, 36.793213 ], [ 127.174325, 36.793256 ], [ 127.174304, 36.793336 ], [ 127.174057, 36.793293 ], [ 127.174078, 36.793213 ] ] ] } },
{ "type": "Feature", "properties": { "id": 84538, "model": "building", "type": "3", "accuracy": "96.44", "area": "2947.27", "address": "충청남도 천안시 동남구 다가동 582", "region_code": "4413111400", "memo": "" }, "geometry": { "type": "Polygon", "coordinates": [ [ [ 127.148792, 36.793567 ], [ 127.148325, 36.793265 ], [ 127.148572, 36.793017 ], [ 127.14904, 36.79332 ], [ 127.148792, 36.793567 ] ] ] } },
{ "type": "Feature", "properties": { "id": 84544, "model": "building", "type": "2", "accuracy": "94.7", "area": "712.82", "address": "충청남도 천안시 동남구 다가동 585", "region_code": "4413111400", "memo": "" }, "geometry": { "type": "Polygon", "coordinates": [ [ [ 127.148062, 36.793285 ], [ 127.148048, 36.792876 ], [ 127.14816, 36.792873 ], [ 127.148174, 36.793282 ], [ 127.148062, 36.793285 ] ] ] } },
{ "type": "Feature", "properties": { "id": 84545, "model": "building", "type": "3", "accuracy": "71.16", "area": "959.49", "address": "충청남도 천안시 동남구 용곡동 474-50", "region_code": "4413111500", "memo": "" }, "geometry": { "type": "Polygon", "coordinates": [ [ [ 127.1337, 36.792986 ], [ 127.133433, 36.793248 ], [ 127.133292, 36.793155 ], [ 127.133559, 36.792892 ], [ 127.1337, 36.792986 ] ] ] } },
{ "type": "Feature", "properties": { "id": 84546, "model": "building", "type": "1", "accuracy": "81.62", "area": "506.23", "address": "충청남도 천안시 동남구 용곡동 315-1", "region_code": "4413111500", "memo": "" }, "geometry": { "type": "Polygon", "coordinates": [ [ [ 127.141553, 36.792868 ], [ 127.141806, 36.793055 ], [ 127.141726, 36.793125 ], [ 127.141473, 36.792938 ], [ 127.141553, 36.792868 ] ] ] } },
{ "type": "Feature", "properties": { "id": 84548, "model": "building", "type": "3", "accuracy": "92.74", "area": "714.93", "address": "충청남도 천안시 동남구 신방동 3", "region_code": "4413111600", "memo": "" }, "geometry": { "type": "Polygon", "coordinates": [ [ [ 127.127625, 36.792977 ], [ 127.127871, 36.792791 ], [ 127.127988, 36.792891 ], [ 127.127742, 36.793077 ], [ 127.127625, 36.792977 ] ] ] } },
{ "type": "Feature", "properties": { "id": 84549, "model": "building", "type": "3", "accuracy": "96.26", "area": "1042.15", "address": "충청남도 천안시 동남구 다가동 582", "region_code": "4413111400", "memo": "" }, "geometry": { "type": "Polygon", "coordinates": [ [ [ 127.149276, 36.793001 ], [ 127.149632, 36.792732 ], [ 127.149749, 36.792833 ], [ 127.149393, 36.793101 ], [ 127.149276, 36.793001 ] ] ] } },
{ "type": "Feature", "properties": { "id": 84551, "model": "building", "type": "3", "accuracy": "78.59", "area": "161.70", "address": "충청남도 천안시 동남구 구성동 388-71", "region_code": "4413110800", "memo": "" }, "geometry": { "type": "Polygon", "coordinates": [ [ [ 127.158938, 36.792808 ], [ 127.158962, 36.792715 ], [ 127.15907, 36.792733 ], [ 127.159046, 36.792826 ], [ 127.158938, 36.792808 ] ] ] } },
{ "type": "Feature", "properties": { "id": 84552, "model": "building", "type": "3", "accuracy": "94.8", "area": "1989.76", "address": "충청남도 천안시 동남구 다가동 582", "region_code": "4413111400", "memo": "" }, "geometry": { "type": "Polygon", "coordinates": [ [ [ 127.148828, 36.792822 ], [ 127.148628, 36.793013 ], [ 127.148235, 36.792747 ], [ 127.148435, 36.792556 ], [ 127.148828, 36.792822 ] ] ] } },
{ "type": "Feature", "properties": { "id": 84553, "model": "building", "type": "3", "accuracy": "88.39", "area": "1136.42", "address": "충청남도 천안시 동남구 용곡동 474-19", "region_code": "4413111500", "memo": "" }, "geometry": { "type": "Polygon", "coordinates": [ [ [ 127.134588, 36.792696 ], [ 127.134306, 36.792949 ], [ 127.134145, 36.792834 ], [ 127.134427, 36.79258 ], [ 127.134588, 36.792696 ] ] ] } },
{ "type": "Feature", "properties": { "id": 84555, "model": "building", "type": "3", "accuracy": "80.83", "area": "581.89", "address": "충청남도 천안시 동남구 신방동 1-11", "region_code": "4413111600", "memo": "" }, "geometry": { "type": "Polygon", "coordinates": [ [ [ 127.128034, 36.792778 ], [ 127.127997, 36.792578 ], [ 127.128181, 36.792556 ], [ 127.128218, 36.792757 ], [ 127.128034, 36.792778 ] ] ] } },
{ "type": "Feature", "properties": { "id": 84556, "model": "building", "type": "1", "accuracy": "84.3", "area": "544.26", "address": "충청남도 천안시 동남구 용곡동 474-19", "region_code": "4413111500", "memo": "" }, "geometry": { "type": "Polygon", "coordinates": [ [ [ 127.134308, 36.792576 ], [ 127.134112, 36.792718 ], [ 127.134001, 36.792619 ], [ 127.134197, 36.792477 ], [ 127.134308, 36.792576 ] ] ] } },
{ "type": "Feature", "properties": { "id": 84558, "model": "building", "type": "2", "accuracy": "91.38", "area": "143.58", "address": "충청남도 천안시 동남구 용곡동 47-22", "region_code": "4413111500", "memo": "" }, "geometry": { "type": "Polygon", "coordinates": [ [ [ 127.146528, 36.792531 ], [ 127.146498, 36.792623 ], [ 127.146403, 36.792603 ], [ 127.146433, 36.792511 ], [ 127.146528, 36.792531 ] ] ] } },
{ "type": "Feature", "properties": { "id": 84559, "model": "building", "type": "3", "accuracy": "85.15", "area": "98.18", "address": "충청남도 아산시 배방읍 장재리 273-9", "region_code": "4420025331", "memo": "" }, "geometry": { "type": "Polygon", "coordinates": [ [ [ 127.1054, 36.792637 ], [ 127.105408, 36.792548 ], [ 127.105479, 36.792552 ], [ 127.105471, 36.792641 ], [ 127.1054, 36.792637 ] ] ] } },
{ "type": "Feature", "properties": { "id": 84560, "model": "building", "type": "3", "accuracy": "72.58", "area": "194.35", "address": "충청남도 천안시 동남구 신방동 874", "region_code": "4413111600", "memo": "" }, "geometry": { "type": "Polygon", "coordinates": [ [ [ 127.130754, 36.792467 ], [ 127.130881, 36.792468 ], [ 127.13088, 36.792566 ], [ 127.130752, 36.792565 ], [ 127.130754, 36.792467 ] ] ] } },
{ "type": "Feature", "properties": { "id": 84561, "model": "building", "type": "3", "accuracy": "73.8", "area": "216.17", "address": "충청남도 천안시 동남구 구성동 273-33", "region_code": "4413110800", "memo": "" }, "geometry": { "type": "Polygon", "coordinates": [ [ [ 127.168899, 36.792534 ], [ 127.168803, 36.79246 ], [ 127.168892, 36.792384 ], [ 127.168989, 36.792458 ], [ 127.168899, 36.792534 ] ] ] } },
{ "type": "Feature", "properties": { "id": 84562, "model": "building", "type": "3", "accuracy": "77.4", "area": "442.00", "address": "충청남도 천안시 서북구 쌍용동 1363-1", "region_code": "4413310700", "memo": "" }, "geometry": { "type": "Polygon", "coordinates": [ [ [ 127.125269, 36.792564 ], [ 127.125371, 36.792377 ], [ 127.125499, 36.792423 ], [ 127.125397, 36.79261 ], [ 127.125269, 36.792564 ] ] ] } },
{ "type": "Feature", "properties": { "id": 84563, "model": "building", "type": "3", "accuracy": "88.91", "area": "1577.70", "address": "충청남도 천안시 동남구 용곡동 320-3", "region_code": "4413111500", "memo": "" }, "geometry": { "type": "Polygon", "coordinates": [ [ [ 127.145515, 36.79231 ], [ 127.145149, 36.792692 ], [ 127.144981, 36.792588 ], [ 127.145347, 36.792206 ], [ 127.145515, 36.79231 ] ] ] } },
{ "type": "Feature", "properties": { "id": 84564, "model": "building", "type": "1", "accuracy": "79.83", "area": "225.48", "address": "충청남도 천안시 서북구 쌍용동 1564", "region_code": "4413310700", "memo": "" }, "geometry": { "type": "Polygon", "coordinates": [ [ [ 127.11802, 36.792439 ], [ 127.118248, 36.792467 ], [ 127.118236, 36.792529 ], [ 127.118009, 36.792501 ], [ 127.11802, 36.792439 ] ] ] } },
{ "type": "Feature", "properties": { "id": 84567, "model": "building", "type": "3", "accuracy": "75.32", "area": "340.37", "address": "충청남도 천안시 서북구 쌍용동 395-38", "region_code": "4413310700", "memo": "" }, "geometry": { "type": "Polygon", "coordinates": [ [ [ 127.125961, 36.792454 ], [ 127.126142, 36.792346 ], [ 127.126214, 36.792425 ], [ 127.126033, 36.792532 ], [ 127.125961, 36.792454 ] ] ] } },
{ "type": "Feature", "properties": { "id": 84569, "model": "building", "type": "3", "accuracy": "96.58", "area": "1961.97", "address": "충청남도 천안시 동남구 다가동 582", "region_code": "4413111400", "memo": "" }, "geometry": { "type": "Polygon", "coordinates": [ [ [ 127.149544, 36.792421 ], [ 127.149328, 36.792601 ], [ 127.148963, 36.792318 ], [ 127.149179, 36.792138 ], [ 127.149544, 36.792421 ] ] ] } },
{ "type": "Feature", "properties": { "id": 84570, "model": "building", "type": "3", "accuracy": "77.36", "area": "578.20", "address": "충청남도 천안시 동남구 청수동 206-2", "region_code": "4413110900", "memo": "" }, "geometry": { "type": "Polygon", "coordinates": [ [ [ 127.156415, 36.792326 ], [ 127.156247, 36.792427 ], [ 127.156115, 36.792285 ], [ 127.156284, 36.792184 ], [ 127.156415, 36.792326 ] ] ] } },
{ "type": "Feature", "properties": { "id": 84571, "model": "building", "type": "3", "accuracy": "94.74", "area": "1231.93", "address": "충청남도 천안시 동남구 용곡동 474-18", "region_code": "4413111500", "memo": "" }, "geometry": { "type": "Polygon", "coordinates": [ [ [ 127.134615, 36.792342 ], [ 127.134373, 36.792539 ], [ 127.134168, 36.792377 ], [ 127.13441, 36.79218 ], [ 127.134615, 36.792342 ] ] ] } },
{ "type": "Feature", "properties": { "id": 84572, "model": "building", "type": "3", "accuracy": "80.9", "area": "248.56", "address": "충청남도 천안시 동남구 다가동 582", "region_code": "4413111400", "memo": "" }, "geometry": { "type": "Polygon", "coordinates": [ [ [ 127.149693, 36.792339 ], [ 127.149601, 36.792204 ], [ 127.149692, 36.792164 ], [ 127.149784, 36.792299 ], [ 127.149693, 36.792339 ] ] ] } },
{ "type": "Feature", "properties": { "id": 84573, "model": "building", "type": "3", "accuracy": "56.72", "area": "343.64", "address": "충청남도 천안시 서북구 쌍용동 434-6", "region_code": "4413310700", "memo": "" }, "geometry": { "type": "Polygon", "coordinates": [ [ [ 127.12207, 36.792312 ], [ 127.122261, 36.792207 ], [ 127.122328, 36.792286 ], [ 127.122137, 36.792391 ], [ 127.12207, 36.792312 ] ] ] } },
{ "type": "Feature", "properties": { "id": 84574, "model": "building", "type": "3", "accuracy": "90.23", "area": "1858.40", "address": "충청남도 천안시 동남구 다가동 582", "region_code": "4413111400", "memo": "" }, "geometry": { "type": "Polygon", "coordinates": [ [ [ 127.148802, 36.792266 ], [ 127.148604, 36.792444 ], [ 127.148229, 36.792175 ], [ 127.148426, 36.791997 ], [ 127.148802, 36.792266 ] ] ] } },
{ "type": "Feature", "properties": { "id": 84575, "model": "building", "type": "1", "accuracy": "76.97", "area": "522.77", "address": "충청남도 천안시 동남구 용곡동 474-53", "region_code": "4413111500", "memo": "" }, "geometry": { "type": "Polygon", "coordinates": [ [ [ 127.133508, 36.792052 ], [ 127.133739, 36.79222 ], [ 127.133649, 36.7923 ], [ 127.133417, 36.792133 ], [ 127.133508, 36.792052 ] ] ] } },
{ "type": "Feature", "properties": { "id": 84576, "model": "building", "type": "3", "accuracy": "93.51", "area": "742.57", "address": "충청남도 천안시 서북구 쌍용동 1363-1", "region_code": "4413310700", "memo": "" }, "geometry": { "type": "Polygon", "coordinates": [ [ [ 127.124489, 36.792297 ], [ 127.124599, 36.791965 ], [ 127.124734, 36.791994 ], [ 127.124624, 36.792326 ], [ 127.124489, 36.792297 ] ] ] } },
{ "type": "Feature", "properties": { "id": 84578, "model": "building", "type": "3", "accuracy": "87.74", "area": "466.18", "address": "충청남도 천안시 동남구 구성동 188-8", "region_code": "4413110800", "memo": "" }, "geometry": { "type": "Polygon", "coordinates": [ [ [ 127.171637, 36.79214 ], [ 127.171418, 36.792022 ], [ 127.171497, 36.791927 ], [ 127.171716, 36.792046 ], [ 127.171637, 36.79214 ] ] ] } },
{ "type": "Feature", "properties": { "id": 84580, "model": "building", "type": "3", "accuracy": "83.06", "area": "523.28", "address": "충청남도 천안시 동남구 다가동 582", "region_code": "4413111400", "memo": "" }, "geometry": { "type": "Polygon", "coordinates": [ [ [ 127.149355, 36.792074 ], [ 127.149118, 36.792028 ], [ 127.149159, 36.791893 ], [ 127.149396, 36.79194 ], [ 127.149355, 36.792074 ] ] ] } },
{ "type": "Feature", "properties": { "id": 84582, "model": "building", "type": "1", "accuracy": "94.02", "area": "2016.92", "address": "충청남도 천안시 동남구 용곡동 474-18", "region_code": "4413111500", "memo": "" }, "geometry": { "type": "Polygon", "coordinates": [ [ [ 127.13471, 36.791911 ], [ 127.134411, 36.79217 ], [ 127.134141, 36.791968 ], [ 127.13444, 36.791709 ], [ 127.13471, 36.791911 ] ] ] } },
{ "type": "Feature", "properties": { "id": 84584, "model": "building", "type": "1", "accuracy": "93.14", "area": "1658.29", "address": "충청남도 천안시 동남구 용곡동 474-63", "region_code": "4413111500", "memo": "" }, "geometry": { "type": "Polygon", "coordinates": [ [ [ 127.133509, 36.791629 ], [ 127.133765, 36.791839 ], [ 127.133504, 36.792044 ], [ 127.133249, 36.791834 ], [ 127.133509, 36.791629 ] ] ] } },
{ "type": "Feature", "properties": { "id": 84585, "model": "building", "type": "3", "accuracy": "95.3", "area": "741.42", "address": "충청남도 천안시 동남구 다가동 582", "region_code": "4413111400", "memo": "" }, "geometry": { "type": "Polygon", "coordinates": [ [ [ 127.149087, 36.791943 ], [ 127.148847, 36.791745 ], [ 127.148971, 36.791648 ], [ 127.149211, 36.791846 ], [ 127.149087, 36.791943 ] ] ] } },
{ "type": "Feature", "properties": { "id": 84586, "model": "building", "type": "3", "accuracy": "63.03", "area": "234.53", "address": "충청남도 천안시 동남구 용곡동 474-63", "region_code": "4413111500", "memo": "" }, "geometry": { "type": "Polygon", "coordinates": [ [ [ 127.133111, 36.791659 ], [ 127.133192, 36.791811 ], [ 127.133108, 36.79184 ], [ 127.133027, 36.791687 ], [ 127.133111, 36.791659 ] ] ] } },
{ "type": "Feature", "properties": { "id": 84587, "model": "building", "type": "3", "accuracy": "82.4", "area": "148.55", "address": "충청남도 천안시 동남구 다가동 582", "region_code": "4413111400", "memo": "" }, "geometry": { "type": "Polygon", "coordinates": [ [ [ 127.149335, 36.791652 ], [ 127.149396, 36.791721 ], [ 127.149303, 36.791774 ], [ 127.149242, 36.791705 ], [ 127.149335, 36.791652 ] ] ] } },
{ "type": "Feature", "properties": { "id": 84588, "model": "building", "type": "1", "accuracy": "93.21", "area": "388.85", "address": "충청남도 천안시 동남구 용곡동 474-63", "region_code": "4413111500", "memo": "" }, "geometry": { "type": "Polygon", "coordinates": [ [ [ 127.13334, 36.791629 ], [ 127.133339, 36.791783 ], [ 127.133177, 36.791783 ], [ 127.133178, 36.791628 ], [ 127.13334, 36.791629 ] ] ] } },
{ "type": "Feature", "properties": { "id": 84589, "model": "building", "type": "3", "accuracy": "71.3", "area": "356.06", "address": "충청남도 천안시 동남구 청수동 423", "region_code": "4413110900", "memo": "" }, "geometry": { "type": "Polygon", "coordinates": [ [ [ 127.159599, 36.791605 ], [ 127.159341, 36.791767 ], [ 127.159287, 36.791711 ], [ 127.159546, 36.79155 ], [ 127.159599, 36.791605 ] ] ] } },
{ "type": "Feature", "properties": { "id": 84590, "model": "building", "type": "1", "accuracy": "70.79", "area": "361.79", "address": "충청남도 천안시 동남구 용곡동 474-18", "region_code": "4413111500", "memo": "" }, "geometry": { "type": "Polygon", "coordinates": [ [ [ 127.135008, 36.791698 ], [ 127.134779, 36.791706 ], [ 127.134774, 36.791603 ], [ 127.135003, 36.791596 ], [ 127.135008, 36.791698 ] ] ] } },
{ "type": "Feature", "properties": { "id": 84591, "model": "building", "type": "3", "accuracy": "94.93", "area": "2346.89", "address": "충청남도 천안시 동남구 다가동 582", "region_code": "4413111400", "memo": "" }, "geometry": { "type": "Polygon", "coordinates": [ [ [ 127.148559, 36.791932 ], [ 127.148151, 36.791614 ], [ 127.148383, 36.791423 ], [ 127.14879, 36.791741 ], [ 127.148559, 36.791932 ] ] ] } },
{ "type": "Feature", "properties": { "id": 84592, "model": "building", "type": "1", "accuracy": "86.05", "area": "270.50", "address": "충청남도 천안시 동남구 용곡동 474-18", "region_code": "4413111500", "memo": "" }, "geometry": { "type": "Polygon", "coordinates": [ [ [ 127.134591, 36.791728 ], [ 127.134591, 36.791547 ], [ 127.134687, 36.791547 ], [ 127.134688, 36.791728 ], [ 127.134591, 36.791728 ] ] ] } },
{ "type": "Feature", "properties": { "id": 84593, "model": "building", "type": "2", "accuracy": "76.95", "area": "180.62", "address": "충청남도 천안시 동남구 용곡동 474-63", "region_code": "4413111500", "memo": "" }, "geometry": { "type": "Polygon", "coordinates": [ [ [ 127.133142, 36.791567 ], [ 127.133136, 36.791679 ], [ 127.133032, 36.791676 ], [ 127.133038, 36.791563 ], [ 127.133142, 36.791567 ] ] ] } },
{ "type": "Feature", "properties": { "id": 84594, "model": "building", "type": "3", "accuracy": "89.21", "area": "187.47", "address": "충청남도 천안시 동남구 구성동 301-7", "region_code": "4413110800", "memo": "" }, "geometry": { "type": "Polygon", "coordinates": [ [ [ 127.161982, 36.791553 ], [ 127.16209, 36.791491 ], [ 127.162156, 36.791565 ], [ 127.162048, 36.791627 ], [ 127.161982, 36.791553 ] ] ] } },
{ "type": "Feature", "properties": { "id": 84595, "model": "building", "type": "3", "accuracy": "77.35", "area": "424.22", "address": "충청남도 천안시 동남구 용곡동 474-18", "region_code": "4413111500", "memo": "" }, "geometry": { "type": "Polygon", "coordinates": [ [ [ 127.13492, 36.791518 ], [ 127.13492, 36.791636 ], [ 127.134688, 36.791636 ], [ 127.134687, 36.791518 ], [ 127.13492, 36.791518 ] ] ] } },
{ "type": "Feature", "properties": { "id": 84598, "model": "building", "type": "3", "accuracy": "85.17", "area": "521.00", "address": "충청남도 천안시 서북구 쌍용동 2041", "region_code": "4413310700", "memo": "" }, "geometry": { "type": "Polygon", "coordinates": [ [ [ 127.124829, 36.791528 ], [ 127.12452, 36.791597 ], [ 127.124485, 36.791496 ], [ 127.124794, 36.791427 ], [ 127.124829, 36.791528 ] ] ] } },
{ "type": "Feature", "properties": { "id": 84599, "model": "building", "type": "1", "accuracy": "95.8", "area": "3048.27", "address": "충청남도 천안시 동남구 용곡동 474-18", "region_code": "4413111500", "memo": "" }, "geometry": { "type": "Polygon", "coordinates": [ [ [ 127.134077, 36.791323 ], [ 127.134683, 36.791088 ], [ 127.134842, 36.791351 ], [ 127.134235, 36.791587 ], [ 127.134077, 36.791323 ] ] ] } },
{ "type": "Feature", "properties": { "id": 84600, "model": "building", "type": "1", "accuracy": "93.83", "area": "2306.44", "address": "충청남도 천안시 동남구 용곡동 474-58", "region_code": "4413111500", "memo": "" }, "geometry": { "type": "Polygon", "coordinates": [ [ [ 127.133484, 36.791616 ], [ 127.133225, 36.791398 ], [ 127.133582, 36.791123 ], [ 127.133841, 36.791341 ], [ 127.133484, 36.791616 ] ] ] } },
{ "type": "Feature", "properties": { "id": 84601, "model": "building", "type": "3", "accuracy": "66.87", "area": "149.22", "address": "충청남도 천안시 동남구 용곡동 582", "region_code": "4413111500", "memo": "" }, "geometry": { "type": "Polygon", "coordinates": [ [ [ 127.135512, 36.791333 ], [ 127.135613, 36.791248 ], [ 127.135672, 36.791294 ], [ 127.135571, 36.791379 ], [ 127.135512, 36.791333 ] ] ] } },
{ "type": "Feature", "properties": { "id": 84604, "model": "building", "type": "2", "accuracy": "97.97", "area": "344.10", "address": "충청남도 천안시 동남구 구성동 172-1", "region_code": "4413110800", "memo": "" }, "geometry": { "type": "Polygon", "coordinates": [ [ [ 127.169398, 36.791146 ], [ 127.16957, 36.791171 ], [ 127.169542, 36.791296 ], [ 127.16937, 36.791271 ], [ 127.169398, 36.791146 ] ] ] } },
{ "type": "Feature", "properties": { "id": 84605, "model": "building", "type": "1", "accuracy": "81.62", "area": "735.18", "address": "충청남도 천안시 동남구 용곡동 474-18", "region_code": "4413111500", "memo": "" }, "geometry": { "type": "Polygon", "coordinates": [ [ [ 127.135202, 36.791198 ], [ 127.135115, 36.791402 ], [ 127.134907, 36.791345 ], [ 127.134994, 36.79114 ], [ 127.135202, 36.791198 ] ] ] } },
{ "type": "Feature", "properties": { "id": 84606, "model": "building", "type": "3", "accuracy": "74.21", "area": "367.30", "address": "충청남도 천안시 서북구 쌍용동 2044", "region_code": "4413310700", "memo": "" }, "geometry": { "type": "Polygon", "coordinates": [ [ [ 127.124079, 36.791252 ], [ 127.123884, 36.791315 ], [ 127.123831, 36.791211 ], [ 127.124027, 36.791148 ], [ 127.124079, 36.791252 ] ] ] } },
{ "type": "Feature", "properties": { "id": 84608, "model": "building", "type": "3", "accuracy": "69.92", "area": "160.52", "address": "충청남도 천안시 동남구 용곡동 582", "region_code": "4413111500", "memo": "" }, "geometry": { "type": "Polygon", "coordinates": [ [ [ 127.135622, 36.791238 ], [ 127.135746, 36.791126 ], [ 127.135798, 36.791162 ], [ 127.135674, 36.791275 ], [ 127.135622, 36.791238 ] ] ] } },
{ "type": "Feature", "properties": { "id": 84609, "model": "building", "type": "3", "accuracy": "67.3", "area": "1585.78", "address": "충청남도 천안시 동남구 용곡동 474-18", "region_code": "4413111500", "memo": "" }, "geometry": { "type": "Polygon", "coordinates": [ [ [ 127.135244, 36.790997 ], [ 127.135538, 36.791244 ], [ 127.135322, 36.791411 ], [ 127.135028, 36.791164 ], [ 127.135244, 36.790997 ] ] ] } },
{ "type": "Feature", "properties": { "id": 84610, "model": "building", "type": "3", "accuracy": "89.45", "area": "546.10", "address": "충청남도 천안시 동남구 구성동 157-5", "region_code": "4413110800", "memo": "" }, "geometry": { "type": "Polygon", "coordinates": [ [ [ 127.173601, 36.791003 ], [ 127.173759, 36.791142 ], [ 127.173621, 36.791244 ], [ 127.173463, 36.791105 ], [ 127.173601, 36.791003 ] ] ] } },
{ "type": "Feature", "properties": { "id": 84611, "model": "building", "type": "3", "accuracy": "76.51", "area": "1209.48", "address": "충청남도 천안시 동남구 용곡동 238-1", "region_code": "4413111500", "memo": "" }, "geometry": { "type": "Polygon", "coordinates": [ [ [ 127.138009, 36.79101 ], [ 127.138281, 36.791156 ], [ 127.138116, 36.791355 ], [ 127.137844, 36.791209 ], [ 127.138009, 36.79101 ] ] ] } },
{ "type": "Feature", "properties": { "id": 84612, "model": "building", "type": "3", "accuracy": "77.8", "area": "433.20", "address": "충청남도 천안시 동남구 청수동 183", "region_code": "4413110900", "memo": "" }, "geometry": { "type": "Polygon", "coordinates": [ [ [ 127.153638, 36.791271 ], [ 127.153548, 36.791075 ], [ 127.153674, 36.791038 ], [ 127.153764, 36.791234 ], [ 127.153638, 36.791271 ] ] ] } },
{ "type": "Feature", "properties": { "id": 84613, "model": "building", "type": "3", "accuracy": "79.87", "area": "3180.35", "address": "충청남도 아산시 배방읍 장재리 1734", "region_code": "4420025331", "memo": "" }, "geometry": { "type": "Polygon", "coordinates": [ [ [ 127.103988, 36.790981 ], [ 127.103989, 36.791438 ], [ 127.103538, 36.791438 ], [ 127.103538, 36.790982 ], [ 127.103988, 36.790981 ] ] ] } },
{ "type": "Feature", "properties": { "id": 84615, "model": "building", "type": "1", "accuracy": "83.64", "area": "265.03", "address": "충청남도 천안시 동남구 용곡동 474-18", "region_code": "4413111500", "memo": "" }, "geometry": { "type": "Polygon", "coordinates": [ [ [ 127.135157, 36.791005 ], [ 127.135363, 36.791005 ], [ 127.135363, 36.791088 ], [ 127.135157, 36.791088 ], [ 127.135157, 36.791005 ] ] ] } },
{ "type": "Feature", "properties": { "id": 84616, "model": "building", "type": "2", "accuracy": "94.72", "area": "539.38", "address": "충청남도 천안시 동남구 다가동 586", "region_code": "4413111400", "memo": "" }, "geometry": { "type": "Polygon", "coordinates": [ [ [ 127.147921, 36.791193 ], [ 127.147872, 36.790888 ], [ 127.147984, 36.790876 ], [ 127.148033, 36.791181 ], [ 127.147921, 36.791193 ] ] ] } },
{ "type": "Feature", "properties": { "id": 84618, "model": "building", "type": "1", "accuracy": "88.88", "area": "195.17", "address": "충청남도 천안시 동남구 구성동 157-5", "region_code": "4413110800", "memo": "" }, "geometry": { "type": "Polygon", "coordinates": [ [ [ 127.173368, 36.791038 ], [ 127.173338, 36.790928 ], [ 127.173448, 36.790909 ], [ 127.173478, 36.791018 ], [ 127.173368, 36.791038 ] ] ] } },
{ "type": "Feature", "properties": { "id": 84619, "model": "building", "type": "3", "accuracy": "80.71", "area": "129.30", "address": "충청남도 천안시 동남구 다가동 582", "region_code": "4413111400", "memo": "" }, "geometry": { "type": "Polygon", "coordinates": [ [ [ 127.148249, 36.791012 ], [ 127.148156, 36.791075 ], [ 127.148101, 36.791022 ], [ 127.148194, 36.790959 ], [ 127.148249, 36.791012 ] ] ] } },
{ "type": "Feature", "properties": { "id": 84620, "model": "building", "type": "3", "accuracy": "88.82", "area": "759.42", "address": "충청남도 천안시 서북구 쌍용동 2045", "region_code": "4413310700", "memo": "" }, "geometry": { "type": "Polygon", "coordinates": [ [ [ 127.121675, 36.791059 ], [ 127.121381, 36.791147 ], [ 127.121313, 36.791001 ], [ 127.121607, 36.790913 ], [ 127.121675, 36.791059 ] ] ] } },
{ "type": "Feature", "properties": { "id": 84621, "model": "building", "type": "3", "accuracy": "84.15", "area": "134.87", "address": "충청남도 천안시 서북구 쌍용동 2044", "region_code": "4413310700", "memo": "" }, "geometry": { "type": "Polygon", "coordinates": [ [ [ 127.124825, 36.791021 ], [ 127.124678, 36.791021 ], [ 127.124678, 36.790961 ], [ 127.124825, 36.790961 ], [ 127.124825, 36.791021 ] ] ] } },
{ "type": "Feature", "properties": { "id": 84622, "model": "building", "type": "3", "accuracy": "78.71", "area": "272.77", "address": "충청남도 천안시 서북구 쌍용동 1655", "region_code": "4413310700", "memo": "" }, "geometry": { "type": "Polygon", "coordinates": [ [ [ 127.11695, 36.790894 ], [ 127.116766, 36.790974 ], [ 127.116716, 36.7909 ], [ 127.116899, 36.790819 ], [ 127.11695, 36.790894 ] ] ] } },
{ "type": "Feature", "properties": { "id": 84623, "model": "building", "type": "1", "accuracy": "84.57", "area": "1293.55", "address": "충청남도 천안시 동남구 용곡동 474-59", "region_code": "4413111500", "memo": "" }, "geometry": { "type": "Polygon", "coordinates": [ [ [ 127.133656, 36.791076 ], [ 127.133395, 36.790852 ], [ 127.133593, 36.790703 ], [ 127.133854, 36.790926 ], [ 127.133656, 36.791076 ] ] ] } },
{ "type": "Feature", "properties": { "id": 84625, "model": "building", "type": "3", "accuracy": "76.76", "area": "280.93", "address": "충청남도 천안시 동남구 용곡동 609", "region_code": "4413111500", "memo": "" }, "geometry": { "type": "Polygon", "coordinates": [ [ [ 127.138921, 36.790805 ], [ 127.138954, 36.790678 ], [ 127.139091, 36.790702 ], [ 127.139058, 36.790828 ], [ 127.138921, 36.790805 ] ] ] } },
{ "type": "Feature", "properties": { "id": 84626, "model": "building", "type": "1", "accuracy": "94.17", "area": "1498.91", "address": "충청남도 천안시 동남구 용곡동 226-9", "region_code": "4413111500", "memo": "" }, "geometry": { "type": "Polygon", "coordinates": [ [ [ 127.135494, 36.790622 ], [ 127.135171, 36.790957 ], [ 127.134991, 36.790844 ], [ 127.135314, 36.790509 ], [ 127.135494, 36.790622 ] ] ] } },
{ "type": "Feature", "properties": { "id": 84628, "model": "building", "type": "1", "accuracy": "95.43", "area": "2299.27", "address": "충청남도 천안시 동남구 용곡동 476-4", "region_code": "4413111500", "memo": "" }, "geometry": { "type": "Polygon", "coordinates": [ [ [ 127.134587, 36.790494 ], [ 127.134852, 36.790685 ], [ 127.134505, 36.790996 ], [ 127.13424, 36.790805 ], [ 127.134587, 36.790494 ] ] ] } },
{ "type": "Feature", "properties": { "id": 84629, "model": "building", "type": "3", "accuracy": "75.13", "area": "273.55", "address": "충청남도 천안시 서북구 쌍용동 440-27", "region_code": "4413310700", "memo": "" }, "geometry": { "type": "Polygon", "coordinates": [ [ [ 127.122513, 36.790618 ], [ 127.122768, 36.790617 ], [ 127.122769, 36.790687 ], [ 127.122513, 36.790687 ], [ 127.122513, 36.790618 ] ] ] } },
{ "type": "Feature", "properties": { "id": 84630, "model": "building", "type": "3", "accuracy": "79.77", "area": "599.16", "address": "충청남도 천안시 동남구 용곡동 609", "region_code": "4413111500", "memo": "" }, "geometry": { "type": "Polygon", "coordinates": [ [ [ 127.138818, 36.790546 ], [ 127.139117, 36.790553 ], [ 127.139111, 36.790683 ], [ 127.138813, 36.790675 ], [ 127.138818, 36.790546 ] ] ] } },
{ "type": "Feature", "properties": { "id": 84631, "model": "building", "type": "3", "accuracy": "60.88", "area": "364.39", "address": "충청남도 천안시 서북구 쌍용동 2050", "region_code": "4413310700", "memo": "" }, "geometry": { "type": "Polygon", "coordinates": [ [ [ 127.118437, 36.790649 ], [ 127.118437, 36.790552 ], [ 127.118681, 36.790552 ], [ 127.118681, 36.790648 ], [ 127.118437, 36.790649 ] ] ] } },
{ "type": "Feature", "properties": { "id": 84632, "model": "building", "type": "3", "accuracy": "79.68", "area": "493.93", "address": "충청남도 천안시 동남구 신방동 897", "region_code": "4413111600", "memo": "" }, "geometry": { "type": "Polygon", "coordinates": [ [ [ 127.129287, 36.790447 ], [ 127.129285, 36.790642 ], [ 127.129121, 36.790641 ], [ 127.129122, 36.790447 ], [ 127.129287, 36.790447 ] ] ] } },
{ "type": "Feature", "properties": { "id": 84633, "model": "building", "type": "1", "accuracy": "81.15", "area": "454.87", "address": "충청남도 천안시 동남구 용곡동 476-1", "region_code": "4413111500", "memo": "" }, "geometry": { "type": "Polygon", "coordinates": [ [ [ 127.133756, 36.79062 ], [ 127.133572, 36.790499 ], [ 127.133669, 36.790404 ], [ 127.133853, 36.790525 ], [ 127.133756, 36.79062 ] ] ] } },
{ "type": "Feature", "properties": { "id": 84635, "model": "building", "type": "3", "accuracy": "86.41", "area": "431.70", "address": "충청남도 천안시 동남구 용곡동 236-15", "region_code": "4413111500", "memo": "" }, "geometry": { "type": "Polygon", "coordinates": [ [ [ 127.137451, 36.790417 ], [ 127.137332, 36.790555 ], [ 127.137195, 36.790478 ], [ 127.137315, 36.79034 ], [ 127.137451, 36.790417 ] ] ] } },
{ "type": "Feature", "properties": { "id": 84637, "model": "building", "type": "3", "accuracy": "79.46", "area": "873.66", "address": "충청남도 천안시 서북구 쌍용동 2045", "region_code": "4413310700", "memo": "" }, "geometry": { "type": "Polygon", "coordinates": [ [ [ 127.121991, 36.790399 ], [ 127.121649, 36.790525 ], [ 127.121571, 36.790389 ], [ 127.121914, 36.790263 ], [ 127.121991, 36.790399 ] ] ] } },
{ "type": "Feature", "properties": { "id": 84638, "model": "building", "type": "3", "accuracy": "78.54", "area": "344.93", "address": "충청남도 천안시 동남구 용곡동 231-3", "region_code": "4413111500", "memo": "" }, "geometry": { "type": "Polygon", "coordinates": [ [ [ 127.137837, 36.790335 ], [ 127.137744, 36.790457 ], [ 127.137612, 36.790392 ], [ 127.137705, 36.79027 ], [ 127.137837, 36.790335 ] ] ] } },
{ "type": "Feature", "properties": { "id": 84639, "model": "building", "type": "3", "accuracy": "96.16", "area": "312.96", "address": "충청남도 천안시 서북구 쌍용동 1774", "region_code": "4413310700", "memo": "" }, "geometry": { "type": "Polygon", "coordinates": [ [ [ 127.115548, 36.79026 ], [ 127.115614, 36.790378 ], [ 127.115471, 36.790429 ], [ 127.115405, 36.790311 ], [ 127.115548, 36.79026 ] ] ] } },
{ "type": "Feature", "properties": { "id": 84640, "model": "building", "type": "3", "accuracy": "93.79", "area": "575.03", "address": "충청남도 천안시 동남구 신방동 62-45", "region_code": "4413111600", "memo": "" }, "geometry": { "type": "Polygon", "coordinates": [ [ [ 127.126345, 36.790303 ], [ 127.126714, 36.790229 ], [ 127.126743, 36.790324 ], [ 127.126375, 36.790398 ], [ 127.126345, 36.790303 ] ] ] } },
{ "type": "Feature", "properties": { "id": 84641, "model": "building", "type": "3", "accuracy": "90.68", "area": "474.64", "address": "충청남도 아산시 배방읍 장재리 1733", "region_code": "4420025331", "memo": "" }, "geometry": { "type": "Polygon", "coordinates": [ [ [ 127.102742, 36.790389 ], [ 127.102786, 36.790216 ], [ 127.102956, 36.790244 ], [ 127.102912, 36.790417 ], [ 127.102742, 36.790389 ] ] ] } },
{ "type": "Feature", "properties": { "id": 84642, "model": "building", "type": "1", "accuracy": "82.42", "area": "332.71", "address": "충청남도 천안시 서북구 쌍용동 2044", "region_code": "4413310700", "memo": "" }, "geometry": { "type": "Polygon", "coordinates": [ [ [ 127.125011, 36.790267 ], [ 127.125215, 36.790226 ], [ 127.125246, 36.790324 ], [ 127.125041, 36.790366 ], [ 127.125011, 36.790267 ] ] ] } },
{ "type": "Feature", "properties": { "id": 84644, "model": "building", "type": "3", "accuracy": "74.03", "area": "2136.05", "address": "충청남도 아산시 배방읍 장재리 1733", "region_code": "4420025331", "memo": "" }, "geometry": { "type": "Polygon", "coordinates": [ [ [ 127.103548, 36.790456 ], [ 127.103088, 36.790452 ], [ 127.103092, 36.790151 ], [ 127.103552, 36.790155 ], [ 127.103548, 36.790456 ] ] ] } },
{ "type": "Feature", "properties": { "id": 84645, "model": "building", "type": "1", "accuracy": "81.29", "area": "122.44", "address": "충청남도 아산시 배방읍 장재리 234", "region_code": "4420025331", "memo": "" }, "geometry": { "type": "Polygon", "coordinates": [ [ [ 127.105976, 36.790305 ], [ 127.105875, 36.790288 ], [ 127.105895, 36.790213 ], [ 127.105996, 36.79023 ], [ 127.105976, 36.790305 ] ] ] } },
{ "type": "Feature", "properties": { "id": 84648, "model": "building", "type": "1", "accuracy": "93.44", "area": "1788.30", "address": "충청남도 천안시 동남구 용곡동 476-38", "region_code": "4413111500", "memo": "" }, "geometry": { "type": "Polygon", "coordinates": [ [ [ 127.135101, 36.790081 ], [ 127.134632, 36.79047 ], [ 127.134479, 36.790351 ], [ 127.134948, 36.789961 ], [ 127.135101, 36.790081 ] ] ] } },
{ "type": "Feature", "properties": { "id": 84649, "model": "building", "type": "1", "accuracy": "68.98", "area": "435.95", "address": "충청남도 천안시 동남구 용곡동 476-51", "region_code": "4413111500", "memo": "" }, "geometry": { "type": "Polygon", "coordinates": [ [ [ 127.13407, 36.790121 ], [ 127.134344, 36.790119 ], [ 127.134345, 36.790222 ], [ 127.134071, 36.790223 ], [ 127.13407, 36.790121 ] ] ] } },
{ "type": "Feature", "properties": { "id": 84651, "model": "building", "type": "1", "accuracy": "83.47", "area": "1907.46", "address": "충청남도 아산시 배방읍 장재리 1733", "region_code": "4420025331", "memo": "" }, "geometry": { "type": "Polygon", "coordinates": [ [ [ 127.103536, 36.790259 ], [ 127.102886, 36.79018 ], [ 127.102921, 36.789994 ], [ 127.103571, 36.790074 ], [ 127.103536, 36.790259 ] ] ] } },
{ "type": "Feature", "properties": { "id": 84652, "model": "building", "type": "3", "accuracy": "75.47", "area": "310.62", "address": "충청남도 천안시 동남구 용곡동 476-9", "region_code": "4413111500", "memo": "" }, "geometry": { "type": "Polygon", "coordinates": [ [ [ 127.132784, 36.789971 ], [ 127.133078, 36.789975 ], [ 127.133077, 36.790043 ], [ 127.132782, 36.790039 ], [ 127.132784, 36.789971 ] ] ] } },
{ "type": "Feature", "properties": { "id": 84653, "model": "building", "type": "3", "accuracy": "78.96", "area": "742.33", "address": "충청남도 천안시 서북구 쌍용동 2044", "region_code": "4413310700", "memo": "" }, "geometry": { "type": "Polygon", "coordinates": [ [ [ 127.124419, 36.790044 ], [ 127.124078, 36.790156 ], [ 127.124017, 36.790035 ], [ 127.124358, 36.789924 ], [ 127.124419, 36.790044 ] ] ] } },
{ "type": "Feature", "properties": { "id": 84654, "model": "building", "type": "1", "accuracy": "75.08", "area": "766.21", "address": "충청남도 천안시 동남구 용곡동 476-38", "region_code": "4413111500", "memo": "" }, "geometry": { "type": "Polygon", "coordinates": [ [ [ 127.134508, 36.789839 ], [ 127.134684, 36.789839 ], [ 127.134685, 36.79012 ], [ 127.134509, 36.79012 ], [ 127.134508, 36.789839 ] ] ] } },
{ "type": "Feature", "properties": { "id": 84655, "model": "building", "type": "3", "accuracy": "88.14", "area": "785.57", "address": "충청남도 천안시 동남구 용곡동 476-26", "region_code": "4413111500", "memo": "" }, "geometry": { "type": "Polygon", "coordinates": [ [ [ 127.134201, 36.789994 ], [ 127.133915, 36.789999 ], [ 127.133911, 36.789821 ], [ 127.134196, 36.789817 ], [ 127.134201, 36.789994 ] ] ] } },
{ "type": "Feature", "properties": { "id": 84656, "model": "building", "type": "3", "accuracy": "96.65", "area": "293.26", "address": "충청남도 천안시 서북구 쌍용동 1852", "region_code": "4413310700", "memo": "" }, "geometry": { "type": "Polygon", "coordinates": [ [ [ 127.115877, 36.789909 ], [ 127.115715, 36.789973 ], [ 127.115657, 36.789879 ], [ 127.115818, 36.789815 ], [ 127.115877, 36.789909 ] ] ] } },
{ "type": "Feature", "properties": { "id": 84657, "model": "building", "type": "1", "accuracy": "97.03", "area": "319.88", "address": "충청남도 천안시 동남구 다가동 50-6", "region_code": "4413111400", "memo": "" }, "geometry": { "type": "Polygon", "coordinates": [ [ [ 127.147632, 36.789793 ], [ 127.14784, 36.789765 ], [ 127.14786, 36.789862 ], [ 127.147652, 36.789889 ], [ 127.147632, 36.789793 ] ] ] } },
{ "type": "Feature", "properties": { "id": 84658, "model": "building", "type": "3", "accuracy": "78.72", "area": "712.66", "address": "충청남도 천안시 동남구 용곡동 609", "region_code": "4413111500", "memo": "" }, "geometry": { "type": "Polygon", "coordinates": [ [ [ 127.138998, 36.789695 ], [ 127.139321, 36.789695 ], [ 127.139321, 36.789838 ], [ 127.138999, 36.789838 ], [ 127.138998, 36.789695 ] ] ] } },
{ "type": "Feature", "properties": { "id": 84659, "model": "building", "type": "1", "accuracy": "98.24", "area": "362.52", "address": "충청남도 천안시 동남구 용곡동 294-9", "region_code": "4413111500", "memo": "" }, "geometry": { "type": "Polygon", "coordinates": [ [ [ 127.142327, 36.789874 ], [ 127.142289, 36.78966 ], [ 127.142397, 36.789648 ], [ 127.142434, 36.789862 ], [ 127.142327, 36.789874 ] ] ] } },
{ "type": "Feature", "properties": { "id": 84660, "model": "building", "type": "3", "accuracy": "82.05", "area": "212.90", "address": "충청남도 천안시 동남구 삼룡동 240-8", "region_code": "4413111000", "memo": "" }, "geometry": { "type": "Polygon", "coordinates": [ [ [ 127.165439, 36.789669 ], [ 127.165433, 36.78977 ], [ 127.165297, 36.789765 ], [ 127.165302, 36.789664 ], [ 127.165439, 36.789669 ] ] ] } },
{ "type": "Feature", "properties": { "id": 84661, "model": "building", "type": "1", "accuracy": "98.97", "area": "543.17", "address": "충청남도 천안시 동남구 용곡동 294-9", "region_code": "4413111500", "memo": "" }, "geometry": { "type": "Polygon", "coordinates": [ [ [ 127.142234, 36.789579 ], [ 127.142288, 36.789881 ], [ 127.142175, 36.789894 ], [ 127.14212, 36.789592 ], [ 127.142234, 36.789579 ] ] ] } },
{ "type": "Feature", "properties": { "id": 84662, "model": "building", "type": "3", "accuracy": "64.22", "area": "155.00", "address": "충청남도 아산시 배방읍 장재리 1731", "region_code": "4420025331", "memo": "" }, "geometry": { "type": "Polygon", "coordinates": [ [ [ 127.104442, 36.789805 ], [ 127.1043, 36.789806 ], [ 127.1043, 36.789735 ], [ 127.104442, 36.789735 ], [ 127.104442, 36.789805 ] ] ] } },
{ "type": "Feature", "properties": { "id": 84663, "model": "building", "type": "3", "accuracy": "74.48", "area": "283.09", "address": "충청남도 천안시 서북구 쌍용동 1748", "region_code": "4413310700", "memo": "" }, "geometry": { "type": "Polygon", "coordinates": [ [ [ 127.114435, 36.789793 ], [ 127.114469, 36.789659 ], [ 127.1146, 36.78968 ], [ 127.114566, 36.789815 ], [ 127.114435, 36.789793 ] ] ] } },
{ "type": "Feature", "properties": { "id": 84664, "model": "building", "type": "3", "accuracy": "97.18", "area": "400.39", "address": "충청남도 천안시 동남구 신방동 785-33", "region_code": "4413111600", "memo": "" }, "geometry": { "type": "Polygon", "coordinates": [ [ [ 127.122487, 36.789662 ], [ 127.122321, 36.789729 ], [ 127.122243, 36.789604 ], [ 127.122409, 36.789537 ], [ 127.122487, 36.789662 ] ] ] } },
{ "type": "Feature", "properties": { "id": 84668, "model": "building", "type": "1", "accuracy": "91.53", "area": "480.79", "address": "충청남도 천안시 동남구 신방동 785-48", "region_code": "4413111600", "memo": "" }, "geometry": { "type": "Polygon", "coordinates": [ [ [ 127.12181, 36.789284 ], [ 127.121897, 36.789429 ], [ 127.121723, 36.789497 ], [ 127.121636, 36.789352 ], [ 127.12181, 36.789284 ] ] ] } },
{ "type": "Feature", "properties": { "id": 84670, "model": "building", "type": "3", "accuracy": "78.7", "area": "193.22", "address": "충청남도 천안시 동남구 삼룡동 240-70", "region_code": "4413111000", "memo": "" }, "geometry": { "type": "Polygon", "coordinates": [ [ [ 127.165371, 36.789192 ], [ 127.165448, 36.789322 ], [ 127.16537, 36.789352 ], [ 127.165293, 36.789222 ], [ 127.165371, 36.789192 ] ] ] } },
{ "type": "Feature", "properties": { "id": 84671, "model": "building", "type": "3", "accuracy": "84.17", "area": "310.50", "address": "충청남도 천안시 동남구 삼룡동 232-4", "region_code": "4413111000", "memo": "" }, "geometry": { "type": "Polygon", "coordinates": [ [ [ 127.167752, 36.789167 ], [ 127.16769, 36.789272 ], [ 127.167534, 36.789213 ], [ 127.167597, 36.789108 ], [ 127.167752, 36.789167 ] ] ] } },
{ "type": "Feature", "properties": { "id": 84673, "model": "building", "type": "3", "accuracy": "80.05", "area": "738.02", "address": "충청남도 천안시 동남구 신방동 74-6", "region_code": "4413111600", "memo": "" }, "geometry": { "type": "Polygon", "coordinates": [ [ [ 127.125316, 36.78919 ], [ 127.125099, 36.789258 ], [ 127.125007, 36.789067 ], [ 127.125225, 36.788999 ], [ 127.125316, 36.78919 ] ] ] } },
{ "type": "Feature", "properties": { "id": 84674, "model": "building", "type": "3", "accuracy": "93.27", "area": "243.12", "address": "충청남도 천안시 서북구 쌍용동 1861", "region_code": "4413310700", "memo": "" }, "geometry": { "type": "Polygon", "coordinates": [ [ [ 127.114965, 36.789102 ], [ 127.114827, 36.789047 ], [ 127.114883, 36.788955 ], [ 127.115021, 36.78901 ], [ 127.114965, 36.789102 ] ] ] } },
{ "type": "Feature", "properties": { "id": 84677, "model": "building", "type": "3", "accuracy": "89.07", "area": "1051.25", "address": "충청남도 천안시 동남구 신방동 784-11", "region_code": "4413111600", "memo": "" }, "geometry": { "type": "Polygon", "coordinates": [ [ [ 127.1198, 36.788867 ], [ 127.120118, 36.788722 ], [ 127.120232, 36.788883 ], [ 127.119915, 36.789029 ], [ 127.1198, 36.788867 ] ] ] } },
{ "type": "Feature", "properties": { "id": 84680, "model": "building", "type": "1", "accuracy": "93.77", "area": "428.56", "address": "충청남도 천안시 동남구 삼룡동 241-7", "region_code": "4413111000", "memo": "" }, "geometry": { "type": "Polygon", "coordinates": [ [ [ 127.165357, 36.788583 ], [ 127.165469, 36.78846 ], [ 127.165615, 36.788546 ], [ 127.165503, 36.788669 ], [ 127.165357, 36.788583 ] ] ] } },
{ "type": "Feature", "properties": { "id": 84681, "model": "building", "type": "3", "accuracy": "83.47", "area": "161.84", "address": "충청남도 천안시 서북구 쌍용동 502-8", "region_code": "4413310700", "memo": "" }, "geometry": { "type": "Polygon", "coordinates": [ [ [ 127.11413, 36.788664 ], [ 127.113993, 36.788607 ], [ 127.114032, 36.788547 ], [ 127.114169, 36.788604 ], [ 127.11413, 36.788664 ] ] ] } },
{ "type": "Feature", "properties": { "id": 84683, "model": "building", "type": "1", "accuracy": "72.24", "area": "173.36", "address": "충청남도 천안시 동남구 신방동 74-60", "region_code": "4413111600", "memo": "" }, "geometry": { "type": "Polygon", "coordinates": [ [ [ 127.124245, 36.788608 ], [ 127.124129, 36.788648 ], [ 127.124086, 36.788567 ], [ 127.124202, 36.788527 ], [ 127.124245, 36.788608 ] ] ] } },
{ "type": "Feature", "properties": { "id": 84684, "model": "building", "type": "1", "accuracy": "91.55", "area": "1199.53", "address": "충청남도 천안시 서북구 쌍용동 502-8", "region_code": "4413310700", "memo": "" }, "geometry": { "type": "Polygon", "coordinates": [ [ [ 127.114294, 36.788724 ], [ 127.113883, 36.788566 ], [ 127.113974, 36.788412 ], [ 127.114385, 36.788571 ], [ 127.114294, 36.788724 ] ] ] } },
{ "type": "Feature", "properties": { "id": 84685, "model": "building", "type": "3", "accuracy": "71.35", "area": "209.47", "address": "충청남도 천안시 동남구 용곡동 77-15", "region_code": "4413111500", "memo": "" }, "geometry": { "type": "Polygon", "coordinates": [ [ [ 127.140942, 36.788442 ], [ 127.141065, 36.788497 ], [ 127.141006, 36.788581 ], [ 127.140884, 36.788526 ], [ 127.140942, 36.788442 ] ] ] } },
{ "type": "Feature", "properties": { "id": 84688, "model": "building", "type": "3", "accuracy": "92.38", "area": "439.04", "address": "충청남도 천안시 서북구 쌍용동 1877", "region_code": "4413310700", "memo": "" }, "geometry": { "type": "Polygon", "coordinates": [ [ [ 127.115684, 36.788538 ], [ 127.115414, 36.788623 ], [ 127.11537, 36.788531 ], [ 127.115639, 36.788446 ], [ 127.115684, 36.788538 ] ] ] } },
{ "type": "Feature", "properties": { "id": 84690, "model": "building", "type": "3", "accuracy": "91.24", "area": "332.45", "address": "충청남도 천안시 동남구 구성동 155-1", "region_code": "4413110800", "memo": "" }, "geometry": { "type": "Polygon", "coordinates": [ [ [ 127.173245, 36.788503 ], [ 127.173329, 36.788346 ], [ 127.173445, 36.788387 ], [ 127.17336, 36.788543 ], [ 127.173245, 36.788503 ] ] ] } },
{ "type": "Feature", "properties": { "id": 84692, "model": "building", "type": "1", "accuracy": "80.98", "area": "436.04", "address": "충청남도 천안시 동남구 신방동 785-136", "region_code": "4413111600", "memo": "" }, "geometry": { "type": "Polygon", "coordinates": [ [ [ 127.122188, 36.788642 ], [ 127.122058, 36.78843 ], [ 127.122164, 36.788388 ], [ 127.122295, 36.7886 ], [ 127.122188, 36.788642 ] ] ] } },
{ "type": "Feature", "properties": { "id": 84694, "model": "building", "type": "1", "accuracy": "89.64", "area": "1200.92", "address": "충청남도 천안시 동남구 신방동 785-61", "region_code": "4413111600", "memo": "" }, "geometry": { "type": "Polygon", "coordinates": [ [ [ 127.122201, 36.788437 ], [ 127.122608, 36.788268 ], [ 127.122705, 36.788418 ], [ 127.122298, 36.788587 ], [ 127.122201, 36.788437 ] ] ] } },
{ "type": "Feature", "properties": { "id": 84696, "model": "building", "type": "1", "accuracy": "64.98", "area": "153.36", "address": "충청남도 천안시 동남구 구성동 155-1", "region_code": "4413110800", "memo": "" }, "geometry": { "type": "Polygon", "coordinates": [ [ [ 127.173484, 36.78835 ], [ 127.173432, 36.788417 ], [ 127.173326, 36.788363 ], [ 127.173378, 36.788296 ], [ 127.173484, 36.78835 ] ] ] } },
{ "type": "Feature", "properties": { "id": 84697, "model": "building", "type": "3", "accuracy": "84.47", "area": "413.24", "address": "충청남도 천안시 동남구 신방동 785-61", "region_code": "4413111600", "memo": "" }, "geometry": { "type": "Polygon", "coordinates": [ [ [ 127.122605, 36.788374 ], [ 127.122355, 36.788479 ], [ 127.1223, 36.788395 ], [ 127.12255, 36.78829 ], [ 127.122605, 36.788374 ] ] ] } },
{ "type": "Feature", "properties": { "id": 84698, "model": "building", "type": "3", "accuracy": "95.58", "area": "2776.70", "address": "충청남도 천안시 서북구 쌍용동 502-8", "region_code": "4413310700", "memo": "" }, "geometry": { "type": "Polygon", "coordinates": [ [ [ 127.1137, 36.788583 ], [ 127.113118, 36.788323 ], [ 127.113281, 36.788087 ], [ 127.113863, 36.788347 ], [ 127.1137, 36.788583 ] ] ] } },
{ "type": "Feature", "properties": { "id": 84699, "model": "building", "type": "3", "accuracy": "83.91", "area": "149.85", "address": "충청남도 아산시 배방읍 장재리 1842", "region_code": "4420025331", "memo": "" }, "geometry": { "type": "Polygon", "coordinates": [ [ [ 127.111502, 36.788319 ], [ 127.111549, 36.788241 ], [ 127.11165, 36.788281 ], [ 127.111603, 36.788358 ], [ 127.111502, 36.788319 ] ] ] } },
{ "type": "Feature", "properties": { "id": 84701, "model": "building", "type": "3", "accuracy": "89.1", "area": "529.51", "address": "충청남도 천안시 서북구 쌍용동 404-3", "region_code": "4413310700", "memo": "" }, "geometry": { "type": "Polygon", "coordinates": [ [ [ 127.117946, 36.788187 ], [ 127.118215, 36.788116 ], [ 127.118262, 36.788231 ], [ 127.117994, 36.788302 ], [ 127.117946, 36.788187 ] ] ] } },
{ "type": "Feature", "properties": { "id": 84704, "model": "building", "type": "3", "accuracy": "78.22", "area": "330.52", "address": "충청남도 천안시 동남구 신방동 768-5", "region_code": "4413111600", "memo": "" }, "geometry": { "type": "Polygon", "coordinates": [ [ [ 127.123045, 36.788115 ], [ 127.123226, 36.788048 ], [ 127.123282, 36.788145 ], [ 127.123101, 36.788212 ], [ 127.123045, 36.788115 ] ] ] } },
{ "type": "Feature", "properties": { "id": 84713, "model": "building", "type": "3", "accuracy": "94.89", "area": "2519.04", "address": "충청남도 아산시 배방읍 장재리 1738", "region_code": "4420025331", "memo": "" }, "geometry": { "type": "Polygon", "coordinates": [ [ [ 127.101896, 36.788121 ], [ 127.101602, 36.787779 ], [ 127.101925, 36.7876 ], [ 127.102218, 36.787941 ], [ 127.101896, 36.788121 ] ] ] } },
{ "type": "Feature", "properties": { "id": 84714, "model": "building", "type": "3", "accuracy": "61.47", "area": "297.92", "address": "충청남도 천안시 동남구 신방동 783-8", "region_code": "4413111600", "memo": "" }, "geometry": { "type": "Polygon", "coordinates": [ [ [ 127.119621, 36.7878 ], [ 127.119416, 36.787844 ], [ 127.119387, 36.787756 ], [ 127.119592, 36.787712 ], [ 127.119621, 36.7878 ] ] ] } },
{ "type": "Feature", "properties": { "id": 84716, "model": "building", "type": "3", "accuracy": "94.79", "area": "2593.42", "address": "충청남도 아산시 배방읍 장재리 1738", "region_code": "4420025331", "memo": "" }, "geometry": { "type": "Polygon", "coordinates": [ [ [ 127.101648, 36.787584 ], [ 127.101554, 36.787994 ], [ 127.101159, 36.787936 ], [ 127.101253, 36.787526 ], [ 127.101648, 36.787584 ] ] ] } },
{ "type": "Feature", "properties": { "id": 84722, "model": "building", "type": "3", "accuracy": "66.81", "area": "296.39", "address": "충청남도 아산시 배방읍 장재리 1844", "region_code": "4420025331", "memo": "" }, "geometry": { "type": "Polygon", "coordinates": [ [ [ 127.111304, 36.787521 ], [ 127.111449, 36.787521 ], [ 127.111449, 36.787653 ], [ 127.111304, 36.787653 ], [ 127.111304, 36.787521 ] ] ] } },
{ "type": "Feature", "properties": { "id": 84723, "model": "building", "type": "3", "accuracy": "93.71", "area": "5996.90", "address": "충청남도 아산시 배방읍 장재리 1720", "region_code": "4420025331", "memo": "" }, "geometry": { "type": "Polygon", "coordinates": [ [ [ 127.104349, 36.787408 ], [ 127.104248, 36.787844 ], [ 127.103388, 36.787715 ], [ 127.103488, 36.787279 ], [ 127.104349, 36.787408 ] ] ] } },
{ "type": "Feature", "properties": { "id": 84727, "model": "building", "type": "3", "accuracy": "88.24", "area": "548.79", "address": "충청남도 아산시 배방읍 장재리 1715", "region_code": "4420025331", "memo": "" }, "geometry": { "type": "Polygon", "coordinates": [ [ [ 127.105314, 36.78758 ], [ 127.105349, 36.787245 ], [ 127.105454, 36.787252 ], [ 127.105419, 36.787587 ], [ 127.105314, 36.78758 ] ] ] } },
{ "type": "Feature", "properties": { "id": 84728, "model": "building", "type": "3", "accuracy": "77.15", "area": "1422.16", "address": "충청남도 아산시 배방읍 장재리 1715", "region_code": "4420025331", "memo": "" }, "geometry": { "type": "Polygon", "coordinates": [ [ [ 127.105781, 36.78721 ], [ 127.105662, 36.787637 ], [ 127.105457, 36.7876 ], [ 127.105576, 36.787173 ], [ 127.105781, 36.78721 ] ] ] } },
{ "type": "Feature", "properties": { "id": 84733, "model": "building", "type": "3", "accuracy": "79.57", "area": "875.26", "address": "충청남도 천안시 동남구 신방동 768-1", "region_code": "4413111600", "memo": "" }, "geometry": { "type": "Polygon", "coordinates": [ [ [ 127.123169, 36.787284 ], [ 127.123538, 36.787281 ], [ 127.12354, 36.787434 ], [ 127.123171, 36.787437 ], [ 127.123169, 36.787284 ] ] ] } },
{ "type": "Feature", "properties": { "id": 84738, "model": "building", "type": "3", "accuracy": "93.56", "area": "2572.26", "address": "충청남도 아산시 배방읍 장재리 1738", "region_code": "4420025331", "memo": "" }, "geometry": { "type": "Polygon", "coordinates": [ [ [ 127.10228, 36.787175 ], [ 127.102167, 36.78757 ], [ 127.101767, 36.787496 ], [ 127.101881, 36.787101 ], [ 127.10228, 36.787175 ] ] ] } },
{ "type": "Feature", "properties": { "id": 84743, "model": "building", "type": "3", "accuracy": "81.72", "area": "1579.39", "address": "충청남도 아산시 배방읍 장재리 1738", "region_code": "4420025331", "memo": "" }, "geometry": { "type": "Polygon", "coordinates": [ [ [ 127.101763, 36.787088 ], [ 127.101682, 36.787445 ], [ 127.101405, 36.787404 ], [ 127.101486, 36.787048 ], [ 127.101763, 36.787088 ] ] ] } },
{ "type": "Feature", "properties": { "id": 84746, "model": "building", "type": "3", "accuracy": "83.58", "area": "260.55", "address": "충청남도 천안시 동남구 신방동 768-1", "region_code": "4413111600", "memo": "" }, "geometry": { "type": "Polygon", "coordinates": [ [ [ 127.123827, 36.787159 ], [ 127.123625, 36.787172 ], [ 127.123617, 36.78709 ], [ 127.123819, 36.787077 ], [ 127.123827, 36.787159 ] ] ] } },
{ "type": "Feature", "properties": { "id": 84747, "model": "building", "type": "3", "accuracy": "90.21", "area": "178.96", "address": "충청남도 아산시 배방읍 장재리 1813", "region_code": "4420025331", "memo": "" }, "geometry": { "type": "Polygon", "coordinates": [ [ [ 127.107908, 36.787033 ], [ 127.107996, 36.787107 ], [ 127.107914, 36.78717 ], [ 127.107826, 36.787096 ], [ 127.107908, 36.787033 ] ] ] } },
{ "type": "Feature", "properties": { "id": 84749, "model": "building", "type": "3", "accuracy": "71.85", "area": "136.04", "address": "충청남도 천안시 서북구 쌍용동 2077", "region_code": "4413310700", "memo": "" }, "geometry": { "type": "Polygon", "coordinates": [ [ [ 127.114245, 36.787121 ], [ 127.114245, 36.787053 ], [ 127.114374, 36.787053 ], [ 127.114374, 36.787121 ], [ 127.114245, 36.787121 ] ] ] } },
{ "type": "Feature", "properties": { "id": 84750, "model": "building", "type": "3", "accuracy": "78.49", "area": "269.72", "address": "충청남도 아산시 배방읍 장재리 1892", "region_code": "4420025331", "memo": "" }, "geometry": { "type": "Polygon", "coordinates": [ [ [ 127.109624, 36.78702 ], [ 127.109592, 36.787142 ], [ 127.109455, 36.787119 ], [ 127.109487, 36.786997 ], [ 127.109624, 36.78702 ] ] ] } },
{ "type": "Feature", "properties": { "id": 84751, "model": "building", "type": "3", "accuracy": "93.67", "area": "2476.51", "address": "충청남도 아산시 배방읍 장재리 1813", "region_code": "4420025331", "memo": "" }, "geometry": { "type": "Polygon", "coordinates": [ [ [ 127.108193, 36.786809 ], [ 127.108597, 36.78687 ], [ 127.108507, 36.787253 ], [ 127.108103, 36.787191 ], [ 127.108193, 36.786809 ] ] ] } },
{ "type": "Feature", "properties": { "id": 84752, "model": "building", "type": "3", "accuracy": "56.69", "area": "224.79", "address": "충청남도 아산시 배방읍 장재리 1844", "region_code": "4420025331", "memo": "" }, "geometry": { "type": "Polygon", "coordinates": [ [ [ 127.112306, 36.786952 ], [ 127.112433, 36.786998 ], [ 127.11238, 36.787093 ], [ 127.112252, 36.787046 ], [ 127.112306, 36.786952 ] ] ] } },
{ "type": "Feature", "properties": { "id": 84753, "model": "building", "type": "3", "accuracy": "66.11", "area": "256.31", "address": "충청남도 아산시 배방읍 장재리 1873", "region_code": "4420025331", "memo": "" }, "geometry": { "type": "Polygon", "coordinates": [ [ [ 127.109812, 36.786932 ], [ 127.109939, 36.786959 ], [ 127.1099, 36.787081 ], [ 127.109773, 36.787054 ], [ 127.109812, 36.786932 ] ] ] } },
{ "type": "Feature", "properties": { "id": 84754, "model": "building", "type": "3", "accuracy": "81.55", "area": "201.05", "address": "충청남도 천안시 동남구 신방동 920", "region_code": "4413111600", "memo": "" }, "geometry": { "type": "Polygon", "coordinates": [ [ [ 127.126159, 36.786946 ], [ 127.126159, 36.787035 ], [ 127.126012, 36.787035 ], [ 127.126012, 36.786946 ], [ 127.126159, 36.786946 ] ] ] } },
{ "type": "Feature", "properties": { "id": 84755, "model": "building", "type": "3", "accuracy": "67.97", "area": "215.08", "address": "충청남도 천안시 동남구 청당동 613", "region_code": "4413111100", "memo": "" }, "geometry": { "type": "Polygon", "coordinates": [ [ [ 127.161666, 36.787005 ], [ 127.161568, 36.786963 ], [ 127.161641, 36.786852 ], [ 127.161739, 36.786894 ], [ 127.161666, 36.787005 ] ] ] } },
{ "type": "Feature", "properties": { "id": 84756, "model": "building", "type": "3", "accuracy": "85.46", "area": "1755.56", "address": "충청남도 아산시 배방읍 장재리 1813", "region_code": "4420025331", "memo": "" }, "geometry": { "type": "Polygon", "coordinates": [ [ [ 127.107572, 36.787116 ], [ 127.107551, 36.786752 ], [ 127.107862, 36.78674 ], [ 127.107883, 36.787104 ], [ 127.107572, 36.787116 ] ] ] } },
{ "type": "Feature", "properties": { "id": 84757, "model": "building", "type": "3", "accuracy": "88.46", "area": "277.78", "address": "충청남도 아산시 배방읍 장재리 1844", "region_code": "4420025331", "memo": "" }, "geometry": { "type": "Polygon", "coordinates": [ [ [ 127.112542, 36.786928 ], [ 127.112358, 36.787024 ], [ 127.112303, 36.786955 ], [ 127.112486, 36.786859 ], [ 127.112542, 36.786928 ] ] ] } },
{ "type": "Feature", "properties": { "id": 84761, "model": "building", "type": "3", "accuracy": "95.02", "area": "2528.17", "address": "충청남도 아산시 배방읍 장재리 1738", "region_code": "4420025331", "memo": "" }, "geometry": { "type": "Polygon", "coordinates": [ [ [ 127.10238, 36.786676 ], [ 127.102287, 36.787073 ], [ 127.10189, 36.787013 ], [ 127.101983, 36.786616 ], [ 127.10238, 36.786676 ] ] ] } },
{ "type": "Feature", "properties": { "id": 84762, "model": "building", "type": "3", "accuracy": "87.88", "area": "170.01", "address": "충청남도 천안시 동남구 청당동 481", "region_code": "4413111100", "memo": "" }, "geometry": { "type": "Polygon", "coordinates": [ [ [ 127.155654, 36.786824 ], [ 127.155509, 36.786781 ], [ 127.15554, 36.786714 ], [ 127.155685, 36.786758 ], [ 127.155654, 36.786824 ] ] ] } },
{ "type": "Feature", "properties": { "id": 84763, "model": "building", "type": "3", "accuracy": "81.54", "area": "199.97", "address": "충청남도 천안시 동남구 신방동 768-1", "region_code": "4413111600", "memo": "" }, "geometry": { "type": "Polygon", "coordinates": [ [ [ 127.123495, 36.786735 ], [ 127.123666, 36.786734 ], [ 127.123666, 36.78681 ], [ 127.123495, 36.78681 ], [ 127.123495, 36.786735 ] ] ] } },
{ "type": "Feature", "properties": { "id": 84765, "model": "building", "type": "3", "accuracy": "95.49", "area": "2471.04", "address": "충청남도 아산시 배방읍 장재리 1738", "region_code": "4420025331", "memo": "" }, "geometry": { "type": "Polygon", "coordinates": [ [ [ 127.101388, 36.786925 ], [ 127.101501, 36.786534 ], [ 127.101889, 36.786606 ], [ 127.101776, 36.786997 ], [ 127.101388, 36.786925 ] ] ] } },
{ "type": "Feature", "properties": { "id": 84767, "model": "building", "type": "3", "accuracy": "57.6", "area": "176.94", "address": "충청남도 아산시 배방읍 장재리 1738", "region_code": "4420025331", "memo": "" }, "geometry": { "type": "Polygon", "coordinates": [ [ [ 127.102076, 36.78655 ], [ 127.102076, 36.786674 ], [ 127.101983, 36.786674 ], [ 127.101983, 36.786551 ], [ 127.102076, 36.78655 ] ] ] } },
{ "type": "Feature", "properties": { "id": 84770, "model": "building", "type": "3", "accuracy": "62.88", "area": "296.83", "address": "충청남도 천안시 동남구 삼룡동 261-8", "region_code": "4413111000", "memo": "" }, "geometry": { "type": "Polygon", "coordinates": [ [ [ 127.163142, 36.786409 ], [ 127.163338, 36.786386 ], [ 127.163356, 36.786482 ], [ 127.16316, 36.786505 ], [ 127.163142, 36.786409 ] ] ] } },
{ "type": "Feature", "properties": { "id": 84772, "model": "building", "type": "3", "accuracy": "96.37", "area": "1025.66", "address": "충청남도 천안시 동남구 삼룡동 287-1", "region_code": "4413111000", "memo": "" }, "geometry": { "type": "Polygon", "coordinates": [ [ [ 127.16764, 36.786281 ], [ 127.167348, 36.786604 ], [ 127.167214, 36.786526 ], [ 127.167505, 36.786203 ], [ 127.16764, 36.786281 ] ] ] } },
{ "type": "Feature", "properties": { "id": 84773, "model": "building", "type": "3", "accuracy": "92.91", "area": "2357.14", "address": "충청남도 아산시 배방읍 장재리 1813", "region_code": "4420025331", "memo": "" }, "geometry": { "type": "Polygon", "coordinates": [ [ [ 127.10839, 36.78616 ], [ 127.108775, 36.786231 ], [ 127.108667, 36.786607 ], [ 127.108283, 36.786536 ], [ 127.10839, 36.78616 ] ] ] } },
{ "type": "Feature", "properties": { "id": 84774, "model": "building", "type": "3", "accuracy": "69.65", "area": "360.97", "address": "충청남도 천안시 동남구 청당동 481", "region_code": "4413111100", "memo": "" }, "geometry": { "type": "Polygon", "coordinates": [ [ [ 127.156021, 36.786252 ], [ 127.155878, 36.786396 ], [ 127.155779, 36.786332 ], [ 127.155923, 36.786188 ], [ 127.156021, 36.786252 ] ] ] } },
{ "type": "Feature", "properties": { "id": 84776, "model": "building", "type": "3", "accuracy": "89.57", "area": "2277.65", "address": "충청남도 아산시 배방읍 장재리 1813", "region_code": "4420025331", "memo": "" }, "geometry": { "type": "Polygon", "coordinates": [ [ [ 127.108193, 36.786151 ], [ 127.108136, 36.78651 ], [ 127.107732, 36.786468 ], [ 127.10779, 36.786109 ], [ 127.108193, 36.786151 ] ] ] } },
{ "type": "Feature", "properties": { "id": 84777, "model": "building", "type": "3", "accuracy": "85.01", "area": "394.71", "address": "충청남도 천안시 동남구 삼룡동 16-3", "region_code": "4413111000", "memo": "" }, "geometry": { "type": "Polygon", "coordinates": [ [ [ 127.174582, 36.786013 ], [ 127.174778, 36.785925 ], [ 127.174847, 36.786024 ], [ 127.17465, 36.786112 ], [ 127.174582, 36.786013 ] ] ] } },
{ "type": "Feature", "properties": { "id": 84778, "model": "building", "type": "3", "accuracy": "95.38", "area": "652.29", "address": "충청남도 천안시 동남구 삼룡동 285-3", "region_code": "4413111000", "memo": "" }, "geometry": { "type": "Polygon", "coordinates": [ [ [ 127.168551, 36.785994 ], [ 127.168199, 36.785936 ], [ 127.168229, 36.785821 ], [ 127.168581, 36.78588 ], [ 127.168551, 36.785994 ] ] ] } },
{ "type": "Feature", "properties": { "id": 84779, "model": "building", "type": "3", "accuracy": "70.34", "area": "586.96", "address": "충청남도 천안시 동남구 신방동 719-3", "region_code": "4413111600", "memo": "" }, "geometry": { "type": "Polygon", "coordinates": [ [ [ 127.122226, 36.785831 ], [ 127.122452, 36.785823 ], [ 127.12246, 36.785991 ], [ 127.122234, 36.785999 ], [ 127.122226, 36.785831 ] ] ] } },
{ "type": "Feature", "properties": { "id": 84780, "model": "building", "type": "1", "accuracy": "84.37", "area": "403.50", "address": "충청남도 천안시 동남구 신방동 110", "region_code": "4413111600", "memo": "" }, "geometry": { "type": "Polygon", "coordinates": [ [ [ 127.127331, 36.785971 ], [ 127.127148, 36.785968 ], [ 127.127152, 36.785826 ], [ 127.127335, 36.785828 ], [ 127.127331, 36.785971 ] ] ] } },
{ "type": "Feature", "properties": { "id": 84782, "model": "building", "type": "1", "accuracy": "89.39", "area": "2311.53", "address": "충청남도 천안시 동남구 신방동 719-4", "region_code": "4413111600", "memo": "" }, "geometry": { "type": "Polygon", "coordinates": [ [ [ 127.119255, 36.785975 ], [ 127.118742, 36.786007 ], [ 127.118714, 36.785717 ], [ 127.119227, 36.785685 ], [ 127.119255, 36.785975 ] ] ] } },
{ "type": "Feature", "properties": { "id": 84783, "model": "building", "type": "2", "accuracy": "96.87", "area": "362.03", "address": "충청남도 아산시 배방읍 장재리 1628", "region_code": "4420025331", "memo": "" }, "geometry": { "type": "Polygon", "coordinates": [ [ [ 127.100296, 36.785761 ], [ 127.100309, 36.78592 ], [ 127.100162, 36.785927 ], [ 127.10015, 36.785768 ], [ 127.100296, 36.785761 ] ] ] } },
{ "type": "Feature", "properties": { "id": 84785, "model": "building", "type": "2", "accuracy": "82.83", "area": "130.90", "address": "충청남도 아산시 배방읍 장재리 1628", "region_code": "4420025331", "memo": "" }, "geometry": { "type": "Polygon", "coordinates": [ [ [ 127.100053, 36.785889 ], [ 127.100045, 36.785773 ], [ 127.100118, 36.78577 ], [ 127.100126, 36.785886 ], [ 127.100053, 36.785889 ] ] ] } },
{ "type": "Feature", "properties": { "id": 84788, "model": "building", "type": "3", "accuracy": "82.58", "area": "129.51", "address": "충청남도 천안시 동남구 신방동 109-1", "region_code": "4413111600", "memo": "" }, "geometry": { "type": "Polygon", "coordinates": [ [ [ 127.127285, 36.785611 ], [ 127.127161, 36.785612 ], [ 127.12716, 36.785544 ], [ 127.127284, 36.785543 ], [ 127.127285, 36.785611 ] ] ] } },
{ "type": "Feature", "properties": { "id": 84790, "model": "building", "type": "3", "accuracy": "95.65", "area": "311.51", "address": "충청남도 아산시 배방읍 장재리 1919", "region_code": "4420025331", "memo": "" }, "geometry": { "type": "Polygon", "coordinates": [ [ [ 127.111716, 36.78539 ], [ 127.111687, 36.785498 ], [ 127.111509, 36.785468 ], [ 127.111537, 36.78536 ], [ 127.111716, 36.78539 ] ] ] } },
{ "type": "Feature", "properties": { "id": 84792, "model": "building", "type": "3", "accuracy": "86.3", "area": "619.67", "address": "충청남도 천안시 동남구 용곡동 497-22", "region_code": "4413111500", "memo": "" }, "geometry": { "type": "Polygon", "coordinates": [ [ [ 127.131453, 36.785366 ], [ 127.131178, 36.785421 ], [ 127.131135, 36.785284 ], [ 127.13141, 36.785229 ], [ 127.131453, 36.785366 ] ] ] } },
{ "type": "Feature", "properties": { "id": 84793, "model": "building", "type": "1", "accuracy": "79.63", "area": "1594.64", "address": "충청남도 천안시 동남구 용곡동 497-22", "region_code": "4413111500", "memo": "" }, "geometry": { "type": "Polygon", "coordinates": [ [ [ 127.131035, 36.785069 ], [ 127.131412, 36.785224 ], [ 127.131274, 36.785441 ], [ 127.130897, 36.785285 ], [ 127.131035, 36.785069 ] ] ] } },
{ "type": "Feature", "properties": { "id": 84794, "model": "building", "type": "1", "accuracy": "80.35", "area": "1280.12", "address": "충청남도 천안시 동남구 용곡동 497-24", "region_code": "4413111500", "memo": "" }, "geometry": { "type": "Polygon", "coordinates": [ [ [ 127.130645, 36.784935 ], [ 127.131019, 36.785105 ], [ 127.130902, 36.785273 ], [ 127.130527, 36.785102 ], [ 127.130645, 36.784935 ] ] ] } },
{ "type": "Feature", "properties": { "id": 84796, "model": "building", "type": "1", "accuracy": "83.51", "area": "216.90", "address": "충청남도 아산시 배방읍 장재리 1692", "region_code": "4420025331", "memo": "" }, "geometry": { "type": "Polygon", "coordinates": [ [ [ 127.102295, 36.785113 ], [ 127.102321, 36.785006 ], [ 127.102447, 36.785026 ], [ 127.102421, 36.785133 ], [ 127.102295, 36.785113 ] ] ] } },
{ "type": "Feature", "properties": { "id": 84797, "model": "building", "type": "3", "accuracy": "76.39", "area": "853.80", "address": "충청남도 천안시 동남구 용곡동 497-24", "region_code": "4413111500", "memo": "" }, "geometry": { "type": "Polygon", "coordinates": [ [ [ 127.130709, 36.784874 ], [ 127.130976, 36.785037 ], [ 127.130852, 36.785168 ], [ 127.130585, 36.785006 ], [ 127.130709, 36.784874 ] ] ] } },
{ "type": "Feature", "properties": { "id": 84798, "model": "building", "type": "2", "accuracy": "97.78", "area": "403.29", "address": "충청남도 천안시 동남구 삼룡동 270-19", "region_code": "4413111000", "memo": "" }, "geometry": { "type": "Polygon", "coordinates": [ [ [ 127.168081, 36.785071 ], [ 127.167897, 36.784928 ], [ 127.167985, 36.784855 ], [ 127.168169, 36.784997 ], [ 127.168081, 36.785071 ] ] ] } },
{ "type": "Feature", "properties": { "id": 84799, "model": "building", "type": "1", "accuracy": "68.2", "area": "370.39", "address": "충청남도 아산시 배방읍 장재리 1618", "region_code": "4420025331", "memo": "" }, "geometry": { "type": "Polygon", "coordinates": [ [ [ 127.100033, 36.784838 ], [ 127.100085, 36.784698 ], [ 127.100242, 36.784735 ], [ 127.10019, 36.784876 ], [ 127.100033, 36.784838 ] ] ] } },
{ "type": "Feature", "properties": { "id": 84800, "model": "building", "type": "3", "accuracy": "72.22", "area": "509.31", "address": "충청남도 천안시 동남구 용곡동 182-1", "region_code": "4413111500", "memo": "" }, "geometry": { "type": "Polygon", "coordinates": [ [ [ 127.135831, 36.784598 ], [ 127.135691, 36.784789 ], [ 127.135563, 36.784728 ], [ 127.135704, 36.784537 ], [ 127.135831, 36.784598 ] ] ] } },
{ "type": "Feature", "properties": { "id": 84802, "model": "building", "type": "1", "accuracy": "76.23", "area": "245.16", "address": "충청남도 천안시 동남구 용곡동 191-5", "region_code": "4413111500", "memo": "" }, "geometry": { "type": "Polygon", "coordinates": [ [ [ 127.132492, 36.784477 ], [ 127.132655, 36.784569 ], [ 127.132598, 36.784634 ], [ 127.132435, 36.784543 ], [ 127.132492, 36.784477 ] ] ] } },
{ "type": "Feature", "properties": { "id": 84803, "model": "building", "type": "3", "accuracy": "68.51", "area": "202.47", "address": "충청남도 천안시 동남구 삼룡동 206-6", "region_code": "4413111000", "memo": "" }, "geometry": { "type": "Polygon", "coordinates": [ [ [ 127.171947, 36.784415 ], [ 127.171949, 36.784541 ], [ 127.171845, 36.784542 ], [ 127.171843, 36.784416 ], [ 127.171947, 36.784415 ] ] ] } },
{ "type": "Feature", "properties": { "id": 84804, "model": "building", "type": "3", "accuracy": "93.5", "area": "1459.50", "address": "충청남도 천안시 동남구 용곡동 191-12", "region_code": "4413111500", "memo": "" }, "geometry": { "type": "Polygon", "coordinates": [ [ [ 127.132426, 36.784533 ], [ 127.132619, 36.784329 ], [ 127.132911, 36.784509 ], [ 127.132717, 36.784713 ], [ 127.132426, 36.784533 ] ] ] } },
{ "type": "Feature", "properties": { "id": 84808, "model": "building", "type": "3", "accuracy": "61.69", "area": "238.16", "address": "충청남도 천안시 동남구 삼룡동 291-4", "region_code": "4413111000", "memo": "" }, "geometry": { "type": "Polygon", "coordinates": [ [ [ 127.167665, 36.78414 ], [ 127.167878, 36.78413 ], [ 127.167883, 36.784202 ], [ 127.16767, 36.784212 ], [ 127.167665, 36.78414 ] ] ] } },
{ "type": "Feature", "properties": { "id": 84810, "model": "building", "type": "3", "accuracy": "64.97", "area": "295.42", "address": "충청남도 천안시 동남구 용곡동 183-1", "region_code": "4413111500", "memo": "" }, "geometry": { "type": "Polygon", "coordinates": [ [ [ 127.13577, 36.783935 ], [ 127.135961, 36.78383 ], [ 127.136019, 36.783897 ], [ 127.135828, 36.784003 ], [ 127.13577, 36.783935 ] ] ] } },
{ "type": "Feature", "properties": { "id": 84811, "model": "building", "type": "3", "accuracy": "67.94", "area": "231.24", "address": "충청남도 아산시 배방읍 휴대리 644", "region_code": "4420025330", "memo": "" }, "geometry": { "type": "Polygon", "coordinates": [ [ [ 127.109375, 36.783992 ], [ 127.109175, 36.783992 ], [ 127.109175, 36.783918 ], [ 127.109375, 36.783917 ], [ 127.109375, 36.783992 ] ] ] } },
{ "type": "Feature", "properties": { "id": 84812, "model": "building", "type": "3", "accuracy": "68.57", "area": "238.69", "address": "충청남도 천안시 동남구 신방동 719", "region_code": "4413111600", "memo": "" }, "geometry": { "type": "Polygon", "coordinates": [ [ [ 127.122802, 36.783861 ], [ 127.122729, 36.783968 ], [ 127.122618, 36.783919 ], [ 127.122691, 36.783812 ], [ 127.122802, 36.783861 ] ] ] } },
{ "type": "Feature", "properties": { "id": 84814, "model": "building", "type": "3", "accuracy": "66.19", "area": "206.86", "address": "충청남도 아산시 배방읍 휴대리 644", "region_code": "4420025330", "memo": "" }, "geometry": { "type": "Polygon", "coordinates": [ [ [ 127.108906, 36.783749 ], [ 127.10886, 36.78393 ], [ 127.108789, 36.783918 ], [ 127.108835, 36.783737 ], [ 127.108906, 36.783749 ] ] ] } },
{ "type": "Feature", "properties": { "id": 84816, "model": "building", "type": "3", "accuracy": "74.71", "area": "435.63", "address": "충청남도 아산시 배방읍 휴대리 644", "region_code": "4420025330", "memo": "" }, "geometry": { "type": "Polygon", "coordinates": [ [ [ 127.109475, 36.783626 ], [ 127.109476, 36.783917 ], [ 127.109379, 36.783917 ], [ 127.109378, 36.783627 ], [ 127.109475, 36.783626 ] ] ] } },
{ "type": "Feature", "properties": { "id": 84817, "model": "building", "type": "3", "accuracy": "93.5", "area": "433.38", "address": "충청남도 천안시 동남구 삼룡동 146-6", "region_code": "4413111000", "memo": "" }, "geometry": { "type": "Polygon", "coordinates": [ [ [ 127.172608, 36.783566 ], [ 127.172788, 36.783559 ], [ 127.172797, 36.783714 ], [ 127.172617, 36.783721 ], [ 127.172608, 36.783566 ] ] ] } },
{ "type": "Feature", "properties": { "id": 84819, "model": "building", "type": "2", "accuracy": "82.41", "area": "423.09", "address": "충청남도 천안시 동남구 신방동 725", "region_code": "4413111600", "memo": "" }, "geometry": { "type": "Polygon", "coordinates": [ [ [ 127.119773, 36.783635 ], [ 127.120073, 36.783583 ], [ 127.120097, 36.78367 ], [ 127.119796, 36.783722 ], [ 127.119773, 36.783635 ] ] ] } },
{ "type": "Feature", "properties": { "id": 84820, "model": "building", "type": "1", "accuracy": "81.88", "area": "1254.11", "address": "충청남도 천안시 동남구 삼룡동 117-5", "region_code": "4413111000", "memo": "" }, "geometry": { "type": "Polygon", "coordinates": [ [ [ 127.169578, 36.783353 ], [ 127.169714, 36.783654 ], [ 127.169476, 36.783723 ], [ 127.16934, 36.783423 ], [ 127.169578, 36.783353 ] ] ] } },
{ "type": "Feature", "properties": { "id": 84821, "model": "building", "type": "3", "accuracy": "74.8", "area": "188.91", "address": "충청남도 천안시 동남구 용곡동 149-1", "region_code": "4413111500", "memo": "" }, "geometry": { "type": "Polygon", "coordinates": [ [ [ 127.140136, 36.783441 ], [ 127.140325, 36.783473 ], [ 127.140309, 36.783535 ], [ 127.14012, 36.783502 ], [ 127.140136, 36.783441 ] ] ] } },
{ "type": "Feature", "properties": { "id": 84822, "model": "building", "type": "3", "accuracy": "57.74", "area": "334.50", "address": "충청남도 아산시 배방읍 휴대리 644", "region_code": "4420025330", "memo": "" }, "geometry": { "type": "Polygon", "coordinates": [ [ [ 127.109324, 36.78332 ], [ 127.109325, 36.783502 ], [ 127.109206, 36.783502 ], [ 127.109206, 36.78332 ], [ 127.109324, 36.78332 ] ] ] } },
{ "type": "Feature", "properties": { "id": 84823, "model": "building", "type": "3", "accuracy": "52.76", "area": "218.22", "address": "충청남도 아산시 배방읍 휴대리 644", "region_code": "4420025330", "memo": "" }, "geometry": { "type": "Polygon", "coordinates": [ [ [ 127.109322, 36.783458 ], [ 127.109322, 36.783351 ], [ 127.109453, 36.783351 ], [ 127.109454, 36.783458 ], [ 127.109322, 36.783458 ] ] ] } },
{ "type": "Feature", "properties": { "id": 84824, "model": "building", "type": "3", "accuracy": "83.31", "area": "302.55", "address": "충청남도 천안시 동남구 용곡동 149-1", "region_code": "4413111500", "memo": "" }, "geometry": { "type": "Polygon", "coordinates": [ [ [ 127.14007, 36.783456 ], [ 127.139907, 36.783356 ], [ 127.139978, 36.78328 ], [ 127.140142, 36.78338 ], [ 127.14007, 36.783456 ] ] ] } },
{ "type": "Feature", "properties": { "id": 84825, "model": "building", "type": "3", "accuracy": "83.02", "area": "396.74", "address": "충청남도 천안시 동남구 신방동 832-1", "region_code": "4413111600", "memo": "" }, "geometry": { "type": "Polygon", "coordinates": [ [ [ 127.118331, 36.783448 ], [ 127.118147, 36.78346 ], [ 127.118133, 36.783322 ], [ 127.118317, 36.783309 ], [ 127.118331, 36.783448 ] ] ] } },
{ "type": "Feature", "properties": { "id": 84826, "model": "building", "type": "1", "accuracy": "96.02", "area": "180.33", "address": "충청남도 천안시 동남구 신방동 798", "region_code": "4413111600", "memo": "" }, "geometry": { "type": "Polygon", "coordinates": [ [ [ 127.127881, 36.783367 ], [ 127.127878, 36.783249 ], [ 127.127977, 36.783247 ], [ 127.12798, 36.783366 ], [ 127.127881, 36.783367 ] ] ] } },
{ "type": "Feature", "properties": { "id": 84827, "model": "building", "type": "1", "accuracy": "88.19", "area": "731.77", "address": "충청남도 천안시 동남구 삼룡동 314-4", "region_code": "4413111000", "memo": "" }, "geometry": { "type": "Polygon", "coordinates": [ [ [ 127.166486, 36.783159 ], [ 127.166487, 36.783305 ], [ 127.166163, 36.783306 ], [ 127.166162, 36.78316 ], [ 127.166486, 36.783159 ] ] ] } },
{ "type": "Feature", "properties": { "id": 84828, "model": "building", "type": "3", "accuracy": "88.65", "area": "1710.22", "address": "충청남도 천안시 동남구 신방동 719", "region_code": "4413111600", "memo": "" }, "geometry": { "type": "Polygon", "coordinates": [ [ [ 127.121023, 36.783165 ], [ 127.121702, 36.783135 ], [ 127.121713, 36.783297 ], [ 127.121034, 36.783327 ], [ 127.121023, 36.783165 ] ] ] } },
{ "type": "Feature", "properties": { "id": 84829, "model": "building", "type": "3", "accuracy": "85.77", "area": "513.33", "address": "충청남도 천안시 동남구 신방동 719", "region_code": "4413111600", "memo": "" }, "geometry": { "type": "Polygon", "coordinates": [ [ [ 127.121792, 36.783143 ], [ 127.122025, 36.783128 ], [ 127.122038, 36.78327 ], [ 127.121806, 36.783285 ], [ 127.121792, 36.783143 ] ] ] } },
{ "type": "Feature", "properties": { "id": 84830, "model": "building", "type": "1", "accuracy": "81.4", "area": "2683.60", "address": "충청남도 천안시 동남구 신방동 719", "region_code": "4413111600", "memo": "" }, "geometry": { "type": "Polygon", "coordinates": [ [ [ 127.119764, 36.783387 ], [ 127.119764, 36.783006 ], [ 127.120218, 36.783005 ], [ 127.120219, 36.783387 ], [ 127.119764, 36.783387 ] ] ] } },
{ "type": "Feature", "properties": { "id": 84831, "model": "building", "type": "2", "accuracy": "87.86", "area": "219.08", "address": "충청남도 천안시 동남구 신방동 719", "region_code": "4413111600", "memo": "" }, "geometry": { "type": "Polygon", "coordinates": [ [ [ 127.120034, 36.783072 ], [ 127.120055, 36.783265 ], [ 127.119982, 36.78327 ], [ 127.119962, 36.783077 ], [ 127.120034, 36.783072 ] ] ] } },
{ "type": "Feature", "properties": { "id": 84832, "model": "building", "type": "1", "accuracy": "72.94", "area": "159.86", "address": "충청남도 천안시 동남구 삼룡동 315-11", "region_code": "4413111000", "memo": "" }, "geometry": { "type": "Polygon", "coordinates": [ [ [ 127.165926, 36.78307 ], [ 127.165806, 36.78315 ], [ 127.165754, 36.783099 ], [ 127.165873, 36.783019 ], [ 127.165926, 36.78307 ] ] ] } },
{ "type": "Feature", "properties": { "id": 84833, "model": "building", "type": "3", "accuracy": "94.9", "area": "1561.15", "address": "충청남도 천안시 동남구 용곡동 149-1", "region_code": "4413111500", "memo": "" }, "geometry": { "type": "Polygon", "coordinates": [ [ [ 127.139593, 36.782843 ], [ 127.139875, 36.783009 ], [ 127.139663, 36.783242 ], [ 127.139381, 36.783076 ], [ 127.139593, 36.782843 ] ] ] } },
{ "type": "Feature", "properties": { "id": 84834, "model": "building", "type": "3", "accuracy": "82.16", "area": "167.29", "address": "충청남도 천안시 동남구 삼룡동 444", "region_code": "4413111000", "memo": "" }, "geometry": { "type": "Polygon", "coordinates": [ [ [ 127.16433, 36.783024 ], [ 127.164327, 36.782927 ], [ 127.164438, 36.782925 ], [ 127.164441, 36.783022 ], [ 127.16433, 36.783024 ] ] ] } },
{ "type": "Feature", "properties": { "id": 84835, "model": "building", "type": "1", "accuracy": "94.29", "area": "1317.59", "address": "충청남도 천안시 동남구 용곡동 149-1", "region_code": "4413111500", "memo": "" }, "geometry": { "type": "Polygon", "coordinates": [ [ [ 127.13985, 36.783166 ], [ 127.139516, 36.782968 ], [ 127.139667, 36.782803 ], [ 127.140001, 36.783001 ], [ 127.13985, 36.783166 ] ] ] } },
{ "type": "Feature", "properties": { "id": 84836, "model": "building", "type": "3", "accuracy": "93.14", "area": "6210.56", "address": "충청남도 천안시 동남구 신방동 702-1", "region_code": "4413111600", "memo": "" }, "geometry": { "type": "Polygon", "coordinates": [ [ [ 127.122246, 36.783065 ], [ 127.121109, 36.783117 ], [ 127.121084, 36.782766 ], [ 127.122221, 36.782713 ], [ 127.122246, 36.783065 ] ] ] } },
{ "type": "Feature", "properties": { "id": 84837, "model": "building", "type": "3", "accuracy": "96.76", "area": "1328.81", "address": "충청남도 천안시 동남구 용곡동 617", "region_code": "4413111500", "memo": "" }, "geometry": { "type": "Polygon", "coordinates": [ [ [ 127.142748, 36.782772 ], [ 127.142733, 36.78303 ], [ 127.142401, 36.783017 ], [ 127.142416, 36.782759 ], [ 127.142748, 36.782772 ] ] ] } },
{ "type": "Feature", "properties": { "id": 84839, "model": "building", "type": "3", "accuracy": "93.14", "area": "403.28", "address": "충청남도 천안시 동남구 용곡동 617", "region_code": "4413111500", "memo": "" }, "geometry": { "type": "Polygon", "coordinates": [ [ [ 127.142856, 36.782775 ], [ 127.143075, 36.782774 ], [ 127.143076, 36.782893 ], [ 127.142856, 36.782894 ], [ 127.142856, 36.782775 ] ] ] } },
{ "type": "Feature", "properties": { "id": 84840, "model": "building", "type": "2", "accuracy": "98.24", "area": "477.18", "address": "충청남도 아산시 배방읍 세교리 1596", "region_code": "4420025329", "memo": "" }, "geometry": { "type": "Polygon", "coordinates": [ [ [ 127.103861, 36.782884 ], [ 127.103505, 36.782902 ], [ 127.103499, 36.782815 ], [ 127.103855, 36.782798 ], [ 127.103861, 36.782884 ] ] ] } },
{ "type": "Feature", "properties": { "id": 84841, "model": "building", "type": "1", "accuracy": "94.38", "area": "277.45", "address": "충청남도 천안시 동남구 신방동 125-20", "region_code": "4413111600", "memo": "" }, "geometry": { "type": "Polygon", "coordinates": [ [ [ 127.127575, 36.78274 ], [ 127.127762, 36.782774 ], [ 127.127736, 36.782866 ], [ 127.127549, 36.782831 ], [ 127.127575, 36.78274 ] ] ] } },
{ "type": "Feature", "properties": { "id": 84842, "model": "building", "type": "2", "accuracy": "98.04", "area": "653.42", "address": "충청남도 아산시 배방읍 세교리 1596", "region_code": "4420025329", "memo": "" }, "geometry": { "type": "Polygon", "coordinates": [ [ [ 127.103492, 36.782664 ], [ 127.103879, 36.782651 ], [ 127.103885, 36.78276 ], [ 127.103498, 36.782773 ], [ 127.103492, 36.782664 ] ] ] } },
{ "type": "Feature", "properties": { "id": 84843, "model": "building", "type": "3", "accuracy": "90.29", "area": "723.12", "address": "충청남도 천안시 동남구 용곡동 617", "region_code": "4413111500", "memo": "" }, "geometry": { "type": "Polygon", "coordinates": [ [ [ 127.142446, 36.782672 ], [ 127.142601, 36.782498 ], [ 127.142779, 36.782601 ], [ 127.142624, 36.782775 ], [ 127.142446, 36.782672 ] ] ] } },
{ "type": "Feature", "properties": { "id": 84845, "model": "building", "type": "3", "accuracy": "95.65", "area": "955.76", "address": "충청남도 천안시 동남구 삼룡동 147-4", "region_code": "4413111000", "memo": "" }, "geometry": { "type": "Polygon", "coordinates": [ [ [ 127.172964, 36.782428 ], [ 127.172439, 36.782606 ], [ 127.172386, 36.782506 ], [ 127.172912, 36.782329 ], [ 127.172964, 36.782428 ] ] ] } },
{ "type": "Feature", "properties": { "id": 84846, "model": "building", "type": "1", "accuracy": "97.26", "area": "425.84", "address": "충청남도 천안시 동남구 신방동 125-42", "region_code": "4413111600", "memo": "" }, "geometry": { "type": "Polygon", "coordinates": [ [ [ 127.12606, 36.782403 ], [ 127.126078, 36.782527 ], [ 127.125857, 36.782547 ], [ 127.12584, 36.782423 ], [ 127.12606, 36.782403 ] ] ] } },
{ "type": "Feature", "properties": { "id": 84847, "model": "building", "type": "3", "accuracy": "86.12", "area": "1612.00", "address": "충청남도 천안시 동남구 용곡동 617", "region_code": "4413111500", "memo": "" }, "geometry": { "type": "Polygon", "coordinates": [ [ [ 127.141848, 36.782342 ], [ 127.142209, 36.782141 ], [ 127.142377, 36.782336 ], [ 127.142016, 36.782537 ], [ 127.141848, 36.782342 ] ] ] } },
{ "type": "Feature", "properties": { "id": 84849, "model": "building", "type": "3", "accuracy": "96.63", "area": "726.22", "address": "충청남도 천안시 동남구 용곡동 617", "region_code": "4413111500", "memo": "" }, "geometry": { "type": "Polygon", "coordinates": [ [ [ 127.14282, 36.782172 ], [ 127.14265, 36.782407 ], [ 127.142501, 36.782338 ], [ 127.142671, 36.782102 ], [ 127.14282, 36.782172 ] ] ] } },
{ "type": "Feature", "properties": { "id": 84850, "model": "building", "type": "3", "accuracy": "74.16", "area": "463.62", "address": "충청남도 천안시 동남구 신방동 814-6", "region_code": "4413111600", "memo": "" }, "geometry": { "type": "Polygon", "coordinates": [ [ [ 127.113991, 36.782316 ], [ 127.11375, 36.782345 ], [ 127.113727, 36.782224 ], [ 127.113968, 36.782195 ], [ 127.113991, 36.782316 ] ] ] } },
{ "type": "Feature", "properties": { "id": 84851, "model": "building", "type": "2", "accuracy": "95.96", "area": "249.39", "address": "충청남도 아산시 배방읍 세교리 1596", "region_code": "4420025329", "memo": "" }, "geometry": { "type": "Polygon", "coordinates": [ [ [ 127.104107, 36.782228 ], [ 127.103914, 36.782213 ], [ 127.103924, 36.78213 ], [ 127.104117, 36.782145 ], [ 127.104107, 36.782228 ] ] ] } },
{ "type": "Feature", "properties": { "id": 84852, "model": "building", "type": "3", "accuracy": "97.29", "area": "523.80", "address": "충청남도 천안시 동남구 삼룡동 155-13", "region_code": "4413111000", "memo": "" }, "geometry": { "type": "Polygon", "coordinates": [ [ [ 127.172726, 36.782236 ], [ 127.172742, 36.781908 ], [ 127.172845, 36.781911 ], [ 127.172829, 36.782239 ], [ 127.172726, 36.782236 ] ] ] } },
{ "type": "Feature", "properties": { "id": 84853, "model": "building", "type": "2", "accuracy": "81.92", "area": "856.19", "address": "충청남도 천안시 동남구 신방동 840-3", "region_code": "4413111600", "memo": "" }, "geometry": { "type": "Polygon", "coordinates": [ [ [ 127.115554, 36.78199 ], [ 127.115913, 36.781963 ], [ 127.115931, 36.782115 ], [ 127.115572, 36.782142 ], [ 127.115554, 36.78199 ] ] ] } },
{ "type": "Feature", "properties": { "id": 84854, "model": "building", "type": "2", "accuracy": "85.63", "area": "181.78", "address": "충청남도 천안시 동남구 삼룡동 122-18", "region_code": "4413111000", "memo": "" }, "geometry": { "type": "Polygon", "coordinates": [ [ [ 127.172117, 36.781839 ], [ 127.172047, 36.78193 ], [ 127.171953, 36.781883 ], [ 127.172024, 36.781792 ], [ 127.172117, 36.781839 ] ] ] } },
{ "type": "Feature", "properties": { "id": 84855, "model": "building", "type": "3", "accuracy": "94.2", "area": "1330.69", "address": "충청남도 천안시 동남구 용곡동 617", "region_code": "4413111500", "memo": "" }, "geometry": { "type": "Polygon", "coordinates": [ [ [ 127.141746, 36.782079 ], [ 127.14147, 36.781915 ], [ 127.141654, 36.781713 ], [ 127.141931, 36.781877 ], [ 127.141746, 36.782079 ] ] ] } },
{ "type": "Feature", "properties": { "id": 84856, "model": "building", "type": "3", "accuracy": "94.29", "area": "733.89", "address": "충청남도 천안시 동남구 용곡동 617", "region_code": "4413111500", "memo": "" }, "geometry": { "type": "Polygon", "coordinates": [ [ [ 127.142333, 36.781717 ], [ 127.142588, 36.781833 ], [ 127.142489, 36.781974 ], [ 127.142234, 36.781858 ], [ 127.142333, 36.781717 ] ] ] } },
{ "type": "Feature", "properties": { "id": 84857, "model": "building", "type": "3", "accuracy": "95.95", "area": "672.57", "address": "충청남도 천안시 동남구 용곡동 617", "region_code": "4413111500", "memo": "" }, "geometry": { "type": "Polygon", "coordinates": [ [ [ 127.142339, 36.781617 ], [ 127.142165, 36.78186 ], [ 127.14203, 36.781797 ], [ 127.142204, 36.781555 ], [ 127.142339, 36.781617 ] ] ] } },
{ "type": "Feature", "properties": { "id": 84861, "model": "building", "type": "1", "accuracy": "88.22", "area": "130.59", "address": "충청남도 천안시 동남구 신방동 841-3", "region_code": "4413111600", "memo": "" }, "geometry": { "type": "Polygon", "coordinates": [ [ [ 127.115221, 36.781379 ], [ 127.115094, 36.781396 ], [ 127.11508, 36.781332 ], [ 127.115208, 36.781315 ], [ 127.115221, 36.781379 ] ] ] } },
{ "type": "Feature", "properties": { "id": 84862, "model": "building", "type": "3", "accuracy": "68.07", "area": "257.68", "address": "충청남도 천안시 동남구 삼룡동 332-1", "region_code": "4413111000", "memo": "" }, "geometry": { "type": "Polygon", "coordinates": [ [ [ 127.163957, 36.781319 ], [ 127.163952, 36.781201 ], [ 127.164093, 36.781197 ], [ 127.164097, 36.781316 ], [ 127.163957, 36.781319 ] ] ] } },
{ "type": "Feature", "properties": { "id": 84863, "model": "building", "type": "3", "accuracy": "60.7", "area": "575.45", "address": "충청남도 천안시 동남구 신방동 190-1", "region_code": "4413111600", "memo": "" }, "geometry": { "type": "Polygon", "coordinates": [ [ [ 127.135557, 36.781192 ], [ 127.135368, 36.781396 ], [ 127.135251, 36.781326 ], [ 127.13544, 36.781122 ], [ 127.135557, 36.781192 ] ] ] } },
{ "type": "Feature", "properties": { "id": 84865, "model": "building", "type": "3", "accuracy": "67.78", "area": "407.73", "address": "충청남도 천안시 동남구 삼룡동 332-1", "region_code": "4413111000", "memo": "" }, "geometry": { "type": "Polygon", "coordinates": [ [ [ 127.163833, 36.781068 ], [ 127.164109, 36.781099 ], [ 127.164093, 36.781192 ], [ 127.163817, 36.781162 ], [ 127.163833, 36.781068 ] ] ] } },
{ "type": "Feature", "properties": { "id": 84866, "model": "building", "type": "1", "accuracy": "87.06", "area": "387.59", "address": "충청남도 천안시 동남구 청당동 281-44", "region_code": "4413111100", "memo": "" }, "geometry": { "type": "Polygon", "coordinates": [ [ [ 127.149671, 36.781034 ], [ 127.149765, 36.781151 ], [ 127.149614, 36.78123 ], [ 127.14952, 36.781113 ], [ 127.149671, 36.781034 ] ] ] } },
{ "type": "Feature", "properties": { "id": 84867, "model": "building", "type": "2", "accuracy": "89.28", "area": "186.70", "address": "충청남도 아산시 배방읍 휴대리 437-98", "region_code": "4420025330", "memo": "" }, "geometry": { "type": "Polygon", "coordinates": [ [ [ 127.110975, 36.781131 ], [ 127.110867, 36.781193 ], [ 127.110801, 36.78112 ], [ 127.110909, 36.781057 ], [ 127.110975, 36.781131 ] ] ] } },
{ "type": "Feature", "properties": { "id": 84871, "model": "building", "type": "3", "accuracy": "85.92", "area": "299.77", "address": "충청남도 천안시 동남구 삼룡동 96-2", "region_code": "4413111000", "memo": "" }, "geometry": { "type": "Polygon", "coordinates": [ [ [ 127.171272, 36.78077 ], [ 127.171427, 36.780891 ], [ 127.171349, 36.780955 ], [ 127.171194, 36.780834 ], [ 127.171272, 36.78077 ] ] ] } },
{ "type": "Feature", "properties": { "id": 84873, "model": "building", "type": "2", "accuracy": "83.75", "area": "270.18", "address": "충청남도 아산시 배방읍 휴대리 230", "region_code": "4420025330", "memo": "" }, "geometry": { "type": "Polygon", "coordinates": [ [ [ 127.111978, 36.78085 ], [ 127.112129, 36.780789 ], [ 127.112187, 36.780881 ], [ 127.112035, 36.780942 ], [ 127.111978, 36.78085 ] ] ] } },
{ "type": "Feature", "properties": { "id": 84874, "model": "building", "type": "1", "accuracy": "87.95", "area": "817.84", "address": "충청남도 천안시 동남구 삼룡동 125-1", "region_code": "4413111000", "memo": "" }, "geometry": { "type": "Polygon", "coordinates": [ [ [ 127.170804, 36.780649 ], [ 127.170984, 36.78079 ], [ 127.170801, 36.780941 ], [ 127.170621, 36.780799 ], [ 127.170804, 36.780649 ] ] ] } },
{ "type": "Feature", "properties": { "id": 84877, "model": "building", "type": "2", "accuracy": "96.35", "area": "243.99", "address": "충청남도 아산시 배방읍 휴대리 154-1", "region_code": "4420025330", "memo": "" }, "geometry": { "type": "Polygon", "coordinates": [ [ [ 127.112289, 36.780724 ], [ 127.112336, 36.780834 ], [ 127.112208, 36.780869 ], [ 127.11216, 36.78076 ], [ 127.112289, 36.780724 ] ] ] } },
{ "type": "Feature", "properties": { "id": 84878, "model": "building", "type": "2", "accuracy": "94.87", "area": "752.32", "address": "충청남도 아산시 배방읍 휴대리 154-17", "region_code": "4420025330", "memo": "" }, "geometry": { "type": "Polygon", "coordinates": [ [ [ 127.11231, 36.780673 ], [ 127.112663, 36.780651 ], [ 127.112676, 36.780787 ], [ 127.112323, 36.78081 ], [ 127.11231, 36.780673 ] ] ] } },
{ "type": "Feature", "properties": { "id": 84879, "model": "building", "type": "3", "accuracy": "90.31", "area": "601.53", "address": "충청남도 천안시 동남구 삼룡동 96-2", "region_code": "4413111000", "memo": "" }, "geometry": { "type": "Polygon", "coordinates": [ [ [ 127.17148, 36.780506 ], [ 127.171633, 36.78062 ], [ 127.171475, 36.780757 ], [ 127.171323, 36.780644 ], [ 127.17148, 36.780506 ] ] ] } },
{ "type": "Feature", "properties": { "id": 84881, "model": "building", "type": "2", "accuracy": "91.28", "area": "721.72", "address": "충청남도 아산시 배방읍 휴대리 154-10", "region_code": "4420025330", "memo": "" }, "geometry": { "type": "Polygon", "coordinates": [ [ [ 127.112669, 36.780617 ], [ 127.112987, 36.780602 ], [ 127.112998, 36.780748 ], [ 127.112679, 36.780763 ], [ 127.112669, 36.780617 ] ] ] } },
{ "type": "Feature", "properties": { "id": 84882, "model": "building", "type": "3", "accuracy": "83.39", "area": "242.99", "address": "충청남도 천안시 동남구 삼룡동 96-2", "region_code": "4413111000", "memo": "" }, "geometry": { "type": "Polygon", "coordinates": [ [ [ 127.170876, 36.780506 ], [ 127.171057, 36.780561 ], [ 127.171021, 36.780637 ], [ 127.17084, 36.780582 ], [ 127.170876, 36.780506 ] ] ] } },
{ "type": "Feature", "properties": { "id": 84883, "model": "building", "type": "2", "accuracy": "87.68", "area": "257.02", "address": "충청남도 아산시 배방읍 휴대리 154-11", "region_code": "4420025330", "memo": "" }, "geometry": { "type": "Polygon", "coordinates": [ [ [ 127.113162, 36.780693 ], [ 127.112997, 36.780685 ], [ 127.113005, 36.780584 ], [ 127.113169, 36.780592 ], [ 127.113162, 36.780693 ] ] ] } },
{ "type": "Feature", "properties": { "id": 84885, "model": "building", "type": "2", "accuracy": "88.63", "area": "407.85", "address": "충청남도 아산시 배방읍 휴대리 159", "region_code": "4420025330", "memo": "" }, "geometry": { "type": "Polygon", "coordinates": [ [ [ 127.114093, 36.780532 ], [ 127.114097, 36.780646 ], [ 127.113867, 36.780652 ], [ 127.113862, 36.780538 ], [ 127.114093, 36.780532 ] ] ] } },
{ "type": "Feature", "properties": { "id": 84887, "model": "building", "type": "3", "accuracy": "93.44", "area": "387.37", "address": "충청남도 천안시 동남구 삼룡동 96-2", "region_code": "4413111000", "memo": "" }, "geometry": { "type": "Polygon", "coordinates": [ [ [ 127.17119, 36.780407 ], [ 127.171377, 36.78055 ], [ 127.171294, 36.78062 ], [ 127.171107, 36.780477 ], [ 127.17119, 36.780407 ] ] ] } },
{ "type": "Feature", "properties": { "id": 84890, "model": "building", "type": "2", "accuracy": "97.39", "area": "134.97", "address": "충청남도 아산시 배방읍 휴대리 437-84", "region_code": "4420025330", "memo": "" }, "geometry": { "type": "Polygon", "coordinates": [ [ [ 127.112342, 36.780472 ], [ 127.112369, 36.780592 ], [ 127.112299, 36.780603 ], [ 127.112272, 36.780482 ], [ 127.112342, 36.780472 ] ] ] } },
{ "type": "Feature", "properties": { "id": 84893, "model": "building", "type": "1", "accuracy": "74.31", "area": "282.39", "address": "충청남도 천안시 동남구 삼룡동 90-4", "region_code": "4413111000", "memo": "" }, "geometry": { "type": "Polygon", "coordinates": [ [ [ 127.172852, 36.780379 ], [ 127.172765, 36.780546 ], [ 127.172672, 36.780514 ], [ 127.172759, 36.780347 ], [ 127.172852, 36.780379 ] ] ] } },
{ "type": "Feature", "properties": { "id": 84894, "model": "building", "type": "2", "accuracy": "98.05", "area": "675.77", "address": "충청남도 아산시 배방읍 휴대리 160-2", "region_code": "4420025330", "memo": "" }, "geometry": { "type": "Polygon", "coordinates": [ [ [ 127.114476, 36.780555 ], [ 127.114165, 36.780585 ], [ 127.114145, 36.780447 ], [ 127.114455, 36.780416 ], [ 127.114476, 36.780555 ] ] ] } },
{ "type": "Feature", "properties": { "id": 84896, "model": "building", "type": "3", "accuracy": "80.95", "area": "337.00", "address": "충청남도 천안시 동남구 삼룡동 90-4", "region_code": "4413111000", "memo": "" }, "geometry": { "type": "Polygon", "coordinates": [ [ [ 127.172798, 36.780334 ], [ 127.172707, 36.780523 ], [ 127.172607, 36.780493 ], [ 127.172698, 36.780303 ], [ 127.172798, 36.780334 ] ] ] } },
{ "type": "Feature", "properties": { "id": 84897, "model": "building", "type": "3", "accuracy": "80.24", "area": "398.04", "address": "충청남도 천안시 동남구 청당동 396-12", "region_code": "4413111100", "memo": "" }, "geometry": { "type": "Polygon", "coordinates": [ [ [ 127.142482, 36.780464 ], [ 127.142312, 36.780529 ], [ 127.142239, 36.780406 ], [ 127.142408, 36.780341 ], [ 127.142482, 36.780464 ] ] ] } },
{ "type": "Feature", "properties": { "id": 84898, "model": "building", "type": "3", "accuracy": "79.91", "area": "196.22", "address": "충청남도 천안시 동남구 삼룡동 96-17", "region_code": "4413111000", "memo": "" }, "geometry": { "type": "Polygon", "coordinates": [ [ [ 127.171223, 36.780277 ], [ 127.171126, 36.780427 ], [ 127.171059, 36.780399 ], [ 127.171156, 36.780249 ], [ 127.171223, 36.780277 ] ] ] } },
{ "type": "Feature", "properties": { "id": 84901, "model": "building", "type": "3", "accuracy": "88.27", "area": "221.18", "address": "충청남도 아산시 배방읍 휴대리 437-78", "region_code": "4420025330", "memo": "" }, "geometry": { "type": "Polygon", "coordinates": [ [ [ 127.114313, 36.780304 ], [ 127.11407, 36.7804 ], [ 127.114041, 36.780353 ], [ 127.114284, 36.780256 ], [ 127.114313, 36.780304 ] ] ] } },
{ "type": "Feature", "properties": { "id": 84902, "model": "building", "type": "3", "accuracy": "75.47", "area": "233.89", "address": "충청남도 천안시 동남구 청당동 127-36", "region_code": "4413111100", "memo": "" }, "geometry": { "type": "Polygon", "coordinates": [ [ [ 127.152562, 36.780225 ], [ 127.15287, 36.780221 ], [ 127.152871, 36.78027 ], [ 127.152563, 36.780274 ], [ 127.152562, 36.780225 ] ] ] } },
{ "type": "Feature", "properties": { "id": 84905, "model": "building", "type": "2", "accuracy": "89.03", "area": "742.19", "address": "충청남도 아산시 배방읍 휴대리 158-1", "region_code": "4420025330", "memo": "" }, "geometry": { "type": "Polygon", "coordinates": [ [ [ 127.114008, 36.780215 ], [ 127.114316, 36.780142 ], [ 127.114368, 36.780286 ], [ 127.11406, 36.780358 ], [ 127.114008, 36.780215 ] ] ] } },
{ "type": "Feature", "properties": { "id": 84907, "model": "building", "type": "3", "accuracy": "80.17", "area": "269.66", "address": "충청남도 아산시 배방읍 휴대리 158-1", "region_code": "4420025330", "memo": "" }, "geometry": { "type": "Polygon", "coordinates": [ [ [ 127.114302, 36.78021 ], [ 127.114125, 36.780309 ], [ 127.114068, 36.780243 ], [ 127.114245, 36.780144 ], [ 127.114302, 36.78021 ] ] ] } },
{ "type": "Feature", "properties": { "id": 84910, "model": "building", "type": "2", "accuracy": "96.1", "area": "772.70", "address": "충청남도 아산시 배방읍 휴대리 152-5", "region_code": "4420025330", "memo": "" }, "geometry": { "type": "Polygon", "coordinates": [ [ [ 127.113422, 36.780062 ], [ 127.113476, 36.780215 ], [ 127.113174, 36.780284 ], [ 127.11312, 36.78013 ], [ 127.113422, 36.780062 ] ] ] } },
{ "type": "Feature", "properties": { "id": 84914, "model": "building", "type": "2", "accuracy": "82.94", "area": "165.38", "address": "충청남도 아산시 배방읍 휴대리 152-5", "region_code": "4420025330", "memo": "" }, "geometry": { "type": "Polygon", "coordinates": [ [ [ 127.113284, 36.780027 ], [ 127.113359, 36.780094 ], [ 127.113271, 36.780158 ], [ 127.113196, 36.78009 ], [ 127.113284, 36.780027 ] ] ] } },
{ "type": "Feature", "properties": { "id": 84917, "model": "building", "type": "2", "accuracy": "90.34", "area": "1362.41", "address": "충청남도 아산시 배방읍 휴대리 147-1", "region_code": "4420025330", "memo": "" }, "geometry": { "type": "Polygon", "coordinates": [ [ [ 127.114391, 36.77996 ], [ 127.114083, 36.780206 ], [ 127.113906, 36.780062 ], [ 127.114214, 36.779816 ], [ 127.114391, 36.77996 ] ] ] } },
{ "type": "Feature", "properties": { "id": 84918, "model": "building", "type": "3", "accuracy": "87.82", "area": "390.80", "address": "충청남도 아산시 배방읍 휴대리 147-1", "region_code": "4420025330", "memo": "" }, "geometry": { "type": "Polygon", "coordinates": [ [ [ 127.114005, 36.780121 ], [ 127.11401, 36.779929 ], [ 127.114141, 36.779931 ], [ 127.114137, 36.780123 ], [ 127.114005, 36.780121 ] ] ] } },
{ "type": "Feature", "properties": { "id": 84922, "model": "building", "type": "2", "accuracy": "97.14", "area": "391.83", "address": "충청남도 아산시 배방읍 휴대리 139", "region_code": "4420025330", "memo": "" }, "geometry": { "type": "Polygon", "coordinates": [ [ [ 127.115711, 36.78006 ], [ 127.115735, 36.779918 ], [ 127.115909, 36.779936 ], [ 127.115886, 36.780079 ], [ 127.115711, 36.78006 ] ] ] } },
{ "type": "Feature", "properties": { "id": 84926, "model": "building", "type": "2", "accuracy": "93.18", "area": "662.02", "address": "충청남도 아산시 배방읍 휴대리 152-2", "region_code": "4420025330", "memo": "" }, "geometry": { "type": "Polygon", "coordinates": [ [ [ 127.113177, 36.780085 ], [ 127.112993, 36.779862 ], [ 127.113126, 36.779791 ], [ 127.11331, 36.780014 ], [ 127.113177, 36.780085 ] ] ] } },
{ "type": "Feature", "properties": { "id": 84927, "model": "building", "type": "2", "accuracy": "91.26", "area": "200.83", "address": "충청남도 아산시 배방읍 휴대리 152-2", "region_code": "4420025330", "memo": "" }, "geometry": { "type": "Polygon", "coordinates": [ [ [ 127.112846, 36.779961 ], [ 127.112965, 36.779863 ], [ 127.113033, 36.779916 ], [ 127.112914, 36.780014 ], [ 127.112846, 36.779961 ] ] ] } },
{ "type": "Feature", "properties": { "id": 84932, "model": "building", "type": "2", "accuracy": "95.74", "area": "412.97", "address": "충청남도 아산시 배방읍 휴대리 147-4", "region_code": "4420025330", "memo": "" }, "geometry": { "type": "Polygon", "coordinates": [ [ [ 127.114472, 36.779817 ], [ 127.11465, 36.779719 ], [ 127.114737, 36.779821 ], [ 127.114559, 36.779919 ], [ 127.114472, 36.779817 ] ] ] } },
{ "type": "Feature", "properties": { "id": 84946, "model": "building", "type": "2", "accuracy": "89.46", "area": "354.55", "address": "충청남도 아산시 배방읍 휴대리 137", "region_code": "4420025330", "memo": "" }, "geometry": { "type": "Polygon", "coordinates": [ [ [ 127.11743, 36.779567 ], [ 127.117482, 36.77972 ], [ 127.117342, 36.77975 ], [ 127.11729, 36.779598 ], [ 127.11743, 36.779567 ] ] ] } },
{ "type": "Feature", "properties": { "id": 84948, "model": "building", "type": "3", "accuracy": "73.05", "area": "207.37", "address": "충청남도 천안시 동남구 청당동 300", "region_code": "4413111100", "memo": "" }, "geometry": { "type": "Polygon", "coordinates": [ [ [ 127.151007, 36.77964 ], [ 127.151049, 36.779538 ], [ 127.151167, 36.77957 ], [ 127.151125, 36.779672 ], [ 127.151007, 36.77964 ] ] ] } },
{ "type": "Feature", "properties": { "id": 84952, "model": "building", "type": "2", "accuracy": "97.15", "area": "214.76", "address": "충청남도 아산시 배방읍 휴대리 149-1", "region_code": "4420025330", "memo": "" }, "geometry": { "type": "Polygon", "coordinates": [ [ [ 127.112933, 36.779536 ], [ 127.113044, 36.779473 ], [ 127.113117, 36.779556 ], [ 127.113006, 36.779619 ], [ 127.112933, 36.779536 ] ] ] } },
{ "type": "Feature", "properties": { "id": 84955, "model": "building", "type": "2", "accuracy": "96.95", "area": "443.41", "address": "충청남도 아산시 배방읍 휴대리 265", "region_code": "4420025330", "memo": "" }, "geometry": { "type": "Polygon", "coordinates": [ [ [ 127.108527, 36.779486 ], [ 127.108802, 36.779453 ], [ 127.108821, 36.779555 ], [ 127.108546, 36.779587 ], [ 127.108527, 36.779486 ] ] ] } },
{ "type": "Feature", "properties": { "id": 84957, "model": "building", "type": "1", "accuracy": "88.53", "area": "529.84", "address": "충청남도 천안시 동남구 신방동 953", "region_code": "4413111600", "memo": "" }, "geometry": { "type": "Polygon", "coordinates": [ [ [ 127.130303, 36.779414 ], [ 127.130519, 36.779383 ], [ 127.130553, 36.779537 ], [ 127.130337, 36.779568 ], [ 127.130303, 36.779414 ] ] ] } },
{ "type": "Feature", "properties": { "id": 84959, "model": "building", "type": "2", "accuracy": "96.04", "area": "203.35", "address": "충청남도 아산시 배방읍 휴대리 137", "region_code": "4420025330", "memo": "" }, "geometry": { "type": "Polygon", "coordinates": [ [ [ 127.11725, 36.779481 ], [ 127.117218, 36.779394 ], [ 127.117356, 36.779361 ], [ 127.117388, 36.779448 ], [ 127.11725, 36.779481 ] ] ] } },
{ "type": "Feature", "properties": { "id": 84960, "model": "building", "type": "1", "accuracy": "82.91", "area": "264.30", "address": "충청남도 천안시 동남구 삼룡동 102-1", "region_code": "4413111000", "memo": "" }, "geometry": { "type": "Polygon", "coordinates": [ [ [ 127.169122, 36.779315 ], [ 127.168983, 36.779427 ], [ 127.168906, 36.779366 ], [ 127.169046, 36.779254 ], [ 127.169122, 36.779315 ] ] ] } },
{ "type": "Feature", "properties": { "id": 84961, "model": "building", "type": "2", "accuracy": "97.1", "area": "133.27", "address": "충청남도 아산시 배방읍 휴대리 149", "region_code": "4420025330", "memo": "" }, "geometry": { "type": "Polygon", "coordinates": [ [ [ 127.113071, 36.779469 ], [ 127.113029, 36.7794 ], [ 127.11313, 36.77936 ], [ 127.113171, 36.77943 ], [ 127.113071, 36.779469 ] ] ] } },
{ "type": "Feature", "properties": { "id": 84963, "model": "building", "type": "1", "accuracy": "93.78", "area": "442.66", "address": "충청남도 천안시 동남구 삼룡동 98-16", "region_code": "4413111000", "memo": "" }, "geometry": { "type": "Polygon", "coordinates": [ [ [ 127.172902, 36.779346 ], [ 127.172769, 36.779249 ], [ 127.172902, 36.779131 ], [ 127.173035, 36.779228 ], [ 127.172902, 36.779346 ] ] ] } },
{ "type": "Feature", "properties": { "id": 84969, "model": "building", "type": "1", "accuracy": "65.81", "area": "290.86", "address": "충청남도 천안시 동남구 신방동 1011", "region_code": "4413111600", "memo": "" }, "geometry": { "type": "Polygon", "coordinates": [ [ [ 127.129392, 36.779265 ], [ 127.129386, 36.7791 ], [ 127.1295, 36.779097 ], [ 127.129505, 36.779262 ], [ 127.129392, 36.779265 ] ] ] } },
{ "type": "Feature", "properties": { "id": 84971, "model": "building", "type": "1", "accuracy": "89.63", "area": "1568.70", "address": "충청남도 천안시 동남구 삼룡동 102-1", "region_code": "4413111000", "memo": "" }, "geometry": { "type": "Polygon", "coordinates": [ [ [ 127.169226, 36.779129 ], [ 127.168953, 36.779336 ], [ 127.168722, 36.779139 ], [ 127.168995, 36.778932 ], [ 127.169226, 36.779129 ] ] ] } },
{ "type": "Feature", "properties": { "id": 84972, "model": "building", "type": "3", "accuracy": "95.96", "area": "814.52", "address": "충청남도 천안시 동남구 신방동 1010", "region_code": "4413111600", "memo": "" }, "geometry": { "type": "Polygon", "coordinates": [ [ [ 127.129442, 36.779272 ], [ 127.129427, 36.779095 ], [ 127.129724, 36.779079 ], [ 127.129738, 36.779256 ], [ 127.129442, 36.779272 ] ] ] } },
{ "type": "Feature", "properties": { "id": 84975, "model": "building", "type": "2", "accuracy": "91.06", "area": "1819.60", "address": "충청남도 아산시 배방읍 휴대리 265-4", "region_code": "4420025330", "memo": "" }, "geometry": { "type": "Polygon", "coordinates": [ [ [ 127.108442, 36.779306 ], [ 127.108478, 36.778958 ], [ 127.108813, 36.77898 ], [ 127.108777, 36.779328 ], [ 127.108442, 36.779306 ] ] ] } },
{ "type": "Feature", "properties": { "id": 84988, "model": "building", "type": "1", "accuracy": "80.71", "area": "206.20", "address": "충청남도 천안시 동남구 신방동 431-2", "region_code": "4413111600", "memo": "" }, "geometry": { "type": "Polygon", "coordinates": [ [ [ 127.125481, 36.779026 ], [ 127.125283, 36.778962 ], [ 127.125312, 36.778904 ], [ 127.12551, 36.778968 ], [ 127.125481, 36.779026 ] ] ] } },
{ "type": "Feature", "properties": { "id": 84989, "model": "building", "type": "1", "accuracy": "93.39", "area": "352.26", "address": "충청남도 천안시 동남구 신방동 196", "region_code": "4413111600", "memo": "" }, "geometry": { "type": "Polygon", "coordinates": [ [ [ 127.137805, 36.77903 ], [ 127.137721, 36.77888 ], [ 127.137847, 36.778834 ], [ 127.137931, 36.778984 ], [ 127.137805, 36.77903 ] ] ] } },
{ "type": "Feature", "properties": { "id": 84992, "model": "building", "type": "1", "accuracy": "97.29", "area": "315.52", "address": "충청남도 천안시 동남구 신방동 197-1", "region_code": "4413111600", "memo": "" }, "geometry": { "type": "Polygon", "coordinates": [ [ [ 127.138245, 36.778903 ], [ 127.138518, 36.778807 ], [ 127.138552, 36.77887 ], [ 127.13828, 36.778966 ], [ 127.138245, 36.778903 ] ] ] } },
{ "type": "Feature", "properties": { "id": 84996, "model": "building", "type": "2", "accuracy": "93.1", "area": "883.62", "address": "충청남도 아산시 배방읍 휴대리 260-1", "region_code": "4420025330", "memo": "" }, "geometry": { "type": "Polygon", "coordinates": [ [ [ 127.109079, 36.778736 ], [ 127.109383, 36.778843 ], [ 127.109297, 36.779 ], [ 127.108993, 36.778893 ], [ 127.109079, 36.778736 ] ] ] } },
{ "type": "Feature", "properties": { "id": 85006, "model": "building", "type": "2", "accuracy": "82.07", "area": "249.50", "address": "충청남도 천안시 동남구 삼룡동 102-1", "region_code": "4413111000", "memo": "" }, "geometry": { "type": "Polygon", "coordinates": [ [ [ 127.168411, 36.778623 ], [ 127.168464, 36.778532 ], [ 127.16861, 36.778586 ], [ 127.168557, 36.778677 ], [ 127.168411, 36.778623 ] ] ] } },
{ "type": "Feature", "properties": { "id": 85011, "model": "building", "type": "1", "accuracy": "87.22", "area": "307.39", "address": "충청남도 천안시 동남구 신방동 197-6", "region_code": "4413111600", "memo": "" }, "geometry": { "type": "Polygon", "coordinates": [ [ [ 127.138298, 36.778533 ], [ 127.13812, 36.778594 ], [ 127.13807, 36.778499 ], [ 127.138248, 36.778439 ], [ 127.138298, 36.778533 ] ] ] } },
{ "type": "Feature", "properties": { "id": 85013, "model": "building", "type": "2", "accuracy": "87.83", "area": "2074.66", "address": "충청남도 천안시 동남구 삼룡동 102-1", "region_code": "4413111000", "memo": "" }, "geometry": { "type": "Polygon", "coordinates": [ [ [ 127.169022, 36.778286 ], [ 127.168557, 36.778684 ], [ 127.168378, 36.778548 ], [ 127.168843, 36.778151 ], [ 127.169022, 36.778286 ] ] ] } },
{ "type": "Feature", "properties": { "id": 85014, "model": "building", "type": "3", "accuracy": "79.08", "area": "169.48", "address": "충청남도 천안시 동남구 청당동 1012", "region_code": "4413111100", "memo": "" }, "geometry": { "type": "Polygon", "coordinates": [ [ [ 127.144804, 36.778391 ], [ 127.144891, 36.778301 ], [ 127.144967, 36.778348 ], [ 127.14488, 36.778439 ], [ 127.144804, 36.778391 ] ] ] } },
{ "type": "Feature", "properties": { "id": 85016, "model": "building", "type": "2", "accuracy": "76.97", "area": "778.60", "address": "충청남도 천안시 동남구 삼룡동 102-1", "region_code": "4413111000", "memo": "" }, "geometry": { "type": "Polygon", "coordinates": [ [ [ 127.168684, 36.778369 ], [ 127.168932, 36.778164 ], [ 127.169058, 36.778262 ], [ 127.16881, 36.778468 ], [ 127.168684, 36.778369 ] ] ] } },
{ "type": "Feature", "properties": { "id": 85017, "model": "building", "type": "3", "accuracy": "93.66", "area": "964.00", "address": "충청남도 천안시 동남구 청당동 1012", "region_code": "4413111100", "memo": "" }, "geometry": { "type": "Polygon", "coordinates": [ [ [ 127.144923, 36.778302 ], [ 127.144681, 36.7785 ], [ 127.144521, 36.778374 ], [ 127.144763, 36.778176 ], [ 127.144923, 36.778302 ] ] ] } },
{ "type": "Feature", "properties": { "id": 85018, "model": "building", "type": "3", "accuracy": "96.67", "area": "2096.57", "address": "충청남도 천안시 동남구 청당동 1012", "region_code": "4413111100", "memo": "" }, "geometry": { "type": "Polygon", "coordinates": [ [ [ 127.145858, 36.778397 ], [ 127.146177, 36.778111 ], [ 127.146439, 36.7783 ], [ 127.14612, 36.778586 ], [ 127.145858, 36.778397 ] ] ] } },
{ "type": "Feature", "properties": { "id": 85020, "model": "building", "type": "3", "accuracy": "96.55", "area": "1403.68", "address": "충청남도 천안시 동남구 청당동 1012", "region_code": "4413111100", "memo": "" }, "geometry": { "type": "Polygon", "coordinates": [ [ [ 127.145756, 36.778308 ], [ 127.145499, 36.778511 ], [ 127.145279, 36.778331 ], [ 127.145536, 36.778128 ], [ 127.145756, 36.778308 ] ] ] } },
{ "type": "Feature", "properties": { "id": 85023, "model": "building", "type": "1", "accuracy": "86.3", "area": "401.85", "address": "충청남도 천안시 동남구 청당동 1012", "region_code": "4413111100", "memo": "" }, "geometry": { "type": "Polygon", "coordinates": [ [ [ 127.146379, 36.778145 ], [ 127.146396, 36.777926 ], [ 127.146515, 36.777933 ], [ 127.146497, 36.778151 ], [ 127.146379, 36.778145 ] ] ] } },
{ "type": "Feature", "properties": { "id": 85026, "model": "building", "type": "2", "accuracy": "87.03", "area": "726.56", "address": "충청남도 아산시 배방읍 휴대리 244", "region_code": "4420025330", "memo": "" }, "geometry": { "type": "Polygon", "coordinates": [ [ [ 127.110444, 36.778156 ], [ 127.110689, 36.777899 ], [ 127.110804, 36.777969 ], [ 127.110558, 36.778227 ], [ 127.110444, 36.778156 ] ] ] } },
{ "type": "Feature", "properties": { "id": 85031, "model": "building", "type": "3", "accuracy": "65.74", "area": "533.50", "address": "충청남도 천안시 동남구 청당동 1012", "region_code": "4413111100", "memo": "" }, "geometry": { "type": "Polygon", "coordinates": [ [ [ 127.146481, 36.777777 ], [ 127.146529, 36.778036 ], [ 127.146399, 36.778052 ], [ 127.146351, 36.777793 ], [ 127.146481, 36.777777 ] ] ] } },
{ "type": "Feature", "properties": { "id": 85034, "model": "building", "type": "3", "accuracy": "96.1", "area": "2312.52", "address": "충청남도 천안시 동남구 청당동 1012", "region_code": "4413111100", "memo": "" }, "geometry": { "type": "Polygon", "coordinates": [ [ [ 127.14492, 36.777922 ], [ 127.144676, 36.778119 ], [ 127.144295, 36.777814 ], [ 127.14454, 36.777617 ], [ 127.14492, 36.777922 ] ] ] } },
{ "type": "Feature", "properties": { "id": 85035, "model": "building", "type": "2", "accuracy": "81.88", "area": "232.82", "address": "충청남도 아산시 배방읍 휴대리 244", "region_code": "4420025330", "memo": "" }, "geometry": { "type": "Polygon", "coordinates": [ [ [ 127.110772, 36.777874 ], [ 127.110882, 36.777779 ], [ 127.110967, 36.777843 ], [ 127.110857, 36.777938 ], [ 127.110772, 36.777874 ] ] ] } },
{ "type": "Feature", "properties": { "id": 85039, "model": "building", "type": "1", "accuracy": "96.48", "area": "618.17", "address": "충청남도 천안시 동남구 청당동 95-1", "region_code": "4413111100", "memo": "" }, "geometry": { "type": "Polygon", "coordinates": [ [ [ 127.155255, 36.777881 ], [ 127.154978, 36.777647 ], [ 127.155068, 36.777578 ], [ 127.155344, 36.777813 ], [ 127.155255, 36.777881 ] ] ] } },
{ "type": "Feature", "properties": { "id": 85040, "model": "building", "type": "3", "accuracy": "95.98", "area": "2138.12", "address": "충청남도 천안시 동남구 청당동 1012", "region_code": "4413111100", "memo": "" }, "geometry": { "type": "Polygon", "coordinates": [ [ [ 127.145522, 36.777991 ], [ 127.145157, 36.777719 ], [ 127.145392, 36.777515 ], [ 127.145757, 36.777788 ], [ 127.145522, 36.777991 ] ] ] } },
{ "type": "Feature", "properties": { "id": 85041, "model": "building", "type": "3", "accuracy": "96.8", "area": "1911.36", "address": "충청남도 천안시 동남구 청당동 1012", "region_code": "4413111100", "memo": "" }, "geometry": { "type": "Polygon", "coordinates": [ [ [ 127.146365, 36.77765 ], [ 127.146022, 36.777927 ], [ 127.145798, 36.777748 ], [ 127.146142, 36.77747 ], [ 127.146365, 36.77765 ] ] ] } },
{ "type": "Feature", "properties": { "id": 85044, "model": "building", "type": "1", "accuracy": "97.57", "area": "274.97", "address": "충청남도 천안시 동남구 청당동 95-1", "region_code": "4413111100", "memo": "" }, "geometry": { "type": "Polygon", "coordinates": [ [ [ 127.155011, 36.777591 ], [ 127.154929, 36.777655 ], [ 127.154794, 36.777546 ], [ 127.154876, 36.777481 ], [ 127.155011, 36.777591 ] ] ] } },
{ "type": "Feature", "properties": { "id": 85045, "model": "building", "type": "2", "accuracy": "97.24", "area": "1062.08", "address": "충청남도 천안시 동남구 청당동 1020", "region_code": "4413111100", "memo": "" }, "geometry": { "type": "Polygon", "coordinates": [ [ [ 127.144034, 36.777319 ], [ 127.144195, 36.777753 ], [ 127.14405, 36.777788 ], [ 127.143889, 36.777354 ], [ 127.144034, 36.777319 ] ] ] } },
{ "type": "Feature", "properties": { "id": 85049, "model": "building", "type": "2", "accuracy": "84.37", "area": "125.33", "address": "충청남도 아산시 배방읍 휴대리 274-3", "region_code": "4420025330", "memo": "" }, "geometry": { "type": "Polygon", "coordinates": [ [ [ 127.107729, 36.777446 ], [ 127.107849, 36.777489 ], [ 127.107817, 36.777545 ], [ 127.107697, 36.777501 ], [ 127.107729, 36.777446 ] ] ] } },
{ "type": "Feature", "properties": { "id": 85050, "model": "building", "type": "1", "accuracy": "94.1", "area": "1262.91", "address": "충청남도 천안시 동남구 청당동 95-1", "region_code": "4413111100", "memo": "" }, "geometry": { "type": "Polygon", "coordinates": [ [ [ 127.155034, 36.77755 ], [ 127.154845, 36.777374 ], [ 127.155111, 36.77719 ], [ 127.1553, 36.777367 ], [ 127.155034, 36.77755 ] ] ] } },
{ "type": "Feature", "properties": { "id": 85051, "model": "building", "type": "3", "accuracy": "94.55", "area": "2929.56", "address": "충청남도 천안시 동남구 청당동 1012", "region_code": "4413111100", "memo": "" }, "geometry": { "type": "Polygon", "coordinates": [ [ [ 127.144831, 36.777404 ], [ 127.144583, 36.777613 ], [ 127.144109, 36.77725 ], [ 127.144357, 36.77704 ], [ 127.144831, 36.777404 ] ] ] } },
{ "type": "Feature", "properties": { "id": 85053, "model": "building", "type": "1", "accuracy": "91.79", "area": "665.53", "address": "충청남도 천안시 동남구 청당동 93-3", "region_code": "4413111100", "memo": "" }, "geometry": { "type": "Polygon", "coordinates": [ [ [ 127.15203, 36.777021 ], [ 127.152353, 36.7771 ], [ 127.152307, 36.777222 ], [ 127.151984, 36.777143 ], [ 127.15203, 36.777021 ] ] ] } },
{ "type": "Feature", "properties": { "id": 85055, "model": "building", "type": "2", "accuracy": "92.44", "area": "212.73", "address": "충청남도 아산시 배방읍 휴대리 131-2", "region_code": "4420025330", "memo": "" }, "geometry": { "type": "Polygon", "coordinates": [ [ [ 127.115994, 36.777145 ], [ 127.115913, 36.777231 ], [ 127.115812, 36.777169 ], [ 127.115893, 36.777083 ], [ 127.115994, 36.777145 ] ] ] } },
{ "type": "Feature", "properties": { "id": 85056, "model": "building", "type": "3", "accuracy": "52.82", "area": "238.05", "address": "충청남도 천안시 동남구 청당동 95-11", "region_code": "4413111100", "memo": "" }, "geometry": { "type": "Polygon", "coordinates": [ [ [ 127.155034, 36.777051 ], [ 127.154826, 36.777153 ], [ 127.154785, 36.777099 ], [ 127.154993, 36.776997 ], [ 127.155034, 36.777051 ] ] ] } },
{ "type": "Feature", "properties": { "id": 85057, "model": "building", "type": "3", "accuracy": "96.71", "area": "2713.36", "address": "충청남도 천안시 동남구 청당동 1012", "region_code": "4413111100", "memo": "" }, "geometry": { "type": "Polygon", "coordinates": [ [ [ 127.146162, 36.777412 ], [ 127.145776, 36.777049 ], [ 127.146055, 36.776857 ], [ 127.146441, 36.77722 ], [ 127.146162, 36.777412 ] ] ] } },
{ "type": "Feature", "properties": { "id": 85059, "model": "building", "type": "1", "accuracy": "94.51", "area": "375.28", "address": "충청남도 천안시 동남구 청당동 371", "region_code": "4413111100", "memo": "" }, "geometry": { "type": "Polygon", "coordinates": [ [ [ 127.14241, 36.776823 ], [ 127.142459, 36.777041 ], [ 127.14235, 36.777056 ], [ 127.142302, 36.776839 ], [ 127.14241, 36.776823 ] ] ] } },
{ "type": "Feature", "properties": { "id": 85061, "model": "building", "type": "2", "accuracy": "91.17", "area": "288.04", "address": "충청남도 천안시 동남구 청당동 331", "region_code": "4413111100", "memo": "" }, "geometry": { "type": "Polygon", "coordinates": [ [ [ 127.151918, 36.776847 ], [ 127.151676, 36.776857 ], [ 127.151671, 36.77678 ], [ 127.151914, 36.776771 ], [ 127.151918, 36.776847 ] ] ] } },
{ "type": "Feature", "properties": { "id": 85062, "model": "building", "type": "3", "accuracy": "80.28", "area": "136.83", "address": "충청남도 천안시 동남구 청당동 371", "region_code": "4413111100", "memo": "" }, "geometry": { "type": "Polygon", "coordinates": [ [ [ 127.14253, 36.776749 ], [ 127.142618, 36.776816 ], [ 127.142556, 36.776869 ], [ 127.142468, 36.776802 ], [ 127.14253, 36.776749 ] ] ] } },
{ "type": "Feature", "properties": { "id": 85064, "model": "building", "type": "3", "accuracy": "77.03", "area": "474.50", "address": "충청남도 천안시 동남구 신방동 1124", "region_code": "4413111600", "memo": "" }, "geometry": { "type": "Polygon", "coordinates": [ [ [ 127.130264, 36.776638 ], [ 127.130416, 36.776575 ], [ 127.130519, 36.776734 ], [ 127.130367, 36.776798 ], [ 127.130264, 36.776638 ] ] ] } },
{ "type": "Feature", "properties": { "id": 85067, "model": "building", "type": "3", "accuracy": "93.39", "area": "2712.03", "address": "충청남도 천안시 동남구 청당동 1012", "region_code": "4413111100", "memo": "" }, "geometry": { "type": "Polygon", "coordinates": [ [ [ 127.145654, 36.776785 ], [ 127.145415, 36.776983 ], [ 127.14496, 36.776628 ], [ 127.1452, 36.77643 ], [ 127.145654, 36.776785 ] ] ] } },
{ "type": "Feature", "properties": { "id": 85068, "model": "building", "type": "3", "accuracy": "95.37", "area": "3346.70", "address": "충청남도 천안시 동남구 청당동 1012", "region_code": "4413111100", "memo": "" }, "geometry": { "type": "Polygon", "coordinates": [ [ [ 127.144058, 36.776349 ], [ 127.144757, 36.776644 ], [ 127.144599, 36.776886 ], [ 127.143899, 36.776591 ], [ 127.144058, 36.776349 ] ] ] } },
{ "type": "Feature", "properties": { "id": 85072, "model": "building", "type": "2", "accuracy": "95.91", "area": "140.45", "address": "충청남도 아산시 배방읍 휴대리 95-1", "region_code": "4420025330", "memo": "" }, "geometry": { "type": "Polygon", "coordinates": [ [ [ 127.115442, 36.776617 ], [ 127.115365, 36.776648 ], [ 127.115307, 36.776553 ], [ 127.115385, 36.776523 ], [ 127.115442, 36.776617 ] ] ] } },
{ "type": "Feature", "properties": { "id": 85073, "model": "building", "type": "3", "accuracy": "91.57", "area": "1568.65", "address": "충청남도 천안시 동남구 청당동 1012", "region_code": "4413111100", "memo": "" }, "geometry": { "type": "Polygon", "coordinates": [ [ [ 127.146114, 36.776793 ], [ 127.145874, 36.776596 ], [ 127.146138, 36.776389 ], [ 127.146377, 36.776585 ], [ 127.146114, 36.776793 ] ] ] } },
{ "type": "Feature", "properties": { "id": 85075, "model": "building", "type": "2", "accuracy": "97.46", "area": "209.75", "address": "충청남도 아산시 배방읍 휴대리 89-2", "region_code": "4420025330", "memo": "" }, "geometry": { "type": "Polygon", "coordinates": [ [ [ 127.1147, 36.776422 ], [ 127.114878, 36.776445 ], [ 127.114863, 36.776519 ], [ 127.114686, 36.776497 ], [ 127.1147, 36.776422 ] ] ] } },
{ "type": "Feature", "properties": { "id": 85076, "model": "building", "type": "2", "accuracy": "90.13", "area": "756.64", "address": "충청남도 천안시 동남구 청당동 1012", "region_code": "4413111100", "memo": "" }, "geometry": { "type": "Polygon", "coordinates": [ [ [ 127.146419, 36.776274 ], [ 127.146605, 36.776455 ], [ 127.146445, 36.776562 ], [ 127.146259, 36.776381 ], [ 127.146419, 36.776274 ] ] ] } },
{ "type": "Feature", "properties": { "id": 85077, "model": "building", "type": "2", "accuracy": "97.04", "area": "329.21", "address": "충청남도 아산시 배방읍 휴대리 89-2", "region_code": "4420025330", "memo": "" }, "geometry": { "type": "Polygon", "coordinates": [ [ [ 127.114038, 36.776372 ], [ 127.113904, 36.776458 ], [ 127.113808, 36.77636 ], [ 127.113941, 36.776275 ], [ 127.114038, 36.776372 ] ] ] } },
{ "type": "Feature", "properties": { "id": 85078, "model": "building", "type": "2", "accuracy": "93.64", "area": "155.24", "address": "충청남도 아산시 배방읍 휴대리 89-2", "region_code": "4420025330", "memo": "" }, "geometry": { "type": "Polygon", "coordinates": [ [ [ 127.114309, 36.776306 ], [ 127.114198, 36.776293 ], [ 127.114214, 36.776205 ], [ 127.114325, 36.776218 ], [ 127.114309, 36.776306 ] ] ] } },
{ "type": "Feature", "properties": { "id": 85080, "model": "building", "type": "3", "accuracy": "92.46", "area": "522.14", "address": "충청남도 천안시 동남구 신방동 1158", "region_code": "4413111600", "memo": "" }, "geometry": { "type": "Polygon", "coordinates": [ [ [ 127.130522, 36.775785 ], [ 127.130705, 36.775703 ], [ 127.130803, 36.775843 ], [ 127.130619, 36.775925 ], [ 127.130522, 36.775785 ] ] ] } },
{ "type": "Feature", "properties": { "id": 85086, "model": "building", "type": "2", "accuracy": "87.6", "area": "234.62", "address": "충청남도 아산시 배방읍 휴대리 108-2", "region_code": "4420025330", "memo": "" }, "geometry": { "type": "Polygon", "coordinates": [ [ [ 127.116625, 36.775169 ], [ 127.116828, 36.775242 ], [ 127.116793, 36.775305 ], [ 127.11659, 36.775231 ], [ 127.116625, 36.775169 ] ] ] } },
{ "type": "Feature", "properties": { "id": 85087, "model": "building", "type": "3", "accuracy": "68.39", "area": "459.28", "address": "충청남도 천안시 동남구 청당동 86-10", "region_code": "4413111100", "memo": "" }, "geometry": { "type": "Polygon", "coordinates": [ [ [ 127.153251, 36.775139 ], [ 127.153506, 36.77509 ], [ 127.153539, 36.7752 ], [ 127.153285, 36.77525 ], [ 127.153251, 36.775139 ] ] ] } },
{ "type": "Feature", "properties": { "id": 85088, "model": "building", "type": "2", "accuracy": "77.48", "area": "220.18", "address": "충청남도 아산시 배방읍 휴대리 79-3", "region_code": "4420025330", "memo": "" }, "geometry": { "type": "Polygon", "coordinates": [ [ [ 127.115881, 36.775122 ], [ 127.115929, 36.775211 ], [ 127.115795, 36.775258 ], [ 127.115746, 36.77517 ], [ 127.115881, 36.775122 ] ] ] } },
{ "type": "Feature", "properties": { "id": 85091, "model": "road", "type": "2", "accuracy": "97.13", "area": "674.11", "address": "충청남도 천안시 서북구 업성동 465-6", "region_code": "4413310900", "memo": "" }, "geometry": { "type": "Polygon", "coordinates": [ [ [ 127.131114, 36.849754 ], [ 127.130943, 36.849783 ], [ 127.1308, 36.849817 ], [ 127.130788, 36.849817 ], [ 127.130771, 36.849799 ], [ 127.130697, 36.849815 ], [ 127.13067, 36.849813 ], [ 127.130643, 36.849825 ], [ 127.130636, 36.849825 ], [ 127.130629, 36.849802 ], [ 127.130637, 36.849792 ], [ 127.130565, 36.849782 ], [ 127.130491, 36.849786 ], [ 127.130484, 36.849788 ], [ 127.130484, 36.849887 ], [ 127.130393, 36.849904 ], [ 127.130382, 36.849913 ], [ 127.13041, 36.849932 ], [ 127.130461, 36.84993 ], [ 127.130484, 36.849924 ], [ 127.130484, 36.849917 ], [ 127.130537, 36.849914 ], [ 127.130656, 36.849886 ], [ 127.130678, 36.849876 ], [ 127.130682, 36.849853 ], [ 127.13071, 36.849844 ], [ 127.130726, 36.849843 ], [ 127.130734, 36.849852 ], [ 127.130767, 36.849858 ], [ 127.130796, 36.849845 ], [ 127.130847, 36.849843 ], [ 127.1309, 36.849827 ], [ 127.13094, 36.849827 ], [ 127.1311, 36.849786 ], [ 127.131126, 36.849786 ], [ 127.131132, 36.849794 ], [ 127.131169, 36.849801 ], [ 127.131173, 36.849729 ], [ 127.131114, 36.849754 ] ] ] } },
{ "type": "Feature", "properties": { "id": 85092, "model": "road", "type": "2", "accuracy": "97.53", "area": "104.34", "address": "충청남도 천안시 서북구 업성동 465-6", "region_code": "4413310900", "memo": "" }, "geometry": { "type": "Polygon", "coordinates": [ [ [ 127.130321, 36.849788 ], [ 127.130484, 36.849765 ], [ 127.130484, 36.84972 ], [ 127.130324, 36.849755 ], [ 127.130301, 36.84978 ], [ 127.130304, 36.849786 ], [ 127.130321, 36.849788 ] ] ] } },
{ "type": "Feature", "properties": { "id": 85093, "model": "road", "type": "2", "accuracy": "96.05", "area": "180.25", "address": "충청남도 천안시 서북구 업성동 465-6", "region_code": "4413310900", "memo": "" }, "geometry": { "type": "Polygon", "coordinates": [ [ [ 127.131587, 36.849509 ], [ 127.131671, 36.84978 ], [ 127.131703, 36.8498 ], [ 127.13171, 36.849765 ], [ 127.131689, 36.849737 ], [ 127.131674, 36.849691 ], [ 127.131677, 36.84966 ], [ 127.131669, 36.84964 ], [ 127.13166, 36.84964 ], [ 127.131662, 36.849619 ], [ 127.131643, 36.849561 ], [ 127.131599, 36.849481 ], [ 127.131566, 36.849454 ], [ 127.131562, 36.849462 ], [ 127.131587, 36.849509 ] ] ] } },
{ "type": "Feature", "properties": { "id": 85094, "model": "road", "type": "2", "accuracy": "96.7", "area": "79.14", "address": "충청남도 천안시 서북구 업성동 465-6", "region_code": "4413310900", "memo": "" }, "geometry": { "type": "Polygon", "coordinates": [ [ [ 127.129487, 36.849687 ], [ 127.129519, 36.849651 ], [ 127.12952, 36.84963 ], [ 127.129534, 36.849618 ], [ 127.129534, 36.849565 ], [ 127.129505, 36.849566 ], [ 127.129487, 36.849642 ], [ 127.12945, 36.849643 ], [ 127.12945, 36.849689 ], [ 127.129487, 36.849687 ] ] ] } },
{ "type": "Feature", "properties": { "id": 85095, "model": "road", "type": "2", "accuracy": "96.59", "area": "105.68", "address": "충청남도 천안시 서북구 업성동 465-6", "region_code": "4413310900", "memo": "" }, "geometry": { "type": "Polygon", "coordinates": [ [ [ 127.129218, 36.849642 ], [ 127.129226, 36.849618 ], [ 127.129138, 36.849593 ], [ 127.129032, 36.849581 ], [ 127.129014, 36.849596 ], [ 127.129032, 36.849611 ], [ 127.129106, 36.84962 ], [ 127.129114, 36.849633 ], [ 127.129148, 36.849634 ], [ 127.129166, 36.849643 ], [ 127.129218, 36.849642 ] ] ] } },
{ "type": "Feature", "properties": { "id": 85096, "model": "road", "type": "2", "accuracy": "95.88", "area": "123.03", "address": "충청남도 천안시 서북구 업성동 465-18", "region_code": "4413310900", "memo": "" }, "geometry": { "type": "Polygon", "coordinates": [ [ [ 127.128216, 36.849615 ], [ 127.128261, 36.849599 ], [ 127.128288, 36.849581 ], [ 127.128342, 36.849571 ], [ 127.128363, 36.849547 ], [ 127.128382, 36.849505 ], [ 127.128354, 36.849505 ], [ 127.128343, 36.849528 ], [ 127.128308, 36.849552 ], [ 127.128288, 36.849555 ], [ 127.128273, 36.849545 ], [ 127.128238, 36.849546 ], [ 127.128172, 36.849611 ], [ 127.128176, 36.84962 ], [ 127.128216, 36.849615 ] ] ] } },
{ "type": "Feature", "properties": { "id": 85097, "model": "road", "type": "1", "accuracy": "97.92", "area": "201.65", "address": "충청남도 천안시 서북구 신당동 300", "region_code": "4413311000", "memo": "" }, "geometry": { "type": "Polygon", "coordinates": [ [ [ 127.160961, 36.84947 ], [ 127.160951, 36.84951 ], [ 127.16096, 36.849529 ], [ 127.161139, 36.849548 ], [ 127.161139, 36.849465 ], [ 127.160961, 36.84947 ] ] ] } },
{ "type": "Feature", "properties": { "id": 85098, "model": "road", "type": "2", "accuracy": "96.83", "area": "147.81", "address": "충청남도 천안시 서북구 성성동 303-4", "region_code": "4413310500", "memo": "" }, "geometry": { "type": "Polygon", "coordinates": [ [ [ 127.1248, 36.849486 ], [ 127.124992, 36.849457 ], [ 127.125037, 36.849422 ], [ 127.125022, 36.849411 ], [ 127.124995, 36.849412 ], [ 127.124959, 36.84943 ], [ 127.124928, 36.849419 ], [ 127.124901, 36.84942 ], [ 127.1248, 36.849446 ], [ 127.1248, 36.849486 ] ] ] } },
{ "type": "Feature", "properties": { "id": 85100, "model": "road", "type": "2", "accuracy": "96.69", "area": "148.47", "address": "충청남도 천안시 서북구 차암동 206", "region_code": "4413310600", "memo": "" }, "geometry": { "type": "Polygon", "coordinates": [ [ [ 127.113167, 36.849467 ], [ 127.1134, 36.849435 ], [ 127.113433, 36.849416 ], [ 127.113433, 36.849377 ], [ 127.113252, 36.849421 ], [ 127.113184, 36.849448 ], [ 127.113167, 36.849467 ] ] ] } },
{ "type": "Feature", "properties": { "id": 85101, "model": "road", "type": "2", "accuracy": "95.96", "area": "107.79", "address": "충청남도 천안시 서북구 업성동 465-6", "region_code": "4413310900", "memo": "" }, "geometry": { "type": "Polygon", "coordinates": [ [ [ 127.128417, 36.84947 ], [ 127.128476, 36.849415 ], [ 127.128493, 36.849409 ], [ 127.12854, 36.84933 ], [ 127.128531, 36.849303 ], [ 127.128497, 36.849317 ], [ 127.128453, 36.84939 ], [ 127.128417, 36.849422 ], [ 127.128417, 36.84947 ] ] ] } },
{ "type": "Feature", "properties": { "id": 85104, "model": "road", "type": "1", "accuracy": "97.23", "area": "375.97", "address": "충청남도 아산시 음봉면 산동리 230-16", "region_code": "4420035033", "memo": "" }, "geometry": { "type": "Polygon", "coordinates": [ [ [ 127.106042, 36.849234 ], [ 127.106159, 36.849206 ], [ 127.106178, 36.849174 ], [ 127.1062, 36.849173 ], [ 127.1062, 36.849164 ], [ 127.106007, 36.849181 ], [ 127.10598, 36.849188 ], [ 127.105961, 36.849206 ], [ 127.105947, 36.849239 ], [ 127.105949, 36.849265 ], [ 127.105979, 36.849389 ], [ 127.105998, 36.849402 ], [ 127.106033, 36.849399 ], [ 127.106059, 36.849371 ], [ 127.106038, 36.849256 ], [ 127.106042, 36.849234 ] ] ] } },
{ "type": "Feature", "properties": { "id": 85105, "model": "road", "type": "1", "accuracy": "97.25", "area": "332.19", "address": "충청남도 아산시 음봉면 산동리 230-16", "region_code": "4420035033", "memo": "" }, "geometry": { "type": "Polygon", "coordinates": [ [ [ 127.106436, 36.84925 ], [ 127.106454, 36.849229 ], [ 127.106535, 36.849213 ], [ 127.106552, 36.849192 ], [ 127.106543, 36.849165 ], [ 127.1062, 36.849198 ], [ 127.1062, 36.849252 ], [ 127.106228, 36.849262 ], [ 127.106317, 36.84925 ], [ 127.106436, 36.84925 ] ] ] } },
{ "type": "Feature", "properties": { "id": 85106, "model": "road", "type": "1", "accuracy": "96.83", "area": "272.49", "address": "충청남도 아산시 음봉면 산동리 243-71", "region_code": "4420035033", "memo": "" }, "geometry": { "type": "Polygon", "coordinates": [ [ [ 127.101205, 36.849094 ], [ 127.101135, 36.849043 ], [ 127.101089, 36.849061 ], [ 127.101254, 36.849232 ], [ 127.101272, 36.849244 ], [ 127.101283, 36.849242 ], [ 127.101273, 36.84926 ], [ 127.101312, 36.849291 ], [ 127.101324, 36.849317 ], [ 127.101349, 36.849313 ], [ 127.101356, 36.849296 ], [ 127.101351, 36.84926 ], [ 127.101334, 36.849254 ], [ 127.101329, 36.849234 ], [ 127.101206, 36.849111 ], [ 127.101205, 36.849094 ] ] ] } },
{ "type": "Feature", "properties": { "id": 85108, "model": "road", "type": "2", "accuracy": "97.78", "area": "1041.62", "address": "충청남도 천안시 서북구 성성동 287-18", "region_code": "4413310500", "memo": "" }, "geometry": { "type": "Polygon", "coordinates": [ [ [ 127.125428, 36.849263 ], [ 127.125475, 36.849163 ], [ 127.125488, 36.849157 ], [ 127.125494, 36.849133 ], [ 127.125526, 36.849099 ], [ 127.125597, 36.848971 ], [ 127.125653, 36.848896 ], [ 127.12566, 36.84887 ], [ 127.125674, 36.848858 ], [ 127.125682, 36.848816 ], [ 127.125575, 36.848817 ], [ 127.125531, 36.848884 ], [ 127.125501, 36.848905 ], [ 127.125489, 36.84894 ], [ 127.125488, 36.84898 ], [ 127.125472, 36.848989 ], [ 127.125413, 36.849097 ], [ 127.125349, 36.849186 ], [ 127.125322, 36.849208 ], [ 127.125279, 36.849227 ], [ 127.125244, 36.849241 ], [ 127.125205, 36.849245 ], [ 127.125191, 36.849258 ], [ 127.125176, 36.8493 ], [ 127.125205, 36.849304 ], [ 127.125267, 36.84929 ], [ 127.125291, 36.849291 ], [ 127.125335, 36.849328 ], [ 127.125339, 36.849342 ], [ 127.125354, 36.849343 ], [ 127.125376, 36.849328 ], [ 127.125428, 36.849263 ] ] ] } },
{ "type": "Feature", "properties": { "id": 85109, "model": "road", "type": "2", "accuracy": "95.98", "area": "80.88", "address": "충청남도 천안시 서북구 성성동 292-3", "region_code": "4413310500", "memo": "" }, "geometry": { "type": "Polygon", "coordinates": [ [ [ 127.126581, 36.849185 ], [ 127.126586, 36.849152 ], [ 127.126601, 36.84913 ], [ 127.126609, 36.849041 ], [ 127.126621, 36.849007 ], [ 127.126612, 36.84899 ], [ 127.126593, 36.849001 ], [ 127.126575, 36.849057 ], [ 127.126566, 36.849176 ], [ 127.126572, 36.849191 ], [ 127.126581, 36.849185 ] ] ] } },
{ "type": "Feature", "properties": { "id": 85112, "model": "road", "type": "2", "accuracy": "94.44", "area": "90.91", "address": "충청남도 아산시 음봉면 산동리 1094-2", "region_code": "4420035033", "memo": "" }, "geometry": { "type": "Polygon", "coordinates": [ [ [ 127.105659, 36.849084 ], [ 127.105637, 36.848941 ], [ 127.105625, 36.848921 ], [ 127.105638, 36.848912 ], [ 127.105641, 36.848866 ], [ 127.105621, 36.848831 ], [ 127.105613, 36.848872 ], [ 127.105618, 36.84902 ], [ 127.10563, 36.849065 ], [ 127.105646, 36.849086 ], [ 127.105659, 36.849084 ] ] ] } },
{ "type": "Feature", "properties": { "id": 85114, "model": "road", "type": "1", "accuracy": "97.05", "area": "440.11", "address": "충청남도 아산시 음봉면 산동리 243-29", "region_code": "4420035033", "memo": "" }, "geometry": { "type": "Polygon", "coordinates": [ [ [ 127.100742, 36.848832 ], [ 127.100778, 36.848818 ], [ 127.100841, 36.84882 ], [ 127.100906, 36.848885 ], [ 127.100926, 36.8489 ], [ 127.100934, 36.848898 ], [ 127.100934, 36.848879 ], [ 127.100919, 36.84886 ], [ 127.100928, 36.848845 ], [ 127.100909, 36.848829 ], [ 127.100887, 36.848785 ], [ 127.100817, 36.848709 ], [ 127.100805, 36.848701 ], [ 127.100759, 36.848701 ], [ 127.100693, 36.848793 ], [ 127.100614, 36.848934 ], [ 127.100664, 36.848946 ], [ 127.100742, 36.848832 ] ] ] } },
{ "type": "Feature", "properties": { "id": 85116, "model": "road", "type": "1", "accuracy": "97.85", "area": "4779.99", "address": "충청남도 천안시 서북구 성성동 292-3", "region_code": "4413310500", "memo": "" }, "geometry": { "type": "Polygon", "coordinates": [ [ [ 127.127542, 36.847969 ], [ 127.127585, 36.84793 ], [ 127.127553, 36.847881 ], [ 127.12744, 36.84792 ], [ 127.12738, 36.847961 ], [ 127.127341, 36.847975 ], [ 127.127336, 36.847984 ], [ 127.127293, 36.847984 ], [ 127.127267, 36.847992 ], [ 127.127097, 36.848065 ], [ 127.127037, 36.848109 ], [ 127.127037, 36.848153 ], [ 127.127015, 36.848167 ], [ 127.126998, 36.848173 ], [ 127.126987, 36.848167 ], [ 127.126961, 36.848169 ], [ 127.126917, 36.848191 ], [ 127.12689, 36.848183 ], [ 127.126867, 36.848193 ], [ 127.126826, 36.848229 ], [ 127.12678, 36.848245 ], [ 127.126758, 36.84826 ], [ 127.126768, 36.848264 ], [ 127.126754, 36.848264 ], [ 127.126745, 36.848276 ], [ 127.126697, 36.848301 ], [ 127.126674, 36.848334 ], [ 127.1266, 36.848375 ], [ 127.126589, 36.848421 ], [ 127.126546, 36.84844 ], [ 127.126539, 36.84843 ], [ 127.126516, 36.848427 ], [ 127.126473, 36.848456 ], [ 127.126471, 36.84847 ], [ 127.126495, 36.848483 ], [ 127.126488, 36.848493 ], [ 127.126465, 36.848506 ], [ 127.126443, 36.848506 ], [ 127.12642, 36.848523 ], [ 127.126427, 36.848528 ], [ 127.126416, 36.848525 ], [ 127.126397, 36.848545 ], [ 127.126349, 36.84856 ], [ 127.126349, 36.848591 ], [ 127.12633, 36.848626 ], [ 127.126331, 36.84865 ], [ 127.126349, 36.848659 ], [ 127.126349, 36.848667 ], [ 127.126374, 36.848655 ], [ 127.126581, 36.848508 ], [ 127.126665, 36.848464 ], [ 127.126718, 36.848416 ], [ 127.126939, 36.848272 ], [ 127.126945, 36.848261 ], [ 127.127037, 36.84821 ], [ 127.127037, 36.8482 ], [ 127.127111, 36.848149 ], [ 127.127351, 36.848067 ], [ 127.127381, 36.848064 ], [ 127.127404, 36.848073 ], [ 127.127436, 36.848075 ], [ 127.127458, 36.848096 ], [ 127.127564, 36.848256 ], [ 127.127579, 36.848264 ], [ 127.127621, 36.848344 ], [ 127.127641, 36.84837 ], [ 127.12766, 36.848378 ], [ 127.127764, 36.848548 ], [ 127.12785, 36.84865 ], [ 127.12785, 36.848688 ], [ 127.127896, 36.848797 ], [ 127.127971, 36.849034 ], [ 127.12798, 36.849089 ], [ 127.128052, 36.849293 ], [ 127.128088, 36.849336 ], [ 127.12812, 36.849352 ], [ 127.128187, 36.849422 ], [ 127.128176, 36.8494 ], [ 127.128231, 36.849416 ], [ 127.12827, 36.849438 ], [ 127.128293, 36.849439 ], [ 127.128327, 36.849457 ], [ 127.128332, 36.849481 ], [ 127.128344, 36.849481 ], [ 127.128364, 36.84946 ], [ 127.128379, 36.849459 ], [ 127.128394, 36.849443 ], [ 127.128406, 36.849407 ], [ 127.128395, 36.849372 ], [ 127.128386, 36.849369 ], [ 127.128372, 36.849333 ], [ 127.128345, 36.849297 ], [ 127.12805, 36.848956 ], [ 127.127995, 36.848856 ], [ 127.12794, 36.848723 ], [ 127.127915, 36.84868 ], [ 127.127899, 36.848674 ], [ 127.127897, 36.848657 ], [ 127.12787, 36.848639 ], [ 127.127864, 36.848619 ], [ 127.127829, 36.848585 ], [ 127.127808, 36.848546 ], [ 127.127818, 36.848519 ], [ 127.127806, 36.848496 ], [ 127.127532, 36.848039 ], [ 127.127521, 36.848003 ], [ 127.127542, 36.847969 ] ] ] } },
{ "type": "Feature", "properties": { "id": 85117, "model": "road", "type": "2", "accuracy": "96.37", "area": "331.87", "address": "충청남도 천안시 서북구 성성동 287-18", "region_code": "4413310500", "memo": "" }, "geometry": { "type": "Polygon", "coordinates": [ [ [ 127.125659, 36.848795 ], [ 127.125703, 36.848764 ], [ 127.125739, 36.84875 ], [ 127.125757, 36.84872 ], [ 127.125751, 36.848661 ], [ 127.125798, 36.848571 ], [ 127.125793, 36.848554 ], [ 127.125804, 36.848551 ], [ 127.125805, 36.848535 ], [ 127.125834, 36.848523 ], [ 127.125842, 36.848487 ], [ 127.125888, 36.848432 ], [ 127.125896, 36.8484 ], [ 127.125852, 36.8484 ], [ 127.125836, 36.848416 ], [ 127.125799, 36.848496 ], [ 127.125735, 36.848582 ], [ 127.125732, 36.84862 ], [ 127.125704, 36.848648 ], [ 127.125681, 36.848725 ], [ 127.12563, 36.848777 ], [ 127.125632, 36.848805 ], [ 127.125652, 36.848812 ], [ 127.125659, 36.848795 ] ] ] } },
{ "type": "Feature", "properties": { "id": 85118, "model": "road", "type": "2", "accuracy": "97.2", "area": "721.10", "address": "충청남도 천안시 서북구 성성동 287-18", "region_code": "4413310500", "memo": "" }, "geometry": { "type": "Polygon", "coordinates": [ [ [ 127.124538, 36.848805 ], [ 127.124641, 36.848711 ], [ 127.124648, 36.84869 ], [ 127.124643, 36.848679 ], [ 127.124666, 36.848677 ], [ 127.124678, 36.848646 ], [ 127.124729, 36.848569 ], [ 127.124727, 36.848544 ], [ 127.124743, 36.848525 ], [ 127.124745, 36.848508 ], [ 127.124792, 36.848486 ], [ 127.124798, 36.848465 ], [ 127.124784, 36.848456 ], [ 127.124782, 36.848444 ], [ 127.124829, 36.848404 ], [ 127.124798, 36.848402 ], [ 127.124798, 36.848393 ], [ 127.124827, 36.848392 ], [ 127.124843, 36.84838 ], [ 127.124852, 36.848353 ], [ 127.12484, 36.848336 ], [ 127.124813, 36.848337 ], [ 127.124798, 36.84833 ], [ 127.124798, 36.848357 ], [ 127.12477, 36.848359 ], [ 127.124746, 36.84838 ], [ 127.124655, 36.848541 ], [ 127.124617, 36.848583 ], [ 127.124579, 36.848652 ], [ 127.124563, 36.848663 ], [ 127.124557, 36.848691 ], [ 127.124501, 36.848751 ], [ 127.124497, 36.848775 ], [ 127.124456, 36.848839 ], [ 127.124463, 36.848852 ], [ 127.124472, 36.848852 ], [ 127.124471, 36.848869 ], [ 127.124483, 36.848888 ], [ 127.124498, 36.848898 ], [ 127.124529, 36.848881 ], [ 127.124538, 36.848805 ] ] ] } },
{ "type": "Feature", "properties": { "id": 85119, "model": "road", "type": "2", "accuracy": "96.96", "area": "151.14", "address": "충청남도 천안시 서북구 부대동 974", "region_code": "4413311100", "memo": "" }, "geometry": { "type": "Polygon", "coordinates": [ [ [ 127.150902, 36.848643 ], [ 127.150932, 36.848622 ], [ 127.150991, 36.848554 ], [ 127.151034, 36.848499 ], [ 127.15103, 36.848481 ], [ 127.151003, 36.848479 ], [ 127.150983, 36.848489 ], [ 127.15091, 36.848579 ], [ 127.150864, 36.848618 ], [ 127.150858, 36.848638 ], [ 127.150866, 36.848648 ], [ 127.150902, 36.848643 ] ] ] } },
{ "type": "Feature", "properties": { "id": 85120, "model": "road", "type": "1", "accuracy": "94.7", "area": "76.57", "address": "충청남도 천안시 서북구 성성동 287-11", "region_code": "4413310500", "memo": "" }, "geometry": { "type": "Polygon", "coordinates": [ [ [ 127.12621, 36.848568 ], [ 127.126246, 36.848549 ], [ 127.126348, 36.848512 ], [ 127.126348, 36.848462 ], [ 127.126323, 36.848469 ], [ 127.126301, 36.848494 ], [ 127.126205, 36.848547 ], [ 127.126201, 36.848559 ], [ 127.12621, 36.848568 ] ] ] } },
{ "type": "Feature", "properties": { "id": 85121, "model": "road", "type": "2", "accuracy": "96.42", "area": "94.67", "address": "충청남도 천안시 서북구 성성동 324-2", "region_code": "4413310500", "memo": "" }, "geometry": { "type": "Polygon", "coordinates": [ [ [ 127.12011, 36.848525 ], [ 127.120114, 36.848514 ], [ 127.120077, 36.848498 ], [ 127.119941, 36.848477 ], [ 127.119913, 36.848476 ], [ 127.119898, 36.848486 ], [ 127.119908, 36.848503 ], [ 127.119933, 36.84851 ], [ 127.119975, 36.84851 ], [ 127.120068, 36.848531 ], [ 127.12011, 36.848525 ] ] ] } },
{ "type": "Feature", "properties": { "id": 85125, "model": "road", "type": "2", "accuracy": "96.1", "area": "130.26", "address": "충청남도 천안시 서북구 성성동 287-18", "region_code": "4413310500", "memo": "" }, "geometry": { "type": "Polygon", "coordinates": [ [ [ 127.125472, 36.84814 ], [ 127.125476, 36.848121 ], [ 127.125458, 36.848108 ], [ 127.12538, 36.848093 ], [ 127.125356, 36.848067 ], [ 127.125356, 36.848048 ], [ 127.12534, 36.848035 ], [ 127.125317, 36.848025 ], [ 127.125282, 36.848027 ], [ 127.12529, 36.848081 ], [ 127.125372, 36.848119 ], [ 127.125437, 36.848138 ], [ 127.125432, 36.848145 ], [ 127.125472, 36.84814 ] ] ] } },
{ "type": "Feature", "properties": { "id": 85127, "model": "road", "type": "2", "accuracy": "95.49", "area": "126.32", "address": "충청남도 천안시 서북구 성성동 286-3", "region_code": "4413310500", "memo": "" }, "geometry": { "type": "Polygon", "coordinates": [ [ [ 127.126848, 36.848098 ], [ 127.126839, 36.848075 ], [ 127.126872, 36.848049 ], [ 127.126867, 36.848002 ], [ 127.126856, 36.847998 ], [ 127.126845, 36.848004 ], [ 127.126833, 36.847996 ], [ 127.126813, 36.848001 ], [ 127.126798, 36.847984 ], [ 127.126747, 36.847984 ], [ 127.126751, 36.848017 ], [ 127.126766, 36.848019 ], [ 127.126765, 36.848026 ], [ 127.126789, 36.84804 ], [ 127.12679, 36.848064 ], [ 127.126804, 36.848065 ], [ 127.126811, 36.848086 ], [ 127.126819, 36.848086 ], [ 127.126827, 36.848099 ], [ 127.126836, 36.848103 ], [ 127.126848, 36.848098 ] ] ] } },
{ "type": "Feature", "properties": { "id": 85129, "model": "road", "type": "2", "accuracy": "96.96", "area": "364.20", "address": "충청남도 천안시 서북구 성성동 287-18", "region_code": "4413310500", "memo": "" }, "geometry": { "type": "Polygon", "coordinates": [ [ [ 127.125127, 36.847982 ], [ 127.125199, 36.847995 ], [ 127.125228, 36.848013 ], [ 127.125242, 36.848006 ], [ 127.125231, 36.847978 ], [ 127.125204, 36.847964 ], [ 127.125134, 36.847937 ], [ 127.125048, 36.84792 ], [ 127.124977, 36.847987 ], [ 127.12495, 36.848039 ], [ 127.124946, 36.848085 ], [ 127.124915, 36.848101 ], [ 127.124897, 36.848126 ], [ 127.124944, 36.848131 ], [ 127.124971, 36.848125 ], [ 127.125013, 36.848069 ], [ 127.125045, 36.848055 ], [ 127.125072, 36.848007 ], [ 127.125094, 36.847989 ], [ 127.125127, 36.847982 ] ] ] } },
{ "type": "Feature", "properties": { "id": 85130, "model": "road", "type": "1", "accuracy": "96.43", "area": "345.49", "address": "충청남도 천안시 서북구 차암동 210-2", "region_code": "4413310600", "memo": "" }, "geometry": { "type": "Polygon", "coordinates": [ [ [ 127.115485, 36.847523 ], [ 127.115515, 36.847612 ], [ 127.115531, 36.84762 ], [ 127.115669, 36.847619 ], [ 127.115669, 36.84758 ], [ 127.115595, 36.84758 ], [ 127.115591, 36.847575 ], [ 127.115606, 36.847558 ], [ 127.115601, 36.847518 ], [ 127.115615, 36.847482 ], [ 127.115614, 36.847466 ], [ 127.115603, 36.847459 ], [ 127.11557, 36.847451 ], [ 127.115536, 36.847457 ], [ 127.115505, 36.847441 ], [ 127.115478, 36.847446 ], [ 127.115466, 36.847468 ], [ 127.115465, 36.847494 ], [ 127.115485, 36.847523 ] ] ] } },
{ "type": "Feature", "properties": { "id": 85131, "model": "road", "type": "2", "accuracy": "96.98", "area": "2719.88", "address": "충청남도 천안시 서북구 성성동 287-18", "region_code": "4413310500", "memo": "" }, "geometry": { "type": "Polygon", "coordinates": [ [ [ 127.126874, 36.846797 ], [ 127.126744, 36.847001 ], [ 127.126704, 36.847051 ], [ 127.126625, 36.847197 ], [ 127.126579, 36.847247 ], [ 127.126546, 36.847316 ], [ 127.126524, 36.847337 ], [ 127.126487, 36.847404 ], [ 127.126458, 36.847431 ], [ 127.12646, 36.847453 ], [ 127.126418, 36.847507 ], [ 127.126385, 36.84757 ], [ 127.126347, 36.847609 ], [ 127.126326, 36.847659 ], [ 127.126262, 36.847745 ], [ 127.126203, 36.847845 ], [ 127.12621, 36.847846 ], [ 127.126206, 36.847856 ], [ 127.126182, 36.847872 ], [ 127.126156, 36.847908 ], [ 127.126127, 36.847968 ], [ 127.126036, 36.848105 ], [ 127.126003, 36.848132 ], [ 127.126003, 36.848154 ], [ 127.125966, 36.848154 ], [ 127.125907, 36.848172 ], [ 127.125833, 36.848165 ], [ 127.12578, 36.848198 ], [ 127.125773, 36.848225 ], [ 127.125796, 36.848229 ], [ 127.125861, 36.8482 ], [ 127.125964, 36.848196 ], [ 127.125981, 36.848198 ], [ 127.125994, 36.848211 ], [ 127.126003, 36.848207 ], [ 127.126004, 36.84823 ], [ 127.125994, 36.848226 ], [ 127.125965, 36.848242 ], [ 127.125946, 36.848275 ], [ 127.125951, 36.848285 ], [ 127.125978, 36.848289 ], [ 127.126004, 36.848279 ], [ 127.126004, 36.848332 ], [ 127.126029, 36.848313 ], [ 127.126025, 36.848258 ], [ 127.126061, 36.848217 ], [ 127.126068, 36.848166 ], [ 127.12613, 36.848123 ], [ 127.126161, 36.848143 ], [ 127.126186, 36.848136 ], [ 127.126151, 36.848104 ], [ 127.12612, 36.848124 ], [ 127.126111, 36.848111 ], [ 127.126124, 36.848091 ], [ 127.126142, 36.848084 ], [ 127.126193, 36.84804 ], [ 127.126188, 36.848013 ], [ 127.1262, 36.847969 ], [ 127.126253, 36.847931 ], [ 127.126264, 36.847899 ], [ 127.126308, 36.84785 ], [ 127.126304, 36.847843 ], [ 127.126327, 36.847833 ], [ 127.126338, 36.847846 ], [ 127.126347, 36.847846 ], [ 127.126347, 36.847685 ], [ 127.126356, 36.847686 ], [ 127.126383, 36.847668 ], [ 127.126395, 36.84763 ], [ 127.12643, 36.847607 ], [ 127.126459, 36.847554 ], [ 127.126496, 36.84753 ], [ 127.12652, 36.847474 ], [ 127.126546, 36.84745 ], [ 127.126569, 36.847452 ], [ 127.126582, 36.847445 ], [ 127.126613, 36.847405 ], [ 127.126659, 36.84738 ], [ 127.126675, 36.847359 ], [ 127.12668, 36.847316 ], [ 127.126715, 36.847287 ], [ 127.126707, 36.847251 ], [ 127.126741, 36.847207 ], [ 127.126715, 36.847196 ], [ 127.12672, 36.847154 ], [ 127.126783, 36.847154 ], [ 127.126798, 36.847127 ], [ 127.126841, 36.847108 ], [ 127.126841, 36.847088 ], [ 127.126855, 36.847069 ], [ 127.126892, 36.847057 ], [ 127.126922, 36.847026 ], [ 127.12693, 36.846998 ], [ 127.126919, 36.846962 ], [ 127.126942, 36.846945 ], [ 127.126947, 36.846925 ], [ 127.126935, 36.846883 ], [ 127.126955, 36.846865 ], [ 127.126986, 36.846875 ], [ 127.126998, 36.846859 ], [ 127.126987, 36.846848 ], [ 127.126971, 36.846849 ], [ 127.126961, 36.846841 ], [ 127.126956, 36.846802 ], [ 127.126925, 36.846775 ], [ 127.126909, 36.846774 ], [ 127.126903, 36.846767 ], [ 127.126876, 36.84678 ], [ 127.126874, 36.846797 ] ] ] } },
{ "type": "Feature", "properties": { "id": 85133, "model": "road", "type": "2", "accuracy": "96.75", "area": "199.38", "address": "충청남도 천안시 서북구 업성동 465-7", "region_code": "4413310900", "memo": "" }, "geometry": { "type": "Polygon", "coordinates": [ [ [ 127.130072, 36.847378 ], [ 127.130098, 36.847315 ], [ 127.130134, 36.847279 ], [ 127.130132, 36.847259 ], [ 127.130173, 36.847241 ], [ 127.130155, 36.847215 ], [ 127.130099, 36.847198 ], [ 127.130085, 36.847187 ], [ 127.130072, 36.847189 ], [ 127.130041, 36.847213 ], [ 127.130007, 36.847218 ], [ 127.129986, 36.847209 ], [ 127.129979, 36.847248 ], [ 127.129987, 36.847269 ], [ 127.13003, 36.847252 ], [ 127.13005, 36.847251 ], [ 127.130076, 36.847262 ], [ 127.130076, 36.847309 ], [ 127.130063, 36.84737 ], [ 127.130072, 36.847378 ] ] ] } },
{ "type": "Feature", "properties": { "id": 85139, "model": "road", "type": "1", "accuracy": "96.71", "area": "656.91", "address": "충청남도 천안시 서북구 성성동 278-1", "region_code": "4413310500", "memo": "" }, "geometry": { "type": "Polygon", "coordinates": [ [ [ 127.125312, 36.846659 ], [ 127.125277, 36.846674 ], [ 127.125182, 36.84669 ], [ 127.125149, 36.846724 ], [ 127.125131, 36.846727 ], [ 127.125129, 36.84674 ], [ 127.12511, 36.84674 ], [ 127.125112, 36.846728 ], [ 127.125121, 36.846725 ], [ 127.125114, 36.846715 ], [ 127.125139, 36.846711 ], [ 127.125148, 36.8467 ], [ 127.125001, 36.846727 ], [ 127.124996, 36.84674 ], [ 127.124968, 36.84674 ], [ 127.124968, 36.84678 ], [ 127.124918, 36.846783 ], [ 127.124897, 36.846769 ], [ 127.12487, 36.846768 ], [ 127.124868, 36.846762 ], [ 127.124847, 36.846776 ], [ 127.124836, 36.846772 ], [ 127.124849, 36.846767 ], [ 127.124828, 36.846769 ], [ 127.124829, 36.846777 ], [ 127.1248, 36.846791 ], [ 127.124761, 36.846795 ], [ 127.124735, 36.84683 ], [ 127.124766, 36.846861 ], [ 127.124798, 36.846862 ], [ 127.12493, 36.846827 ], [ 127.124989, 36.846823 ], [ 127.125019, 36.84681 ], [ 127.125057, 36.84681 ], [ 127.125225, 36.846769 ], [ 127.125292, 36.84674 ], [ 127.125312, 36.84674 ], [ 127.125312, 36.846659 ] ] ] } },
{ "type": "Feature", "properties": { "id": 85140, "model": "road", "type": "2", "accuracy": "94.55", "area": "169.21", "address": "충청남도 천안시 서북구 성성동 287-20", "region_code": "4413310500", "memo": "" }, "geometry": { "type": "Polygon", "coordinates": [ [ [ 127.126971, 36.84669 ], [ 127.127034, 36.846684 ], [ 127.127034, 36.846632 ], [ 127.127019, 36.846633 ], [ 127.127025, 36.846614 ], [ 127.127015, 36.8466 ], [ 127.127034, 36.846587 ], [ 127.127034, 36.846496 ], [ 127.127004, 36.84651 ], [ 127.126963, 36.846572 ], [ 127.126962, 36.8466 ], [ 127.126974, 36.8466 ], [ 127.126974, 36.846605 ], [ 127.126959, 36.846643 ], [ 127.12696, 36.846679 ], [ 127.126971, 36.84669 ] ] ] } },
{ "type": "Feature", "properties": { "id": 85141, "model": "road", "type": "1", "accuracy": "90.53", "area": "143.43", "address": "충청남도 천안시 서북구 성성동 361-17", "region_code": "4413310500", "memo": "" }, "geometry": { "type": "Polygon", "coordinates": [ [ [ 127.119345, 36.846512 ], [ 127.119393, 36.846494 ], [ 127.119423, 36.846494 ], [ 127.11944, 36.846457 ], [ 127.119469, 36.846448 ], [ 127.119458, 36.84644 ], [ 127.119553, 36.846415 ], [ 127.119577, 36.8464 ], [ 127.119615, 36.846399 ], [ 127.119637, 36.846378 ], [ 127.119665, 36.846369 ], [ 127.119669, 36.846349 ], [ 127.119626, 36.846354 ], [ 127.119464, 36.84642 ], [ 127.119471, 36.846426 ], [ 127.119436, 36.846429 ], [ 127.119342, 36.846501 ], [ 127.119345, 36.846512 ] ] ] } },
{ "type": "Feature", "properties": { "id": 85142, "model": "road", "type": "2", "accuracy": "86.73", "area": "79.32", "address": "충청남도 천안시 서북구 성성동 1002", "region_code": "4413310500", "memo": "" }, "geometry": { "type": "Polygon", "coordinates": [ [ [ 127.119245, 36.846173 ], [ 127.119227, 36.846147 ], [ 127.119211, 36.846141 ], [ 127.119215, 36.846122 ], [ 127.119195, 36.846099 ], [ 127.119179, 36.8461 ], [ 127.119187, 36.846139 ], [ 127.119177, 36.846137 ], [ 127.119146, 36.846094 ], [ 127.119117, 36.846104 ], [ 127.119115, 36.846114 ], [ 127.11913, 36.846126 ], [ 127.119118, 36.846157 ], [ 127.119142, 36.846157 ], [ 127.11918, 36.846172 ], [ 127.119188, 36.846155 ], [ 127.119208, 36.846147 ], [ 127.119226, 36.846175 ], [ 127.119245, 36.846173 ] ] ] } },
{ "type": "Feature", "properties": { "id": 85143, "model": "road", "type": "1", "accuracy": "90.56", "area": "196.34", "address": "충청남도 천안시 서북구 성성동 361-17", "region_code": "4413310500", "memo": "" }, "geometry": { "type": "Polygon", "coordinates": [ [ [ 127.120661, 36.845956 ], [ 127.120638, 36.845971 ], [ 127.120621, 36.845972 ], [ 127.120625, 36.845977 ], [ 127.12061, 36.845987 ], [ 127.120589, 36.845986 ], [ 127.120582, 36.845978 ], [ 127.120618, 36.845957 ], [ 127.120598, 36.845955 ], [ 127.120551, 36.845983 ], [ 127.120492, 36.845999 ], [ 127.120474, 36.846015 ], [ 127.120488, 36.846022 ], [ 127.120472, 36.846043 ], [ 127.120485, 36.84605 ], [ 127.120513, 36.846047 ], [ 127.120527, 36.846055 ], [ 127.120539, 36.846048 ], [ 127.120531, 36.846041 ], [ 127.120562, 36.84603 ], [ 127.120571, 36.846042 ], [ 127.12062, 36.846052 ], [ 127.120633, 36.846069 ], [ 127.120661, 36.846069 ], [ 127.120661, 36.845956 ] ] ] } },
{ "type": "Feature", "properties": { "id": 85144, "model": "road", "type": "1", "accuracy": "92.21", "area": "77.25", "address": "충청남도 천안시 서북구 성성동 1002", "region_code": "4413310500", "memo": "" }, "geometry": { "type": "Polygon", "coordinates": [ [ [ 127.119676, 36.845841 ], [ 127.119702, 36.845833 ], [ 127.119742, 36.845805 ], [ 127.119749, 36.845777 ], [ 127.119677, 36.845777 ], [ 127.119659, 36.845799 ], [ 127.119641, 36.845805 ], [ 127.119633, 36.845822 ], [ 127.119637, 36.845835 ], [ 127.119676, 36.845841 ] ] ] } },
{ "type": "Feature", "properties": { "id": 85146, "model": "road", "type": "1", "accuracy": "91.92", "area": "269.66", "address": "충청남도 천안시 서북구 성성동 490", "region_code": "4413310500", "memo": "" }, "geometry": { "type": "Polygon", "coordinates": [ [ [ 127.121295, 36.845753 ], [ 127.121351, 36.845727 ], [ 127.121393, 36.845717 ], [ 127.121413, 36.845719 ], [ 127.121451, 36.845709 ], [ 127.121488, 36.845723 ], [ 127.121518, 36.845714 ], [ 127.121526, 36.845688 ], [ 127.12152, 36.845681 ], [ 127.121573, 36.845672 ], [ 127.121605, 36.845644 ], [ 127.121602, 36.845625 ], [ 127.121541, 36.845635 ], [ 127.121333, 36.845692 ], [ 127.121239, 36.845726 ], [ 127.121215, 36.845748 ], [ 127.121223, 36.845756 ], [ 127.121295, 36.845753 ] ] ] } },
{ "type": "Feature", "properties": { "id": 85149, "model": "road", "type": "1", "accuracy": "97.61", "area": "921.10", "address": "충청남도 천안시 서북구 부대동 760", "region_code": "4413311100", "memo": "" }, "geometry": { "type": "Polygon", "coordinates": [ [ [ 127.150771, 36.845476 ], [ 127.150791, 36.845494 ], [ 127.150805, 36.845481 ], [ 127.150839, 36.845473 ], [ 127.150861, 36.845444 ], [ 127.150858, 36.845421 ], [ 127.150874, 36.84541 ], [ 127.150893, 36.845418 ], [ 127.150896, 36.845473 ], [ 127.150887, 36.845532 ], [ 127.150872, 36.84556 ], [ 127.150848, 36.845576 ], [ 127.150789, 36.845651 ], [ 127.15075, 36.845666 ], [ 127.150709, 36.84566 ], [ 127.150681, 36.84564 ], [ 127.15067, 36.845615 ], [ 127.150653, 36.845606 ], [ 127.150649, 36.845594 ], [ 127.150649, 36.845653 ], [ 127.150684, 36.845682 ], [ 127.150715, 36.845694 ], [ 127.150785, 36.84569 ], [ 127.1509, 36.845616 ], [ 127.150947, 36.84556 ], [ 127.150966, 36.845521 ], [ 127.150955, 36.845465 ], [ 127.150966, 36.845393 ], [ 127.15101, 36.84537 ], [ 127.151056, 36.845375 ], [ 127.151064, 36.845361 ], [ 127.151081, 36.845353 ], [ 127.151079, 36.845337 ], [ 127.151064, 36.845326 ], [ 127.150998, 36.845325 ], [ 127.150964, 36.845305 ], [ 127.150941, 36.845273 ], [ 127.150912, 36.845268 ], [ 127.150883, 36.845248 ], [ 127.150805, 36.845241 ], [ 127.150797, 36.845256 ], [ 127.150798, 36.845465 ], [ 127.150775, 36.845465 ], [ 127.150771, 36.845476 ] ] ] } },
{ "type": "Feature", "properties": { "id": 85150, "model": "road", "type": "1", "accuracy": "97.03", "area": "650.02", "address": "충청남도 천안시 서북구 성성동 1002", "region_code": "4413310500", "memo": "" }, "geometry": { "type": "Polygon", "coordinates": [ [ [ 127.119493, 36.845517 ], [ 127.119899, 36.845388 ], [ 127.119939, 36.84537 ], [ 127.119944, 36.845362 ], [ 127.119973, 36.845361 ], [ 127.119992, 36.845351 ], [ 127.11999, 36.84534 ], [ 127.119993, 36.845348 ], [ 127.12002, 36.84534 ], [ 127.120021, 36.845327 ], [ 127.120022, 36.845339 ], [ 127.120031, 36.845341 ], [ 127.120118, 36.845314 ], [ 127.120127, 36.845307 ], [ 127.120126, 36.845285 ], [ 127.120143, 36.845275 ], [ 127.120143, 36.84526 ], [ 127.120119, 36.845267 ], [ 127.12011, 36.845261 ], [ 127.120116, 36.845253 ], [ 127.120092, 36.84526 ], [ 127.120064, 36.845285 ], [ 127.120049, 36.845286 ], [ 127.120041, 36.845308 ], [ 127.120028, 36.845319 ], [ 127.120017, 36.845318 ], [ 127.120013, 36.845327 ], [ 127.120008, 36.845319 ], [ 127.120001, 36.845328 ], [ 127.119961, 36.845323 ], [ 127.119962, 36.845301 ], [ 127.119916, 36.84531 ], [ 127.119815, 36.845344 ], [ 127.119799, 36.845353 ], [ 127.119799, 36.845362 ], [ 127.11976, 36.845362 ], [ 127.119479, 36.845453 ], [ 127.119466, 36.845463 ], [ 127.119462, 36.845482 ], [ 127.119429, 36.845499 ], [ 127.119429, 36.84553 ], [ 127.119493, 36.845517 ] ] ] } },
{ "type": "Feature", "properties": { "id": 85151, "model": "road", "type": "1", "accuracy": "95.5", "area": "130.73", "address": "충청남도 천안시 서북구 성성동 44-9", "region_code": "4413310500", "memo": "" }, "geometry": { "type": "Polygon", "coordinates": [ [ [ 127.138262, 36.84532 ], [ 127.138286, 36.845293 ], [ 127.138276, 36.845275 ], [ 127.138226, 36.845277 ], [ 127.138194, 36.845258 ], [ 127.138185, 36.845236 ], [ 127.138158, 36.845225 ], [ 127.138126, 36.845249 ], [ 127.138117, 36.845302 ], [ 127.13819, 36.845311 ], [ 127.138219, 36.8453 ], [ 127.138234, 36.845317 ], [ 127.138262, 36.84532 ] ] ] } },
{ "type": "Feature", "properties": { "id": 85152, "model": "road", "type": "2", "accuracy": "95.71", "area": "88.33", "address": "충청남도 천안시 서북구 부대동 989", "region_code": "4413311100", "memo": "" }, "geometry": { "type": "Polygon", "coordinates": [ [ [ 127.14892, 36.84526 ], [ 127.148973, 36.845245 ], [ 127.149032, 36.845242 ], [ 127.14905, 36.845229 ], [ 127.149086, 36.845226 ], [ 127.149148, 36.845207 ], [ 127.149169, 36.845184 ], [ 127.149146, 36.845179 ], [ 127.149, 36.845225 ], [ 127.148885, 36.845249 ], [ 127.14892, 36.84526 ] ] ] } },
{ "type": "Feature", "properties": { "id": 85153, "model": "road", "type": "2", "accuracy": "94.3", "area": "86.63", "address": "충청남도 천안시 서북구 부대동 989", "region_code": "4413311100", "memo": "" }, "geometry": { "type": "Polygon", "coordinates": [ [ [ 127.151512, 36.845237 ], [ 127.151512, 36.845228 ], [ 127.15149, 36.845215 ], [ 127.151401, 36.845188 ], [ 127.151372, 36.845185 ], [ 127.151352, 36.845197 ], [ 127.151318, 36.845175 ], [ 127.151287, 36.84517 ], [ 127.151214, 36.845178 ], [ 127.151222, 36.84519 ], [ 127.151265, 36.845193 ], [ 127.151286, 36.845206 ], [ 127.151356, 36.845199 ], [ 127.151403, 36.845205 ], [ 127.151498, 36.845241 ], [ 127.151512, 36.845237 ] ] ] } },
{ "type": "Feature", "properties": { "id": 85154, "model": "road", "type": "2", "accuracy": "93.85", "area": "80.59", "address": "충청남도 천안시 서북구 성성동 1002", "region_code": "4413310500", "memo": "" }, "geometry": { "type": "Polygon", "coordinates": [ [ [ 127.120025, 36.845252 ], [ 127.120059, 36.84524 ], [ 127.120143, 36.845226 ], [ 127.120143, 36.845214 ], [ 127.120213, 36.845197 ], [ 127.120221, 36.845181 ], [ 127.120202, 36.845177 ], [ 127.120162, 36.845196 ], [ 127.120133, 36.845189 ], [ 127.120026, 36.845225 ], [ 127.12001, 36.845239 ], [ 127.120025, 36.845252 ] ] ] } },
{ "type": "Feature", "properties": { "id": 85155, "model": "road", "type": "1", "accuracy": "95.4", "area": "200.85", "address": "충청남도 천안시 서북구 부대동 760", "region_code": "4413311100", "memo": "" }, "geometry": { "type": "Polygon", "coordinates": [ [ [ 127.150948, 36.845222 ], [ 127.150977, 36.84518 ], [ 127.151042, 36.845165 ], [ 127.151039, 36.845154 ], [ 127.151012, 36.845141 ], [ 127.15089, 36.845135 ], [ 127.150797, 36.84512 ], [ 127.150797, 36.845144 ], [ 127.150811, 36.845171 ], [ 127.150846, 36.84518 ], [ 127.150863, 36.845162 ], [ 127.150877, 36.84516 ], [ 127.150898, 36.845179 ], [ 127.150882, 36.845189 ], [ 127.150855, 36.845184 ], [ 127.150852, 36.845192 ], [ 127.150842, 36.845194 ], [ 127.150838, 36.845208 ], [ 127.150844, 36.845213 ], [ 127.150863, 36.845213 ], [ 127.150856, 36.845189 ], [ 127.150863, 36.845202 ], [ 127.150879, 36.845191 ], [ 127.150891, 36.845197 ], [ 127.150894, 36.845218 ], [ 127.150948, 36.845222 ] ] ] } },
{ "type": "Feature", "properties": { "id": 85156, "model": "road", "type": "2", "accuracy": "96.64", "area": "155.90", "address": "충청남도 천안시 서북구 부대동 407-13", "region_code": "4413311100", "memo": "" }, "geometry": { "type": "Polygon", "coordinates": [ [ [ 127.142667, 36.845031 ], [ 127.142696, 36.845002 ], [ 127.142744, 36.844819 ], [ 127.142752, 36.844761 ], [ 127.142749, 36.844747 ], [ 127.142737, 36.844741 ], [ 127.142724, 36.844746 ], [ 127.14267, 36.844949 ], [ 127.142664, 36.845026 ], [ 127.142667, 36.845031 ] ] ] } },
{ "type": "Feature", "properties": { "id": 85157, "model": "road", "type": "2", "accuracy": "97.24", "area": "536.37", "address": "충청남도 천안시 서북구 부대동 389-38", "region_code": "4413311100", "memo": "" }, "geometry": { "type": "Polygon", "coordinates": [ [ [ 127.142295, 36.845091 ], [ 127.142395, 36.844987 ], [ 127.142439, 36.844931 ], [ 127.142439, 36.844921 ], [ 127.142458, 36.844921 ], [ 127.142482, 36.8449 ], [ 127.142709, 36.84467 ], [ 127.142728, 36.844663 ], [ 127.142768, 36.844662 ], [ 127.14278, 36.844644 ], [ 127.142656, 36.844644 ], [ 127.14258, 36.844712 ], [ 127.14253, 36.844762 ], [ 127.14253, 36.844773 ], [ 127.142511, 36.844781 ], [ 127.142427, 36.844872 ], [ 127.142391, 36.84492 ], [ 127.142385, 36.844941 ], [ 127.142337, 36.844986 ], [ 127.142252, 36.845093 ], [ 127.142231, 36.845127 ], [ 127.142235, 36.845137 ], [ 127.142251, 36.845141 ], [ 127.142271, 36.845131 ], [ 127.142295, 36.845091 ] ] ] } },
{ "type": "Feature", "properties": { "id": 85158, "model": "road", "type": "2", "accuracy": "95.66", "area": "91.50", "address": "충청남도 천안시 서북구 부대동 994", "region_code": "4413311100", "memo": "" }, "geometry": { "type": "Polygon", "coordinates": [ [ [ 127.149356, 36.844837 ], [ 127.149393, 36.844817 ], [ 127.149416, 36.84479 ], [ 127.149417, 36.844779 ], [ 127.149405, 36.844768 ], [ 127.149333, 36.844796 ], [ 127.149291, 36.844791 ], [ 127.149273, 36.844797 ], [ 127.149275, 36.844816 ], [ 127.149291, 36.844831 ], [ 127.149329, 36.844843 ], [ 127.149356, 36.844837 ] ] ] } },
{ "type": "Feature", "properties": { "id": 85161, "model": "road", "type": "2", "accuracy": "97.43", "area": "504.94", "address": "충청남도 천안시 서북구 부대동 105-87", "region_code": "4413311100", "memo": "" }, "geometry": { "type": "Polygon", "coordinates": [ [ [ 127.15734, 36.844718 ], [ 127.157334, 36.844786 ], [ 127.157301, 36.844792 ], [ 127.157293, 36.844806 ], [ 127.157279, 36.844807 ], [ 127.157258, 36.844823 ], [ 127.157267, 36.844838 ], [ 127.157264, 36.844863 ], [ 127.157312, 36.844875 ], [ 127.157341, 36.844848 ], [ 127.157454, 36.844807 ], [ 127.157669, 36.844696 ], [ 127.157681, 36.844679 ], [ 127.157682, 36.844651 ], [ 127.157671, 36.844643 ], [ 127.157643, 36.844642 ], [ 127.157617, 36.844669 ], [ 127.15757, 36.844679 ], [ 127.157556, 36.84469 ], [ 127.157519, 36.844699 ], [ 127.157494, 36.844718 ], [ 127.157478, 36.844717 ], [ 127.157474, 36.844708 ], [ 127.157437, 36.844724 ], [ 127.15734, 36.844718 ] ] ] } },
{ "type": "Feature", "properties": { "id": 85164, "model": "road", "type": "2", "accuracy": "90.06", "area": "97.21", "address": "충청남도 천안시 서북구 부대동 407-13", "region_code": "4413311100", "memo": "" }, "geometry": { "type": "Polygon", "coordinates": [ [ [ 127.14278, 36.84464 ], [ 127.142792, 36.844601 ], [ 127.142812, 36.844587 ], [ 127.142834, 36.844521 ], [ 127.142854, 36.844497 ], [ 127.142843, 36.844465 ], [ 127.142855, 36.844455 ], [ 127.14284, 36.844451 ], [ 127.142858, 36.844444 ], [ 127.142855, 36.844428 ], [ 127.142843, 36.844432 ], [ 127.142838, 36.844452 ], [ 127.142827, 36.844456 ], [ 127.1428, 36.844495 ], [ 127.14278, 36.844556 ], [ 127.14279, 36.84457 ], [ 127.142775, 36.844603 ], [ 127.142777, 36.844622 ], [ 127.142764, 36.844636 ], [ 127.14278, 36.84464 ] ] ] } },
{ "type": "Feature", "properties": { "id": 85166, "model": "road", "type": "1", "accuracy": "98.24", "area": "1954.43", "address": "충청남도 천안시 서북구 성성동 225-5", "region_code": "4413310500", "memo": "" }, "geometry": { "type": "Polygon", "coordinates": [ [ [ 127.127329, 36.844157 ], [ 127.127101, 36.844122 ], [ 127.12703, 36.844099 ], [ 127.12703, 36.844247 ], [ 127.12701, 36.844248 ], [ 127.12703, 36.844261 ], [ 127.127022, 36.844265 ], [ 127.127026, 36.844285 ], [ 127.127018, 36.844293 ], [ 127.127003, 36.844293 ], [ 127.126924, 36.844278 ], [ 127.126904, 36.844296 ], [ 127.126919, 36.844314 ], [ 127.126903, 36.844319 ], [ 127.126935, 36.84433 ], [ 127.126994, 36.844329 ], [ 127.126981, 36.844324 ], [ 127.126981, 36.844304 ], [ 127.126991, 36.844301 ], [ 127.126999, 36.844315 ], [ 127.127013, 36.844316 ], [ 127.127012, 36.844332 ], [ 127.127216, 36.844382 ], [ 127.127265, 36.844385 ], [ 127.127329, 36.8444 ], [ 127.127426, 36.844392 ], [ 127.127547, 36.844399 ], [ 127.127547, 36.844173 ], [ 127.127329, 36.844157 ] ] ] } },
{ "type": "Feature", "properties": { "id": 85167, "model": "road", "type": "2", "accuracy": "96.48", "area": "86.12", "address": "충청남도 아산시 음봉면 산동리 262-1", "region_code": "4420035033", "memo": "" }, "geometry": { "type": "Polygon", "coordinates": [ [ [ 127.101814, 36.843905 ], [ 127.10182, 36.843915 ], [ 127.101845, 36.843788 ], [ 127.101837, 36.843721 ], [ 127.101817, 36.843733 ], [ 127.101797, 36.843865 ], [ 127.101808, 36.843923 ], [ 127.101814, 36.843905 ] ] ] } },
{ "type": "Feature", "properties": { "id": 85169, "model": "road", "type": "2", "accuracy": "96.05", "area": "220.00", "address": "충청남도 천안시 서북구 성성동 734", "region_code": "4413310500", "memo": "" }, "geometry": { "type": "Polygon", "coordinates": [ [ [ 127.135123, 36.843616 ], [ 127.135054, 36.843625 ], [ 127.134989, 36.843621 ], [ 127.134968, 36.843612 ], [ 127.134881, 36.843616 ], [ 127.134828, 36.84361 ], [ 127.134773, 36.843619 ], [ 127.134744, 36.843611 ], [ 127.13466, 36.84362 ], [ 127.134651, 36.843636 ], [ 127.134789, 36.84365 ], [ 127.134857, 36.843646 ], [ 127.135123, 36.843652 ], [ 127.135123, 36.843616 ] ] ] } },
{ "type": "Feature", "properties": { "id": 85172, "model": "road", "type": "2", "accuracy": "96.93", "area": "264.78", "address": "충청남도 아산시 음봉면 산동리 258-1", "region_code": "4420035033", "memo": "" }, "geometry": { "type": "Polygon", "coordinates": [ [ [ 127.101851, 36.843498 ], [ 127.101886, 36.843284 ], [ 127.101885, 36.843183 ], [ 127.101856, 36.843192 ], [ 127.101852, 36.843206 ], [ 127.101835, 36.843427 ], [ 127.101823, 36.843485 ], [ 127.10183, 36.843526 ], [ 127.101818, 36.8436 ], [ 127.101818, 36.843718 ], [ 127.101842, 36.843717 ], [ 127.101849, 36.843694 ], [ 127.101857, 36.843541 ], [ 127.101851, 36.843498 ] ] ] } },
{ "type": "Feature", "properties": { "id": 85176, "model": "road", "type": "2", "accuracy": "96.79", "area": "145.33", "address": "충청남도 천안시 서북구 부대동 422-4", "region_code": "4413311100", "memo": "" }, "geometry": { "type": "Polygon", "coordinates": [ [ [ 127.156948, 36.843183 ], [ 127.156974, 36.843164 ], [ 127.156966, 36.843148 ], [ 127.156839, 36.843104 ], [ 127.156729, 36.843115 ], [ 127.156706, 36.843111 ], [ 127.156686, 36.843123 ], [ 127.156694, 36.84313 ], [ 127.156865, 36.843153 ], [ 127.156948, 36.843183 ] ] ] } },
{ "type": "Feature", "properties": { "id": 85177, "model": "road", "type": "1", "accuracy": "97.02", "area": "119.09", "address": "충청남도 천안시 서북구 성성동 814", "region_code": "4413310500", "memo": "" }, "geometry": { "type": "Polygon", "coordinates": [ [ [ 127.136531, 36.843169 ], [ 127.136537, 36.843049 ], [ 127.136528, 36.843035 ], [ 127.136463, 36.843066 ], [ 127.136453, 36.84313 ], [ 127.136465, 36.843142 ], [ 127.136497, 36.843146 ], [ 127.136523, 36.843168 ], [ 127.136531, 36.843169 ] ] ] } },
{ "type": "Feature", "properties": { "id": 85179, "model": "road", "type": "2", "accuracy": "96.76", "area": "189.37", "address": "충청남도 천안시 서북구 부대동 422-4", "region_code": "4413311100", "memo": "" }, "geometry": { "type": "Polygon", "coordinates": [ [ [ 127.155787, 36.842906 ], [ 127.155643, 36.842869 ], [ 127.155577, 36.84286 ], [ 127.155503, 36.842865 ], [ 127.155483, 36.842891 ], [ 127.155516, 36.842898 ], [ 127.155538, 36.842889 ], [ 127.155611, 36.842914 ], [ 127.155787, 36.842943 ], [ 127.155787, 36.842906 ] ] ] } },
{ "type": "Feature", "properties": { "id": 85180, "model": "road", "type": "2", "accuracy": "94.04", "area": "120.12", "address": "충청남도 천안시 서북구 부대동 45-1", "region_code": "4413311100", "memo": "" }, "geometry": { "type": "Polygon", "coordinates": [ [ [ 127.162309, 36.842938 ], [ 127.162321, 36.842927 ], [ 127.162351, 36.842932 ], [ 127.162341, 36.842921 ], [ 127.162344, 36.842907 ], [ 127.16236, 36.842906 ], [ 127.162372, 36.842882 ], [ 127.162356, 36.842849 ], [ 127.162322, 36.84282 ], [ 127.162269, 36.84282 ], [ 127.162269, 36.842832 ], [ 127.162331, 36.842879 ], [ 127.162328, 36.842894 ], [ 127.162274, 36.842875 ], [ 127.162258, 36.842882 ], [ 127.162261, 36.842901 ], [ 127.162296, 36.842937 ], [ 127.162309, 36.842938 ] ] ] } },
{ "type": "Feature", "properties": { "id": 85182, "model": "road", "type": "2", "accuracy": "96.78", "area": "280.31", "address": "충청남도 천안시 서북구 성성동 34-3", "region_code": "4413310500", "memo": "" }, "geometry": { "type": "Polygon", "coordinates": [ [ [ 127.139529, 36.842815 ], [ 127.139577, 36.842791 ], [ 127.139685, 36.8427 ], [ 127.139712, 36.842654 ], [ 127.139694, 36.842623 ], [ 127.139696, 36.842609 ], [ 127.139771, 36.842572 ], [ 127.139506, 36.842572 ], [ 127.139531, 36.842594 ], [ 127.139589, 36.842592 ], [ 127.139648, 36.842606 ], [ 127.139667, 36.842626 ], [ 127.139667, 36.842646 ], [ 127.13961, 36.842714 ], [ 127.139565, 36.842741 ], [ 127.139498, 36.8428 ], [ 127.1395, 36.842819 ], [ 127.139529, 36.842815 ] ] ] } },
{ "type": "Feature", "properties": { "id": 85183, "model": "road", "type": "2", "accuracy": "95.48", "area": "83.10", "address": "충청남도 천안시 서북구 성성동 235-3", "region_code": "4413310500", "memo": "" }, "geometry": { "type": "Polygon", "coordinates": [ [ [ 127.129535, 36.842636 ], [ 127.129666, 36.842621 ], [ 127.129682, 36.842614 ], [ 127.129686, 36.8426 ], [ 127.129543, 36.842601 ], [ 127.129488, 36.84261 ], [ 127.129475, 36.842619 ], [ 127.129488, 36.84263 ], [ 127.129535, 36.842636 ] ] ] } },
{ "type": "Feature", "properties": { "id": 85185, "model": "road", "type": "2", "accuracy": "96.04", "area": "318.84", "address": "충청남도 천안시 서북구 성성동 510", "region_code": "4413310500", "memo": "" }, "geometry": { "type": "Polygon", "coordinates": [ [ [ 127.111351, 36.842602 ], [ 127.111365, 36.842587 ], [ 127.111417, 36.842588 ], [ 127.111501, 36.84257 ], [ 127.111564, 36.842548 ], [ 127.1116, 36.842528 ], [ 127.111701, 36.842506 ], [ 127.111741, 36.842482 ], [ 127.111744, 36.842451 ], [ 127.111734, 36.842433 ], [ 127.111717, 36.842419 ], [ 127.111702, 36.84242 ], [ 127.111698, 36.842445 ], [ 127.111667, 36.842472 ], [ 127.111533, 36.8425 ], [ 127.111529, 36.842524 ], [ 127.111482, 36.842524 ], [ 127.111445, 36.842533 ], [ 127.111359, 36.842576 ], [ 127.111306, 36.84258 ], [ 127.111292, 36.84259 ], [ 127.111291, 36.842602 ], [ 127.111257, 36.842603 ], [ 127.111285, 36.842618 ], [ 127.111341, 36.842616 ], [ 127.111376, 36.842603 ], [ 127.111351, 36.842602 ] ] ] } },
{ "type": "Feature", "properties": { "id": 85186, "model": "road", "type": "2", "accuracy": "97.39", "area": "221.09", "address": "충청남도 천안시 서북구 성성동 233-2", "region_code": "4413310500", "memo": "" }, "geometry": { "type": "Polygon", "coordinates": [ [ [ 127.129321, 36.842577 ], [ 127.129337, 36.842566 ], [ 127.129335, 36.842551 ], [ 127.129319, 36.842546 ], [ 127.129266, 36.842497 ], [ 127.129174, 36.842445 ], [ 127.129135, 36.842442 ], [ 127.129113, 36.842413 ], [ 127.129094, 36.842413 ], [ 127.129094, 36.842445 ], [ 127.129072, 36.842445 ], [ 127.129071, 36.842454 ], [ 127.129098, 36.842478 ], [ 127.129285, 36.842566 ], [ 127.129321, 36.842577 ] ] ] } },
{ "type": "Feature", "properties": { "id": 85187, "model": "road", "type": "2", "accuracy": "96.05", "area": "207.88", "address": "충청남도 천안시 서북구 부대동 46-1", "region_code": "4413311100", "memo": "" }, "geometry": { "type": "Polygon", "coordinates": [ [ [ 127.162522, 36.842543 ], [ 127.16263, 36.842455 ], [ 127.162655, 36.84244 ], [ 127.162674, 36.842439 ], [ 127.162773, 36.842373 ], [ 127.162784, 36.842356 ], [ 127.162833, 36.842337 ], [ 127.162862, 36.84229 ], [ 127.162863, 36.842273 ], [ 127.16285, 36.842271 ], [ 127.162828, 36.842284 ], [ 127.162787, 36.842323 ], [ 127.162784, 36.842334 ], [ 127.162704, 36.842388 ], [ 127.162677, 36.842395 ], [ 127.162674, 36.842405 ], [ 127.162607, 36.842426 ], [ 127.162573, 36.842449 ], [ 127.162558, 36.842465 ], [ 127.162556, 36.842485 ], [ 127.162529, 36.842498 ], [ 127.162495, 36.842543 ], [ 127.162522, 36.842543 ] ] ] } },
{ "type": "Feature", "properties": { "id": 85188, "model": "road", "type": "2", "accuracy": "96.52", "area": "383.40", "address": "충청남도 천안시 서북구 성성동 19-12", "region_code": "4413310500", "memo": "" }, "geometry": { "type": "Polygon", "coordinates": [ [ [ 127.139806, 36.842558 ], [ 127.139856, 36.842529 ], [ 127.139936, 36.8425 ], [ 127.140006, 36.842445 ], [ 127.14001, 36.842433 ], [ 127.140028, 36.842431 ], [ 127.140088, 36.84237 ], [ 127.140135, 36.84229 ], [ 127.140137, 36.84223 ], [ 127.140152, 36.842192 ], [ 127.140167, 36.842177 ], [ 127.140163, 36.842156 ], [ 127.140112, 36.842166 ], [ 127.140094, 36.842182 ], [ 127.140113, 36.84223 ], [ 127.14008, 36.842241 ], [ 127.140076, 36.842298 ], [ 127.14005, 36.84236 ], [ 127.139993, 36.842416 ], [ 127.139925, 36.842467 ], [ 127.139818, 36.842511 ], [ 127.139771, 36.842511 ], [ 127.139771, 36.842504 ], [ 127.139742, 36.842488 ], [ 127.139722, 36.842495 ], [ 127.139751, 36.842554 ], [ 127.139771, 36.842562 ], [ 127.139806, 36.842558 ] ] ] } },
{ "type": "Feature", "properties": { "id": 85189, "model": "road", "type": "2", "accuracy": "96.77", "area": "380.79", "address": "충청남도 천안시 서북구 성성동 33-4", "region_code": "4413310500", "memo": "" }, "geometry": { "type": "Polygon", "coordinates": [ [ [ 127.138745, 36.842362 ], [ 127.138814, 36.842342 ], [ 127.138873, 36.842311 ], [ 127.138975, 36.842318 ], [ 127.139096, 36.842365 ], [ 127.139395, 36.842506 ], [ 127.139426, 36.842505 ], [ 127.139426, 36.842516 ], [ 127.139498, 36.842549 ], [ 127.139514, 36.842549 ], [ 127.139523, 36.842537 ], [ 127.139511, 36.842525 ], [ 127.139385, 36.842469 ], [ 127.139327, 36.842435 ], [ 127.139269, 36.842417 ], [ 127.139096, 36.842335 ], [ 127.138956, 36.84228 ], [ 127.138901, 36.842274 ], [ 127.138826, 36.842288 ], [ 127.138748, 36.842351 ], [ 127.138745, 36.842362 ] ] ] } },
{ "type": "Feature", "properties": { "id": 85190, "model": "road", "type": "2", "accuracy": "97.25", "area": "677.24", "address": "충청남도 천안시 서북구 성성동 510", "region_code": "4413310500", "memo": "" }, "geometry": { "type": "Polygon", "coordinates": [ [ [ 127.111205, 36.842506 ], [ 127.111301, 36.84248 ], [ 127.111464, 36.842419 ], [ 127.111521, 36.842406 ], [ 127.111531, 36.842396 ], [ 127.111671, 36.842359 ], [ 127.111689, 36.842343 ], [ 127.111689, 36.84233 ], [ 127.111676, 36.842316 ], [ 127.111652, 36.842315 ], [ 127.111586, 36.842339 ], [ 127.111559, 36.84234 ], [ 127.111546, 36.842331 ], [ 127.111538, 36.8423 ], [ 127.111528, 36.842293 ], [ 127.111528, 36.842274 ], [ 127.111504, 36.842258 ], [ 127.111483, 36.842324 ], [ 127.111436, 36.842342 ], [ 127.111382, 36.842351 ], [ 127.111175, 36.84243 ], [ 127.111169, 36.842444 ], [ 127.111184, 36.842467 ], [ 127.111137, 36.842481 ], [ 127.111129, 36.8425 ], [ 127.111139, 36.842508 ], [ 127.111205, 36.842506 ] ] ] } },
{ "type": "Feature", "properties": { "id": 85191, "model": "road", "type": "2", "accuracy": "96.86", "area": "345.50", "address": "충청남도 천안시 서북구 성성동 510", "region_code": "4413310500", "memo": "" }, "geometry": { "type": "Polygon", "coordinates": [ [ [ 127.111343, 36.842207 ], [ 127.111107, 36.842283 ], [ 127.111083, 36.8423 ], [ 127.111083, 36.842333 ], [ 127.111098, 36.842341 ], [ 127.111122, 36.842341 ], [ 127.111386, 36.842255 ], [ 127.111438, 36.842234 ], [ 127.111454, 36.842218 ], [ 127.111499, 36.842228 ], [ 127.111493, 36.842209 ], [ 127.111473, 36.842195 ], [ 127.111402, 36.842196 ], [ 127.111343, 36.842207 ] ] ] } },
{ "type": "Feature", "properties": { "id": 85192, "model": "road", "type": "1", "accuracy": "93.26", "area": "77.79", "address": "충청남도 천안시 서북구 성성동 510", "region_code": "4413310500", "memo": "" }, "geometry": { "type": "Polygon", "coordinates": [ [ [ 127.111894, 36.842322 ], [ 127.111901, 36.842296 ], [ 127.111882, 36.842261 ], [ 127.111873, 36.842259 ], [ 127.111873, 36.842207 ], [ 127.111858, 36.842186 ], [ 127.111832, 36.842186 ], [ 127.111827, 36.842221 ], [ 127.111845, 36.842252 ], [ 127.111854, 36.842297 ], [ 127.11187, 36.842304 ], [ 127.111873, 36.842325 ], [ 127.111894, 36.842322 ] ] ] } },
{ "type": "Feature", "properties": { "id": 85195, "model": "road", "type": "1", "accuracy": "97.96", "area": "2252.53", "address": "충청남도 천안시 서북구 성성동 734", "region_code": "4413310500", "memo": "" }, "geometry": { "type": "Polygon", "coordinates": [ [ [ 127.134221, 36.841823 ], [ 127.134033, 36.842014 ], [ 127.134001, 36.842087 ], [ 127.134, 36.842391 ], [ 127.134015, 36.84243 ], [ 127.134113, 36.842435 ], [ 127.134124, 36.842443 ], [ 127.134179, 36.842421 ], [ 127.13426, 36.842354 ], [ 127.134259, 36.842163 ], [ 127.13423, 36.842163 ], [ 127.134236, 36.842095 ], [ 127.134245, 36.84207 ], [ 127.134259, 36.842062 ], [ 127.134259, 36.842015 ], [ 127.13425, 36.84201 ], [ 127.134259, 36.842001 ], [ 127.134259, 36.841957 ], [ 127.13423, 36.841953 ], [ 127.134233, 36.841923 ], [ 127.134313, 36.841851 ], [ 127.134327, 36.841822 ], [ 127.134354, 36.841822 ], [ 127.134349, 36.84187 ], [ 127.134361, 36.841884 ], [ 127.134376, 36.841883 ], [ 127.134449, 36.841808 ], [ 127.134479, 36.841747 ], [ 127.134292, 36.841748 ], [ 127.134278, 36.84178 ], [ 127.134259, 36.841795 ], [ 127.134259, 36.841816 ], [ 127.134233, 36.841816 ], [ 127.134221, 36.841823 ] ] ] } },
{ "type": "Feature", "properties": { "id": 85196, "model": "road", "type": "2", "accuracy": "95.51", "area": "183.58", "address": "충청남도 천안시 서북구 부대동 33-5", "region_code": "4413311100", "memo": "" }, "geometry": { "type": "Polygon", "coordinates": [ [ [ 127.162999, 36.842092 ], [ 127.163043, 36.842067 ], [ 127.163092, 36.842049 ], [ 127.163167, 36.841967 ], [ 127.16319, 36.841957 ], [ 127.163212, 36.841901 ], [ 127.163243, 36.84187 ], [ 127.163239, 36.841859 ], [ 127.163195, 36.841855 ], [ 127.163189, 36.841869 ], [ 127.163153, 36.841878 ], [ 127.163168, 36.841903 ], [ 127.163177, 36.841906 ], [ 127.16318, 36.841896 ], [ 127.16319, 36.841896 ], [ 127.16319, 36.841912 ], [ 127.163175, 36.841908 ], [ 127.163161, 36.841917 ], [ 127.163124, 36.841972 ], [ 127.163104, 36.841988 ], [ 127.163083, 36.841988 ], [ 127.163081, 36.842003 ], [ 127.162998, 36.842066 ], [ 127.162992, 36.842084 ], [ 127.162999, 36.842092 ] ] ] } },
{ "type": "Feature", "properties": { "id": 85197, "model": "road", "type": "2", "accuracy": "96.5", "area": "197.14", "address": "충청남도 천안시 서북구 성성동 20-1", "region_code": "4413310500", "memo": "" }, "geometry": { "type": "Polygon", "coordinates": [ [ [ 127.139239, 36.842145 ], [ 127.139228, 36.842125 ], [ 127.139205, 36.842106 ], [ 127.139103, 36.842036 ], [ 127.139089, 36.842019 ], [ 127.139061, 36.842009 ], [ 127.139047, 36.841992 ], [ 127.139054, 36.841954 ], [ 127.139082, 36.841918 ], [ 127.139133, 36.841889 ], [ 127.139191, 36.841875 ], [ 127.139215, 36.841858 ], [ 127.139182, 36.841854 ], [ 127.139098, 36.841884 ], [ 127.139043, 36.841917 ], [ 127.13901, 36.841964 ], [ 127.139012, 36.842005 ], [ 127.139023, 36.842018 ], [ 127.139045, 36.842019 ], [ 127.139051, 36.842032 ], [ 127.139209, 36.842141 ], [ 127.139228, 36.842152 ], [ 127.139239, 36.842145 ] ] ] } },
{ "type": "Feature", "properties": { "id": 85198, "model": "road", "type": "2", "accuracy": "96.1", "area": "80.02", "address": "충청남도 천안시 서북구 성성동 19-4", "region_code": "4413310500", "memo": "" }, "geometry": { "type": "Polygon", "coordinates": [ [ [ 127.140164, 36.842013 ], [ 127.140195, 36.841953 ], [ 127.140226, 36.841943 ], [ 127.140242, 36.841927 ], [ 127.140246, 36.841884 ], [ 127.140259, 36.84186 ], [ 127.14024, 36.84185 ], [ 127.140224, 36.841852 ], [ 127.140223, 36.841878 ], [ 127.140204, 36.841913 ], [ 127.140172, 36.841942 ], [ 127.140155, 36.841972 ], [ 127.140156, 36.842008 ], [ 127.140164, 36.842013 ] ] ] } },
{ "type": "Feature", "properties": { "id": 85199, "model": "road", "type": "1", "accuracy": "95.29", "area": "179.56", "address": "충청남도 천안시 서북구 차암동 520", "region_code": "4413310600", "memo": "" }, "geometry": { "type": "Polygon", "coordinates": [ [ [ 127.104816, 36.841883 ], [ 127.104827, 36.84187 ], [ 127.104808, 36.841845 ], [ 127.104816, 36.841842 ], [ 127.104809, 36.841831 ], [ 127.104822, 36.841815 ], [ 127.10481, 36.8418 ], [ 127.104707, 36.841771 ], [ 127.104684, 36.841776 ], [ 127.104673, 36.841792 ], [ 127.104657, 36.8418 ], [ 127.104656, 36.841828 ], [ 127.104689, 36.841856 ], [ 127.104734, 36.841864 ], [ 127.104742, 36.841851 ], [ 127.104774, 36.841835 ], [ 127.104779, 36.841845 ], [ 127.104766, 36.841871 ], [ 127.104816, 36.841883 ] ] ] } },
{ "type": "Feature", "properties": { "id": 85201, "model": "road", "type": "2", "accuracy": "96.02", "area": "98.45", "address": "충청남도 천안시 서북구 성성동 989", "region_code": "4413310500", "memo": "" }, "geometry": { "type": "Polygon", "coordinates": [ [ [ 127.124124, 36.841537 ], [ 127.124229, 36.841527 ], [ 127.124234, 36.841513 ], [ 127.124215, 36.841508 ], [ 127.124003, 36.841505 ], [ 127.123976, 36.84151 ], [ 127.123966, 36.841522 ], [ 127.123992, 36.841529 ], [ 127.124071, 36.841529 ], [ 127.124124, 36.841537 ] ] ] } },
{ "type": "Feature", "properties": { "id": 85202, "model": "road", "type": "2", "accuracy": "97.84", "area": "171.00", "address": "충청남도 천안시 서북구 부대동 34-1", "region_code": "4413311100", "memo": "" }, "geometry": { "type": "Polygon", "coordinates": [ [ [ 127.163705, 36.841491 ], [ 127.163891, 36.841428 ], [ 127.163907, 36.841411 ], [ 127.163892, 36.841388 ], [ 127.163864, 36.841382 ], [ 127.163708, 36.841426 ], [ 127.163705, 36.841491 ] ] ] } },
{ "type": "Feature", "properties": { "id": 85203, "model": "road", "type": "1", "accuracy": "97.85", "area": "551.20", "address": "충청남도 천안시 서북구 성성동 953", "region_code": "4413310500", "memo": "" }, "geometry": { "type": "Polygon", "coordinates": [ [ [ 127.123753, 36.841127 ], [ 127.123728, 36.841116 ], [ 127.123721, 36.841158 ], [ 127.123724, 36.841476 ], [ 127.123732, 36.841496 ], [ 127.123731, 36.841536 ], [ 127.123762, 36.841539 ], [ 127.123773, 36.841537 ], [ 127.123812, 36.841499 ], [ 127.123849, 36.841496 ], [ 127.123876, 36.841503 ], [ 127.123906, 36.841481 ], [ 127.123926, 36.841479 ], [ 127.123926, 36.841428 ], [ 127.123799, 36.841422 ], [ 127.123795, 36.841205 ], [ 127.123753, 36.841205 ], [ 127.123753, 36.841127 ] ] ] } },
{ "type": "Feature", "properties": { "id": 85204, "model": "road", "type": "2", "accuracy": "96.09", "area": "90.53", "address": "충청남도 천안시 서북구 성성동 510", "region_code": "4413310500", "memo": "" }, "geometry": { "type": "Polygon", "coordinates": [ [ [ 127.118064, 36.840515 ], [ 127.118013, 36.840419 ], [ 127.117991, 36.840407 ], [ 127.117983, 36.840416 ], [ 127.11799, 36.840454 ], [ 127.118044, 36.840561 ], [ 127.118052, 36.840571 ], [ 127.11807, 36.840574 ], [ 127.118064, 36.840515 ] ] ] } },
{ "type": "Feature", "properties": { "id": 85205, "model": "road", "type": "2", "accuracy": "95.98", "area": "161.15", "address": "충청남도 천안시 서북구 부대동 35-2", "region_code": "4413311100", "memo": "" }, "geometry": { "type": "Polygon", "coordinates": [ [ [ 127.165889, 36.840455 ], [ 127.165861, 36.840493 ], [ 127.165861, 36.840511 ], [ 127.165884, 36.840527 ], [ 127.165919, 36.840486 ], [ 127.165932, 36.840447 ], [ 127.165913, 36.840404 ], [ 127.165855, 36.840355 ], [ 127.165832, 36.840298 ], [ 127.165834, 36.840247 ], [ 127.165819, 36.840237 ], [ 127.165797, 36.840266 ], [ 127.165803, 36.840323 ], [ 127.165818, 36.840324 ], [ 127.165816, 36.84034 ], [ 127.165838, 36.840373 ], [ 127.165882, 36.840414 ], [ 127.165889, 36.840455 ] ] ] } },
{ "type": "Feature", "properties": { "id": 85206, "model": "road", "type": "2", "accuracy": "96.12", "area": "164.90", "address": "충청남도 천안시 서북구 부대동 37-19", "region_code": "4413311100", "memo": "" }, "geometry": { "type": "Polygon", "coordinates": [ [ [ 127.160804, 36.840442 ], [ 127.160871, 36.840376 ], [ 127.160884, 36.840347 ], [ 127.160876, 36.84033 ], [ 127.160902, 36.84033 ], [ 127.160915, 36.840313 ], [ 127.160929, 36.840281 ], [ 127.160945, 36.840264 ], [ 127.160946, 36.840233 ], [ 127.160934, 36.840231 ], [ 127.160922, 36.84024 ], [ 127.160915, 36.840261 ], [ 127.16088, 36.840285 ], [ 127.160824, 36.840363 ], [ 127.160751, 36.840418 ], [ 127.160749, 36.840429 ], [ 127.160772, 36.840442 ], [ 127.160804, 36.840442 ] ] ] } },
{ "type": "Feature", "properties": { "id": 85207, "model": "road", "type": "2", "accuracy": "95.16", "area": "255.48", "address": "충청남도 천안시 서북구 부대동 35-2", "region_code": "4413311100", "memo": "" }, "geometry": { "type": "Polygon", "coordinates": [ [ [ 127.164646, 36.840311 ], [ 127.164771, 36.840442 ], [ 127.164782, 36.840447 ], [ 127.164793, 36.840443 ], [ 127.164789, 36.840422 ], [ 127.164729, 36.840349 ], [ 127.164686, 36.840319 ], [ 127.164657, 36.840309 ], [ 127.164595, 36.840247 ], [ 127.164564, 36.840244 ], [ 127.164564, 36.840201 ], [ 127.164538, 36.840191 ], [ 127.164475, 36.840143 ], [ 127.164442, 36.840135 ], [ 127.164411, 36.84011 ], [ 127.164375, 36.840097 ], [ 127.164347, 36.840077 ], [ 127.164326, 36.840049 ], [ 127.164308, 36.84005 ], [ 127.164313, 36.840081 ], [ 127.164344, 36.840113 ], [ 127.164433, 36.840151 ], [ 127.16453, 36.840225 ], [ 127.164564, 36.840257 ], [ 127.164564, 36.840268 ], [ 127.164646, 36.840311 ] ] ] } },
{ "type": "Feature", "properties": { "id": 85208, "model": "road", "type": "2", "accuracy": "96.27", "area": "166.94", "address": "충청남도 천안시 서북구 부대동 35-2", "region_code": "4413311100", "memo": "" }, "geometry": { "type": "Polygon", "coordinates": [ [ [ 127.165696, 36.840184 ], [ 127.165743, 36.840176 ], [ 127.165743, 36.840165 ], [ 127.165702, 36.840145 ], [ 127.165656, 36.840149 ], [ 127.165537, 36.84014 ], [ 127.165403, 36.840145 ], [ 127.165373, 36.840132 ], [ 127.165359, 36.840156 ], [ 127.165361, 36.840166 ], [ 127.165375, 36.840173 ], [ 127.165508, 36.840167 ], [ 127.165671, 36.840177 ], [ 127.165696, 36.840184 ] ] ] } },
{ "type": "Feature", "properties": { "id": 85209, "model": "road", "type": "1", "accuracy": "92.76", "area": "274.63", "address": "충청남도 천안시 서북구 차암동 429", "region_code": "4413310600", "memo": "" }, "geometry": { "type": "Polygon", "coordinates": [ [ [ 127.109023, 36.840146 ], [ 127.108992, 36.840087 ], [ 127.108969, 36.840082 ], [ 127.108968, 36.840065 ], [ 127.108945, 36.840042 ], [ 127.10893, 36.840005 ], [ 127.10888, 36.839941 ], [ 127.108845, 36.839941 ], [ 127.108829, 36.839957 ], [ 127.108834, 36.839973 ], [ 127.108876, 36.839974 ], [ 127.108882, 36.839997 ], [ 127.108865, 36.840004 ], [ 127.108878, 36.840029 ], [ 127.109057, 36.840265 ], [ 127.109073, 36.840274 ], [ 127.109063, 36.840229 ], [ 127.109074, 36.840204 ], [ 127.109051, 36.840171 ], [ 127.109041, 36.840168 ], [ 127.109036, 36.840152 ], [ 127.109023, 36.840146 ] ] ] } },
{ "type": "Feature", "properties": { "id": 85210, "model": "road", "type": "2", "accuracy": "96.44", "area": "86.15", "address": "충청남도 천안시 서북구 성성동 15-3", "region_code": "4413310500", "memo": "" }, "geometry": { "type": "Polygon", "coordinates": [ [ [ 127.13993, 36.840124 ], [ 127.139947, 36.840119 ], [ 127.139953, 36.840091 ], [ 127.139957, 36.839942 ], [ 127.139926, 36.839942 ], [ 127.139923, 36.83995 ], [ 127.139924, 36.840136 ], [ 127.13993, 36.840124 ] ] ] } },
{ "type": "Feature", "properties": { "id": 85212, "model": "road", "type": "2", "accuracy": "96.82", "area": "293.79", "address": "충청남도 천안시 서북구 부대동 37-19", "region_code": "4413311100", "memo": "" }, "geometry": { "type": "Polygon", "coordinates": [ [ [ 127.161224, 36.83998 ], [ 127.161224, 36.83995 ], [ 127.161247, 36.839941 ], [ 127.161291, 36.839864 ], [ 127.161329, 36.839817 ], [ 127.161361, 36.839757 ], [ 127.161365, 36.839729 ], [ 127.16144, 36.839661 ], [ 127.161436, 36.839644 ], [ 127.161396, 36.839647 ], [ 127.161358, 36.839676 ], [ 127.161349, 36.839723 ], [ 127.16132, 36.839734 ], [ 127.161303, 36.839751 ], [ 127.161185, 36.839929 ], [ 127.161178, 36.839944 ], [ 127.161192, 36.839956 ], [ 127.161196, 36.839982 ], [ 127.161224, 36.83998 ] ] ] } },
{ "type": "Feature", "properties": { "id": 85213, "model": "road", "type": "1", "accuracy": "96.38", "area": "188.82", "address": "충청남도 천안시 서북구 차암동 529", "region_code": "4413310600", "memo": "" }, "geometry": { "type": "Polygon", "coordinates": [ [ [ 127.103008, 36.83988 ], [ 127.103052, 36.839877 ], [ 127.103057, 36.839864 ], [ 127.103078, 36.839851 ], [ 127.103109, 36.839846 ], [ 127.103111, 36.839825 ], [ 127.103094, 36.839798 ], [ 127.103092, 36.839778 ], [ 127.103063, 36.839761 ], [ 127.103024, 36.839756 ], [ 127.10296, 36.83976 ], [ 127.102971, 36.839764 ], [ 127.102973, 36.839797 ], [ 127.102994, 36.839817 ], [ 127.102992, 36.839835 ], [ 127.103008, 36.83988 ] ] ] } },
{ "type": "Feature", "properties": { "id": 85214, "model": "road", "type": "1", "accuracy": "95.57", "area": "119.03", "address": "충청남도 천안시 서북구 차암동 345-17", "region_code": "4413310600", "memo": "" }, "geometry": { "type": "Polygon", "coordinates": [ [ [ 127.103073, 36.839698 ], [ 127.103087, 36.839604 ], [ 127.103049, 36.839564 ], [ 127.102943, 36.839564 ], [ 127.102928, 36.839583 ], [ 127.102935, 36.839593 ], [ 127.103044, 36.839617 ], [ 127.103073, 36.839698 ] ] ] } },
{ "type": "Feature", "properties": { "id": 85215, "model": "road", "type": "2", "accuracy": "91.74", "area": "96.00", "address": "충청남도 천안시 서북구 차암동 404", "region_code": "4413310600", "memo": "" }, "geometry": { "type": "Polygon", "coordinates": [ [ [ 127.110331, 36.839558 ], [ 127.110306, 36.839498 ], [ 127.110267, 36.839508 ], [ 127.110244, 36.839491 ], [ 127.110234, 36.839493 ], [ 127.110232, 36.839504 ], [ 127.110245, 36.83951 ], [ 127.110245, 36.839521 ], [ 127.110233, 36.839553 ], [ 127.110225, 36.839556 ], [ 127.110238, 36.839556 ], [ 127.110256, 36.839546 ], [ 127.110275, 36.839552 ], [ 127.110298, 36.839612 ], [ 127.110318, 36.839633 ], [ 127.110319, 36.839558 ], [ 127.110331, 36.839558 ] ] ] } },
{ "type": "Feature", "properties": { "id": 85216, "model": "road", "type": "2", "accuracy": "95.93", "area": "135.45", "address": "충청남도 천안시 서북구 부대동 37-16", "region_code": "4413311100", "memo": "" }, "geometry": { "type": "Polygon", "coordinates": [ [ [ 127.164991, 36.839423 ], [ 127.165126, 36.839416 ], [ 127.165138, 36.839401 ], [ 127.165116, 36.839393 ], [ 127.165078, 36.839393 ], [ 127.165077, 36.839387 ], [ 127.165004, 36.839383 ], [ 127.164961, 36.839388 ], [ 127.164893, 36.839378 ], [ 127.16486, 36.839382 ], [ 127.164844, 36.839402 ], [ 127.164848, 36.83941 ], [ 127.164945, 36.839413 ], [ 127.164991, 36.839423 ] ] ] } },
{ "type": "Feature", "properties": { "id": 85218, "model": "road", "type": "2", "accuracy": "95.36", "area": "130.15", "address": "충청남도 천안시 서북구 부대동 153-10", "region_code": "4413311100", "memo": "" }, "geometry": { "type": "Polygon", "coordinates": [ [ [ 127.152482, 36.839223 ], [ 127.152538, 36.83922 ], [ 127.15259, 36.839206 ], [ 127.15247, 36.839182 ], [ 127.152372, 36.839178 ], [ 127.152335, 36.839184 ], [ 127.15231, 36.8392 ], [ 127.15231, 36.839211 ], [ 127.152331, 36.839217 ], [ 127.152401, 36.839215 ], [ 127.152482, 36.839223 ] ] ] } },
{ "type": "Feature", "properties": { "id": 85219, "model": "road", "type": "1", "accuracy": "89.52", "area": "207.79", "address": "충청남도 천안시 서북구 성성동 194-9", "region_code": "4413310500", "memo": "" }, "geometry": { "type": "Polygon", "coordinates": [ [ [ 127.124654, 36.839141 ], [ 127.124658, 36.839122 ], [ 127.12469, 36.839122 ], [ 127.1247, 36.839108 ], [ 127.12478, 36.83911 ], [ 127.124794, 36.839092 ], [ 127.124807, 36.839089 ], [ 127.124852, 36.839107 ], [ 127.124906, 36.839102 ], [ 127.124916, 36.839086 ], [ 127.124729, 36.839071 ], [ 127.124706, 36.839076 ], [ 127.12448, 36.839077 ], [ 127.124515, 36.839098 ], [ 127.124602, 36.839109 ], [ 127.124623, 36.839141 ], [ 127.124635, 36.839147 ], [ 127.124654, 36.839141 ] ] ] } },
{ "type": "Feature", "properties": { "id": 85220, "model": "road", "type": "2", "accuracy": "95.61", "area": "207.89", "address": "충청남도 천안시 서북구 두정동 1802", "region_code": "4413310400", "memo": "" }, "geometry": { "type": "Polygon", "coordinates": [ [ [ 127.146973, 36.838821 ], [ 127.146996, 36.838813 ], [ 127.146996, 36.838765 ], [ 127.146879, 36.838752 ], [ 127.146722, 36.838758 ], [ 127.146704, 36.838765 ], [ 127.146681, 36.838757 ], [ 127.146652, 36.838758 ], [ 127.146652, 36.838791 ], [ 127.146762, 36.838792 ], [ 127.146821, 36.838777 ], [ 127.146894, 36.838794 ], [ 127.146899, 36.83881 ], [ 127.146922, 36.838818 ], [ 127.146973, 36.838821 ] ] ] } },
{ "type": "Feature", "properties": { "id": 85221, "model": "road", "type": "2", "accuracy": "93.39", "area": "159.13", "address": "충청남도 천안시 서북구 두정동 1802", "region_code": "4413310400", "memo": "" }, "geometry": { "type": "Polygon", "coordinates": [ [ [ 127.147271, 36.83878 ], [ 127.14733, 36.838766 ], [ 127.147384, 36.838777 ], [ 127.147443, 36.838777 ], [ 127.14746, 36.838767 ], [ 127.147451, 36.838744 ], [ 127.147479, 36.838736 ], [ 127.147374, 36.838731 ], [ 127.147345, 36.838744 ], [ 127.147329, 36.838761 ], [ 127.147287, 36.838755 ], [ 127.147186, 36.838762 ], [ 127.147104, 36.838754 ], [ 127.147042, 36.838767 ], [ 127.147051, 36.838778 ], [ 127.147271, 36.83878 ] ] ] } },
{ "type": "Feature", "properties": { "id": 85222, "model": "road", "type": "1", "accuracy": "95.16", "area": "123.12", "address": "충청남도 천안시 서북구 두정동 1596", "region_code": "4413310400", "memo": "" }, "geometry": { "type": "Polygon", "coordinates": [ [ [ 127.146543, 36.837996 ], [ 127.146757, 36.837996 ], [ 127.146758, 36.837962 ], [ 127.146748, 36.837957 ], [ 127.146551, 36.837959 ], [ 127.146543, 36.837996 ] ] ] } },
{ "type": "Feature", "properties": { "id": 85223, "model": "road", "type": "1", "accuracy": "96.1", "area": "1315.92", "address": "충청남도 천안시 서북구 두정동 393-21", "region_code": "4413310400", "memo": "" }, "geometry": { "type": "Polygon", "coordinates": [ [ [ 127.151694, 36.83799 ], [ 127.151707, 36.837981 ], [ 127.151721, 36.837991 ], [ 127.151783, 36.837989 ], [ 127.151803, 36.837997 ], [ 127.151853, 36.837983 ], [ 127.151855, 36.837997 ], [ 127.151897, 36.83799 ], [ 127.15191, 36.838001 ], [ 127.152093, 36.838011 ], [ 127.152141, 36.838006 ], [ 127.152173, 36.838014 ], [ 127.152263, 36.838009 ], [ 127.152297, 36.838016 ], [ 127.152531, 36.838023 ], [ 127.152646, 36.838036 ], [ 127.152677, 36.838032 ], [ 127.152677, 36.837941 ], [ 127.152646, 36.837962 ], [ 127.152545, 36.837964 ], [ 127.152539, 36.83797 ], [ 127.152521, 36.837958 ], [ 127.152216, 36.837952 ], [ 127.152163, 36.837937 ], [ 127.152139, 36.837912 ], [ 127.152134, 36.837881 ], [ 127.152137, 36.837778 ], [ 127.15216, 36.837712 ], [ 127.152144, 36.837682 ], [ 127.152124, 36.837675 ], [ 127.152071, 36.837693 ], [ 127.152047, 36.837709 ], [ 127.152048, 36.837721 ], [ 127.152061, 36.837723 ], [ 127.152048, 36.837737 ], [ 127.152063, 36.837754 ], [ 127.15204, 36.83777 ], [ 127.152037, 36.837798 ], [ 127.15205, 36.83781 ], [ 127.152043, 36.837838 ], [ 127.152064, 36.837874 ], [ 127.152064, 36.837891 ], [ 127.152037, 36.837929 ], [ 127.152019, 36.837938 ], [ 127.151957, 36.837939 ], [ 127.151944, 36.837948 ], [ 127.151858, 36.83794 ], [ 127.15175, 36.837959 ], [ 127.151644, 36.837942 ], [ 127.151644, 36.837994 ], [ 127.151694, 36.83799 ] ] ] } },
{ "type": "Feature", "properties": { "id": 85226, "model": "road", "type": "2", "accuracy": "96.18", "area": "94.94", "address": "충청남도 천안시 서북구 두정동 393-15", "region_code": "4413310400", "memo": "" }, "geometry": { "type": "Polygon", "coordinates": [ [ [ 127.153557, 36.837322 ], [ 127.15358, 36.837253 ], [ 127.153605, 36.837225 ], [ 127.153651, 36.837197 ], [ 127.153639, 36.837177 ], [ 127.1536, 36.837188 ], [ 127.153547, 36.837232 ], [ 127.153531, 36.837267 ], [ 127.15353, 36.837309 ], [ 127.153536, 36.837323 ], [ 127.153557, 36.837322 ] ] ] } },
{ "type": "Feature", "properties": { "id": 85227, "model": "road", "type": "2", "accuracy": "95.92", "area": "81.41", "address": "충청남도 천안시 서북구 두정동 1608", "region_code": "4413310400", "memo": "" }, "geometry": { "type": "Polygon", "coordinates": [ [ [ 127.145823, 36.837209 ], [ 127.145913, 36.837201 ], [ 127.145929, 36.837185 ], [ 127.14591, 36.837172 ], [ 127.145762, 36.837175 ], [ 127.145753, 36.837184 ], [ 127.145754, 36.837198 ], [ 127.145765, 36.837205 ], [ 127.145823, 36.837209 ] ] ] } },
{ "type": "Feature", "properties": { "id": 85228, "model": "road", "type": "2", "accuracy": "96.68", "area": "279.37", "address": "충청남도 천안시 서북구 두정동 393-14", "region_code": "4413310400", "memo": "" }, "geometry": { "type": "Polygon", "coordinates": [ [ [ 127.154381, 36.837037 ], [ 127.154463, 36.837017 ], [ 127.154473, 36.837005 ], [ 127.154241, 36.836977 ], [ 127.15414, 36.836948 ], [ 127.154019, 36.836894 ], [ 127.154003, 36.836898 ], [ 127.154003, 36.836908 ], [ 127.154027, 36.836931 ], [ 127.154143, 36.836996 ], [ 127.154274, 36.837027 ], [ 127.154381, 36.837037 ] ] ] } },
{ "type": "Feature", "properties": { "id": 85229, "model": "road", "type": "2", "accuracy": "96.69", "area": "199.54", "address": "충청남도 천안시 서북구 두정동 393-15", "region_code": "4413310400", "memo": "" }, "geometry": { "type": "Polygon", "coordinates": [ [ [ 127.153692, 36.836999 ], [ 127.153692, 36.836981 ], [ 127.153667, 36.836963 ], [ 127.153404, 36.836892 ], [ 127.153384, 36.836898 ], [ 127.153383, 36.836919 ], [ 127.153396, 36.836929 ], [ 127.153478, 36.83695 ], [ 127.153536, 36.836979 ], [ 127.153643, 36.837001 ], [ 127.153692, 36.836999 ] ] ] } },
{ "type": "Feature", "properties": { "id": 85230, "model": "road", "type": "1", "accuracy": "94.87", "area": "230.95", "address": "충청남도 천안시 서북구 두정동 409", "region_code": "4413310400", "memo": "" }, "geometry": { "type": "Polygon", "coordinates": [ [ [ 127.155227, 36.836741 ], [ 127.155267, 36.836754 ], [ 127.15526, 36.83676 ], [ 127.155267, 36.836777 ], [ 127.155297, 36.836782 ], [ 127.155318, 36.836772 ], [ 127.155325, 36.836751 ], [ 127.155341, 36.836752 ], [ 127.155326, 36.836747 ], [ 127.155328, 36.836739 ], [ 127.155277, 36.836739 ], [ 127.155293, 36.836728 ], [ 127.15529, 36.83672 ], [ 127.155274, 36.836715 ], [ 127.155283, 36.836699 ], [ 127.155167, 36.836593 ], [ 127.155154, 36.836591 ], [ 127.155144, 36.836598 ], [ 127.155119, 36.836577 ], [ 127.155108, 36.836625 ], [ 127.155136, 36.836652 ], [ 127.155151, 36.836655 ], [ 127.155155, 36.836668 ], [ 127.1552, 36.836711 ], [ 127.155227, 36.836726 ], [ 127.155227, 36.836741 ] ] ] } },
{ "type": "Feature", "properties": { "id": 85232, "model": "road", "type": "1", "accuracy": "94.41", "area": "214.05", "address": "충청남도 천안시 서북구 두정동 409", "region_code": "4413310400", "memo": "" }, "geometry": { "type": "Polygon", "coordinates": [ [ [ 127.155095, 36.83659 ], [ 127.155108, 36.83656 ], [ 127.155121, 36.83656 ], [ 127.155116, 36.836549 ], [ 127.154996, 36.836451 ], [ 127.154976, 36.836424 ], [ 127.154907, 36.836364 ], [ 127.154913, 36.83645 ], [ 127.154919, 36.836459 ], [ 127.154944, 36.836452 ], [ 127.154961, 36.836464 ], [ 127.154941, 36.836474 ], [ 127.154936, 36.836489 ], [ 127.154973, 36.836498 ], [ 127.155, 36.83652 ], [ 127.155019, 36.83652 ], [ 127.155029, 36.836549 ], [ 127.155047, 36.836559 ], [ 127.155069, 36.836591 ], [ 127.155095, 36.83659 ] ] ] } },
{ "type": "Feature", "properties": { "id": 85233, "model": "road", "type": "2", "accuracy": "95.68", "area": "90.84", "address": "충청남도 천안시 서북구 두정동 2008", "region_code": "4413310400", "memo": "" }, "geometry": { "type": "Polygon", "coordinates": [ [ [ 127.128797, 36.836532 ], [ 127.128912, 36.836524 ], [ 127.128912, 36.836494 ], [ 127.1288, 36.836486 ], [ 127.128737, 36.836504 ], [ 127.128738, 36.83651 ], [ 127.128797, 36.836532 ] ] ] } },
{ "type": "Feature", "properties": { "id": 85234, "model": "road", "type": "2", "accuracy": "95.63", "area": "105.01", "address": "충청남도 천안시 서북구 백석동 1141", "region_code": "4413310300", "memo": "" }, "geometry": { "type": "Polygon", "coordinates": [ [ [ 127.120297, 36.836247 ], [ 127.120271, 36.836226 ], [ 127.120233, 36.836226 ], [ 127.120227, 36.836232 ], [ 127.120257, 36.836323 ], [ 127.12029, 36.83638 ], [ 127.120302, 36.836379 ], [ 127.120297, 36.836247 ] ] ] } },
{ "type": "Feature", "properties": { "id": 85235, "model": "road", "type": "1", "accuracy": "96.81", "area": "1942.98", "address": "충청남도 천안시 서북구 두정동 393-37", "region_code": "4413310400", "memo": "" }, "geometry": { "type": "Polygon", "coordinates": [ [ [ 127.152323, 36.835697 ], [ 127.152281, 36.83569 ], [ 127.152266, 36.835676 ], [ 127.152235, 36.835675 ], [ 127.152233, 36.835686 ], [ 127.152253, 36.835705 ], [ 127.152256, 36.835721 ], [ 127.152227, 36.835739 ], [ 127.152226, 36.835752 ], [ 127.152456, 36.83587 ], [ 127.152568, 36.835961 ], [ 127.152808, 36.836082 ], [ 127.152846, 36.836089 ], [ 127.152849, 36.836205 ], [ 127.152874, 36.836215 ], [ 127.152886, 36.836209 ], [ 127.15289, 36.836218 ], [ 127.152917, 36.836228 ], [ 127.152917, 36.836236 ], [ 127.152932, 36.836236 ], [ 127.15292, 36.836226 ], [ 127.152974, 36.836236 ], [ 127.153003, 36.836214 ], [ 127.153001, 36.836189 ], [ 127.153066, 36.836188 ], [ 127.153068, 36.836208 ], [ 127.153096, 36.83621 ], [ 127.153107, 36.836231 ], [ 127.153123, 36.83624 ], [ 127.153129, 36.836273 ], [ 127.153185, 36.836309 ], [ 127.153236, 36.836328 ], [ 127.153247, 36.836339 ], [ 127.153431, 36.836394 ], [ 127.153435, 36.836383 ], [ 127.153426, 36.83637 ], [ 127.153338, 36.836307 ], [ 127.153309, 36.836304 ], [ 127.153243, 36.83627 ], [ 127.15319, 36.836236 ], [ 127.153188, 36.836221 ], [ 127.153158, 36.836203 ], [ 127.153153, 36.836188 ], [ 127.153111, 36.836188 ], [ 127.153109, 36.836143 ], [ 127.153123, 36.836121 ], [ 127.153091, 36.836093 ], [ 127.15306, 36.836105 ], [ 127.153011, 36.836097 ], [ 127.152977, 36.836075 ], [ 127.152956, 36.836025 ], [ 127.152929, 36.836016 ], [ 127.152887, 36.835986 ], [ 127.152863, 36.83598 ], [ 127.152845, 36.835965 ], [ 127.152816, 36.835965 ], [ 127.15279, 36.835955 ], [ 127.152771, 36.835975 ], [ 127.152746, 36.835916 ], [ 127.152699, 36.835903 ], [ 127.152647, 36.835865 ], [ 127.152581, 36.835831 ], [ 127.152526, 36.835812 ], [ 127.152506, 36.835824 ], [ 127.152452, 36.835815 ], [ 127.152431, 36.835823 ], [ 127.152365, 36.835791 ], [ 127.152346, 36.835774 ], [ 127.152428, 36.835774 ], [ 127.152429, 36.835764 ], [ 127.152381, 36.835728 ], [ 127.152323, 36.835697 ] ] ] } },
{ "type": "Feature", "properties": { "id": 85237, "model": "road", "type": "1", "accuracy": "91.71", "area": "121.10", "address": "충청남도 천안시 서북구 두정동 399-1", "region_code": "4413310400", "memo": "" }, "geometry": { "type": "Polygon", "coordinates": [ [ [ 127.156383, 36.835954 ], [ 127.156393, 36.83594 ], [ 127.156379, 36.835924 ], [ 127.15636, 36.835908 ], [ 127.156347, 36.835907 ], [ 127.156342, 36.835894 ], [ 127.156305, 36.835865 ], [ 127.156247, 36.835857 ], [ 127.156224, 36.83582 ], [ 127.156195, 36.835823 ], [ 127.156227, 36.835861 ], [ 127.156242, 36.835867 ], [ 127.156255, 36.835861 ], [ 127.156249, 36.835894 ], [ 127.156254, 36.835907 ], [ 127.156264, 36.835907 ], [ 127.15628, 36.835925 ], [ 127.156304, 36.83593 ], [ 127.156312, 36.835921 ], [ 127.156361, 36.835953 ], [ 127.156383, 36.835954 ] ] ] } },
{ "type": "Feature", "properties": { "id": 85238, "model": "road", "type": "2", "accuracy": "97.2", "area": "464.82", "address": "충청남도 천안시 서북구 부대동 165-12", "region_code": "4413311100", "memo": "" }, "geometry": { "type": "Polygon", "coordinates": [ [ [ 127.149065, 36.835815 ], [ 127.149066, 36.835778 ], [ 127.149113, 36.835778 ], [ 127.149108, 36.83575 ], [ 127.149117, 36.835722 ], [ 127.149116, 36.835683 ], [ 127.149109, 36.835663 ], [ 127.14909, 36.835645 ], [ 127.149087, 36.835548 ], [ 127.149056, 36.835532 ], [ 127.149055, 36.83551 ], [ 127.149037, 36.835723 ], [ 127.149039, 36.83578 ], [ 127.14903, 36.835808 ], [ 127.149005, 36.836087 ], [ 127.149005, 36.836137 ], [ 127.149029, 36.83616 ], [ 127.149037, 36.836179 ], [ 127.149058, 36.836172 ], [ 127.149057, 36.835814 ], [ 127.149065, 36.835815 ] ] ] } },
{ "type": "Feature", "properties": { "id": 85239, "model": "road", "type": "1", "accuracy": "97.09", "area": "238.48", "address": "충청남도 천안시 서북구 두정동 393-40", "region_code": "4413310400", "memo": "" }, "geometry": { "type": "Polygon", "coordinates": [ [ [ 127.152156, 36.835684 ], [ 127.152043, 36.83562 ], [ 127.151888, 36.835567 ], [ 127.151863, 36.83554 ], [ 127.15183, 36.835536 ], [ 127.151811, 36.835547 ], [ 127.151812, 36.835646 ], [ 127.151859, 36.835615 ], [ 127.151914, 36.835607 ], [ 127.151969, 36.835625 ], [ 127.152156, 36.835714 ], [ 127.152156, 36.835684 ] ] ] } },
{ "type": "Feature", "properties": { "id": 85240, "model": "road", "type": "1", "accuracy": "94.36", "area": "299.30", "address": "충청남도 천안시 서북구 백석동 1222", "region_code": "4413310300", "memo": "" }, "geometry": { "type": "Polygon", "coordinates": [ [ [ 127.122468, 36.83563 ], [ 127.122637, 36.835591 ], [ 127.122672, 36.835591 ], [ 127.122714, 36.835618 ], [ 127.12276, 36.835627 ], [ 127.122807, 36.835621 ], [ 127.122819, 36.835606 ], [ 127.122809, 36.835579 ], [ 127.122766, 36.835579 ], [ 127.122729, 36.83557 ], [ 127.122706, 36.835554 ], [ 127.122695, 36.835532 ], [ 127.122524, 36.835532 ], [ 127.122434, 36.835561 ], [ 127.122474, 36.83557 ], [ 127.122503, 36.835566 ], [ 127.122613, 36.835536 ], [ 127.12263, 36.835537 ], [ 127.122636, 36.835553 ], [ 127.122624, 36.835565 ], [ 127.122512, 36.835592 ], [ 127.122482, 36.835606 ], [ 127.122452, 36.835609 ], [ 127.122434, 36.835583 ], [ 127.122396, 36.835594 ], [ 127.122413, 36.835625 ], [ 127.122427, 36.835615 ], [ 127.122444, 36.835624 ], [ 127.122461, 36.835623 ], [ 127.122468, 36.83563 ] ] ] } },
{ "type": "Feature", "properties": { "id": 85241, "model": "road", "type": "1", "accuracy": "92.17", "area": "95.51", "address": "충청남도 천안시 서북구 백석동 1222", "region_code": "4413310300", "memo": "" }, "geometry": { "type": "Polygon", "coordinates": [ [ [ 127.122883, 36.835462 ], [ 127.122847, 36.835453 ], [ 127.122836, 36.835433 ], [ 127.122816, 36.835426 ], [ 127.122738, 36.835423 ], [ 127.122722, 36.835434 ], [ 127.122728, 36.835454 ], [ 127.12278, 36.835449 ], [ 127.122805, 36.835456 ], [ 127.122839, 36.835485 ], [ 127.122852, 36.835514 ], [ 127.122883, 36.835525 ], [ 127.122883, 36.835462 ] ] ] } },
{ "type": "Feature", "properties": { "id": 85242, "model": "road", "type": "1", "accuracy": "92.9", "area": "91.46", "address": "충청남도 천안시 서북구 백석동 729", "region_code": "4413310300", "memo": "" }, "geometry": { "type": "Polygon", "coordinates": [ [ [ 127.116934, 36.835428 ], [ 127.116948, 36.835405 ], [ 127.116936, 36.835375 ], [ 127.116901, 36.835323 ], [ 127.116891, 36.835289 ], [ 127.116863, 36.835251 ], [ 127.11686, 36.83523 ], [ 127.116835, 36.835208 ], [ 127.116833, 36.835177 ], [ 127.11682, 36.835173 ], [ 127.116812, 36.835193 ], [ 127.116883, 36.835333 ], [ 127.116895, 36.835344 ], [ 127.116921, 36.835409 ], [ 127.116934, 36.835428 ] ] ] } },
{ "type": "Feature", "properties": { "id": 85243, "model": "road", "type": "2", "accuracy": "94.59", "area": "98.55", "address": "충청남도 천안시 서북구 백석동 1224", "region_code": "4413310300", "memo": "" }, "geometry": { "type": "Polygon", "coordinates": [ [ [ 127.122201, 36.835132 ], [ 127.122211, 36.835124 ], [ 127.122215, 36.835101 ], [ 127.122209, 36.835078 ], [ 127.122194, 36.83507 ], [ 127.122194, 36.834978 ], [ 127.122134, 36.834979 ], [ 127.122132, 36.834986 ], [ 127.122153, 36.83501 ], [ 127.122178, 36.835131 ], [ 127.122193, 36.835163 ], [ 127.122194, 36.835128 ], [ 127.122201, 36.835132 ] ] ] } },
{ "type": "Feature", "properties": { "id": 85244, "model": "road", "type": "1", "accuracy": "93.83", "area": "122.29", "address": "충청남도 천안시 서북구 두정동 410", "region_code": "4413310400", "memo": "" }, "geometry": { "type": "Polygon", "coordinates": [ [ [ 127.156971, 36.835053 ], [ 127.156976, 36.834964 ], [ 127.156958, 36.834959 ], [ 127.156953, 36.834938 ], [ 127.156918, 36.834938 ], [ 127.156903, 36.834905 ], [ 127.156874, 36.834891 ], [ 127.156855, 36.834913 ], [ 127.156871, 36.834938 ], [ 127.156843, 36.834938 ], [ 127.156844, 36.834945 ], [ 127.156878, 36.834955 ], [ 127.156913, 36.834994 ], [ 127.156957, 36.83502 ], [ 127.156971, 36.835053 ] ] ] } },
{ "type": "Feature", "properties": { "id": 85246, "model": "road", "type": "1", "accuracy": "94.7", "area": "76.12", "address": "충청남도 천안시 서북구 두정동 2008", "region_code": "4413310400", "memo": "" }, "geometry": { "type": "Polygon", "coordinates": [ [ [ 127.127943, 36.834972 ], [ 127.127893, 36.834857 ], [ 127.127876, 36.834843 ], [ 127.127876, 36.83494 ], [ 127.127883, 36.834947 ], [ 127.127876, 36.834973 ], [ 127.127943, 36.834972 ] ] ] } },
{ "type": "Feature", "properties": { "id": 85247, "model": "road", "type": "1", "accuracy": "95.59", "area": "141.13", "address": "충청남도 천안시 서북구 백석동 1116", "region_code": "4413310300", "memo": "" }, "geometry": { "type": "Polygon", "coordinates": [ [ [ 127.117396, 36.834885 ], [ 127.117414, 36.834848 ], [ 127.1174, 36.834844 ], [ 127.1174, 36.834835 ], [ 127.117406, 36.834842 ], [ 127.11741, 36.834835 ], [ 127.117383, 36.834775 ], [ 127.117349, 36.834729 ], [ 127.117318, 36.834723 ], [ 127.117302, 36.834734 ], [ 127.117301, 36.834746 ], [ 127.117353, 36.834856 ], [ 127.117386, 36.834884 ], [ 127.117396, 36.834885 ] ] ] } },
{ "type": "Feature", "properties": { "id": 85248, "model": "road", "type": "1", "accuracy": "96.92", "area": "430.25", "address": "충청남도 천안시 서북구 백석동 1116", "region_code": "4413310300", "memo": "" }, "geometry": { "type": "Polygon", "coordinates": [ [ [ 127.118402, 36.83469 ], [ 127.118378, 36.834667 ], [ 127.118331, 36.834672 ], [ 127.118277, 36.834654 ], [ 127.118241, 36.834603 ], [ 127.118221, 36.834617 ], [ 127.118231, 36.834681 ], [ 127.118222, 36.834706 ], [ 127.118188, 36.834728 ], [ 127.118179, 36.834757 ], [ 127.118197, 36.834805 ], [ 127.118233, 36.834814 ], [ 127.118233, 36.834858 ], [ 127.118277, 36.834843 ], [ 127.118285, 36.834799 ], [ 127.118265, 36.834745 ], [ 127.118289, 36.834716 ], [ 127.118316, 36.834721 ], [ 127.118338, 36.834751 ], [ 127.118362, 36.834753 ], [ 127.11838, 36.834802 ], [ 127.118447, 36.834785 ], [ 127.118445, 36.834764 ], [ 127.118425, 36.834748 ], [ 127.118402, 36.83469 ] ] ] } },
{ "type": "Feature", "properties": { "id": 85253, "model": "road", "type": "1", "accuracy": "97.48", "area": "419.09", "address": "충청남도 천안시 서북구 백석동 1222", "region_code": "4413310300", "memo": "" }, "geometry": { "type": "Polygon", "coordinates": [ [ [ 127.123712, 36.834587 ], [ 127.123729, 36.834565 ], [ 127.1237, 36.834531 ], [ 127.123705, 36.834487 ], [ 127.123686, 36.834474 ], [ 127.123663, 36.834471 ], [ 127.123659, 36.834462 ], [ 127.123629, 36.83446 ], [ 127.123631, 36.83445 ], [ 127.123658, 36.834442 ], [ 127.123635, 36.834429 ], [ 127.123621, 36.834366 ], [ 127.12357, 36.834362 ], [ 127.123528, 36.834369 ], [ 127.12351, 36.834391 ], [ 127.123507, 36.834422 ], [ 127.123511, 36.834461 ], [ 127.123533, 36.834498 ], [ 127.123643, 36.834574 ], [ 127.123681, 36.83457 ], [ 127.123712, 36.834587 ] ] ] } },
{ "type": "Feature", "properties": { "id": 85254, "model": "road", "type": "1", "accuracy": "96.88", "area": "348.05", "address": "충청남도 천안시 서북구 백석동 1116", "region_code": "4413310300", "memo": "" }, "geometry": { "type": "Polygon", "coordinates": [ [ [ 127.118717, 36.834488 ], [ 127.118737, 36.834479 ], [ 127.118734, 36.834453 ], [ 127.1187, 36.834384 ], [ 127.1187, 36.834362 ], [ 127.11883, 36.834319 ], [ 127.118836, 36.834313 ], [ 127.118829, 36.834283 ], [ 127.118793, 36.834286 ], [ 127.118703, 36.834315 ], [ 127.118652, 36.834294 ], [ 127.118605, 36.834295 ], [ 127.118577, 36.834285 ], [ 127.118535, 36.83429 ], [ 127.118528, 36.834303 ], [ 127.118543, 36.834316 ], [ 127.118571, 36.834329 ], [ 127.118613, 36.834335 ], [ 127.118595, 36.834356 ], [ 127.118602, 36.834391 ], [ 127.118609, 36.834396 ], [ 127.118649, 36.834395 ], [ 127.118697, 36.834479 ], [ 127.118717, 36.834488 ] ] ] } },
{ "type": "Feature", "properties": { "id": 85256, "model": "road", "type": "1", "accuracy": "90.84", "area": "79.06", "address": "충청남도 천안시 서북구 백석동 1116", "region_code": "4413310300", "memo": "" }, "geometry": { "type": "Polygon", "coordinates": [ [ [ 127.119041, 36.834278 ], [ 127.119055, 36.834273 ], [ 127.119049, 36.834249 ], [ 127.119016, 36.834193 ], [ 127.118957, 36.834173 ], [ 127.118948, 36.834201 ], [ 127.11898, 36.834217 ], [ 127.118994, 36.834253 ], [ 127.119015, 36.834269 ], [ 127.119041, 36.834278 ] ] ] } },
{ "type": "Feature", "properties": { "id": 85257, "model": "road", "type": "1", "accuracy": "95.74", "area": "356.72", "address": "충청남도 천안시 서북구 백석동 1033", "region_code": "4413310300", "memo": "" }, "geometry": { "type": "Polygon", "coordinates": [ [ [ 127.123117, 36.834191 ], [ 127.123121, 36.834175 ], [ 127.123146, 36.834148 ], [ 127.123154, 36.834164 ], [ 127.123172, 36.834168 ], [ 127.123282, 36.834153 ], [ 127.123287, 36.834119 ], [ 127.12326, 36.834113 ], [ 127.123244, 36.834129 ], [ 127.123219, 36.834137 ], [ 127.123188, 36.834119 ], [ 127.123145, 36.834144 ], [ 127.123139, 36.834132 ], [ 127.123119, 36.834136 ], [ 127.123111, 36.83413 ], [ 127.123112, 36.83411 ], [ 127.1231, 36.834107 ], [ 127.123059, 36.834108 ], [ 127.123049, 36.834103 ], [ 127.123037, 36.834111 ], [ 127.122881, 36.834111 ], [ 127.122881, 36.834135 ], [ 127.122896, 36.83414 ], [ 127.122881, 36.834144 ], [ 127.122881, 36.834158 ], [ 127.122903, 36.834162 ], [ 127.122905, 36.834174 ], [ 127.122939, 36.834175 ], [ 127.122948, 36.834185 ], [ 127.122975, 36.83419 ], [ 127.123117, 36.834191 ] ] ] } },
{ "type": "Feature", "properties": { "id": 85258, "model": "road", "type": "1", "accuracy": "96.63", "area": "641.04", "address": "충청남도 천안시 서북구 백석동 1141", "region_code": "4413310300", "memo": "" }, "geometry": { "type": "Polygon", "coordinates": [ [ [ 127.119265, 36.834217 ], [ 127.119238, 36.834156 ], [ 127.119265, 36.834165 ], [ 127.119265, 36.834154 ], [ 127.119233, 36.834151 ], [ 127.119227, 36.834142 ], [ 127.119217, 36.834109 ], [ 127.11923, 36.834111 ], [ 127.119233, 36.834093 ], [ 127.119219, 36.834066 ], [ 127.119207, 36.834067 ], [ 127.11921, 36.834081 ], [ 127.119196, 36.834071 ], [ 127.119156, 36.833972 ], [ 127.119165, 36.833949 ], [ 127.119142, 36.83394 ], [ 127.119138, 36.833923 ], [ 127.119095, 36.833901 ], [ 127.119075, 36.833947 ], [ 127.119079, 36.83398 ], [ 127.11907, 36.834013 ], [ 127.11906, 36.834025 ], [ 127.118989, 36.834053 ], [ 127.118992, 36.834077 ], [ 127.119057, 36.834101 ], [ 127.119096, 36.834101 ], [ 127.119131, 36.834118 ], [ 127.119148, 36.834135 ], [ 127.119255, 36.834382 ], [ 127.119265, 36.834386 ], [ 127.119265, 36.834217 ] ] ] } },
{ "type": "Feature", "properties": { "id": 85259, "model": "road", "type": "1", "accuracy": "92.06", "area": "153.62", "address": "충청남도 천안시 서북구 백석동 970", "region_code": "4413310300", "memo": "" }, "geometry": { "type": "Polygon", "coordinates": [ [ [ 127.124597, 36.834091 ], [ 127.12462, 36.834065 ], [ 127.124661, 36.834069 ], [ 127.124679, 36.834081 ], [ 127.124729, 36.834081 ], [ 127.124749, 36.834072 ], [ 127.124775, 36.834076 ], [ 127.124775, 36.834055 ], [ 127.124705, 36.834055 ], [ 127.124688, 36.834044 ], [ 127.124651, 36.834051 ], [ 127.124447, 36.834049 ], [ 127.124431, 36.834064 ], [ 127.124431, 36.834091 ], [ 127.124517, 36.834073 ], [ 127.124523, 36.834082 ], [ 127.124584, 36.834096 ], [ 127.124597, 36.834091 ] ] ] } },
{ "type": "Feature", "properties": { "id": 85260, "model": "road", "type": "1", "accuracy": "96.57", "area": "89.53", "address": "충청남도 천안시 서북구 두정동 78-9", "region_code": "4413310400", "memo": "" }, "geometry": { "type": "Polygon", "coordinates": [ [ [ 127.148445, 36.834026 ], [ 127.148478, 36.834012 ], [ 127.148492, 36.833841 ], [ 127.148461, 36.833841 ], [ 127.148457, 36.833854 ], [ 127.148445, 36.834026 ] ] ] } },
{ "type": "Feature", "properties": { "id": 85261, "model": "road", "type": "1", "accuracy": "97.1", "area": "1899.36", "address": "충청남도 천안시 서북구 백석동 729-1", "region_code": "4413310300", "memo": "" }, "geometry": { "type": "Polygon", "coordinates": [ [ [ 127.115634, 36.832316 ], [ 127.115583, 36.832223 ], [ 127.115587, 36.832251 ], [ 127.115571, 36.832295 ], [ 127.115587, 36.832328 ], [ 127.115601, 36.832342 ], [ 127.115607, 36.832336 ], [ 127.115613, 36.832343 ], [ 127.115603, 36.832348 ], [ 127.115605, 36.832355 ], [ 127.115632, 36.832416 ], [ 127.115647, 36.832428 ], [ 127.115647, 36.832456 ], [ 127.115759, 36.832664 ], [ 127.115775, 36.832715 ], [ 127.115794, 36.832738 ], [ 127.115856, 36.832874 ], [ 127.11588, 36.832909 ], [ 127.115927, 36.833021 ], [ 127.115965, 36.833082 ], [ 127.116014, 36.833194 ], [ 127.116066, 36.833286 ], [ 127.116069, 36.833305 ], [ 127.116086, 36.833324 ], [ 127.116124, 36.833416 ], [ 127.116153, 36.83346 ], [ 127.116165, 36.833464 ], [ 127.116165, 36.833488 ], [ 127.116185, 36.833533 ], [ 127.116217, 36.833586 ], [ 127.116337, 36.83385 ], [ 127.116395, 36.833947 ], [ 127.11642, 36.834018 ], [ 127.116455, 36.834077 ], [ 127.116453, 36.834092 ], [ 127.116475, 36.834117 ], [ 127.116487, 36.834154 ], [ 127.116495, 36.834154 ], [ 127.116495, 36.834166 ], [ 127.11652, 36.834199 ], [ 127.116522, 36.834219 ], [ 127.116591, 36.834329 ], [ 127.116602, 36.83437 ], [ 127.116634, 36.834422 ], [ 127.116665, 36.834495 ], [ 127.116683, 36.834514 ], [ 127.11671, 36.834589 ], [ 127.116764, 36.834694 ], [ 127.116777, 36.834704 ], [ 127.116796, 36.834697 ], [ 127.1168, 36.834684 ], [ 127.116776, 36.834627 ], [ 127.11675, 36.834591 ], [ 127.116747, 36.834569 ], [ 127.116727, 36.834562 ], [ 127.116727, 36.834528 ], [ 127.116694, 36.834467 ], [ 127.116683, 36.834426 ], [ 127.116649, 36.834402 ], [ 127.116633, 36.834333 ], [ 127.116579, 36.834238 ], [ 127.116557, 36.834174 ], [ 127.116519, 36.834099 ], [ 127.11651, 36.834093 ], [ 127.116503, 36.834064 ], [ 127.116438, 36.833931 ], [ 127.116174, 36.833406 ], [ 127.116165, 36.833368 ], [ 127.116154, 36.833364 ], [ 127.116, 36.83305 ], [ 127.115992, 36.833047 ], [ 127.115946, 36.832936 ], [ 127.115771, 36.832597 ], [ 127.115648, 36.832347 ], [ 127.115646, 36.832322 ], [ 127.115634, 36.832316 ] ] ] } },
{ "type": "Feature", "properties": { "id": 85262, "model": "road", "type": "1", "accuracy": "90.69", "area": "86.84", "address": "충청남도 천안시 서북구 두정동 2064", "region_code": "4413310400", "memo": "" }, "geometry": { "type": "Polygon", "coordinates": [ [ [ 127.153811, 36.832954 ], [ 127.153804, 36.832926 ], [ 127.153754, 36.832894 ], [ 127.153747, 36.832874 ], [ 127.1537, 36.832828 ], [ 127.1537, 36.832938 ], [ 127.15373, 36.832933 ], [ 127.153737, 36.832918 ], [ 127.153727, 36.832905 ], [ 127.153737, 36.832898 ], [ 127.153745, 36.832901 ], [ 127.153745, 36.832917 ], [ 127.153784, 36.832954 ], [ 127.153811, 36.832954 ] ] ] } },
{ "type": "Feature", "properties": { "id": 85263, "model": "road", "type": "1", "accuracy": "96.35", "area": "290.61", "address": "충청남도 천안시 서북구 백석동 1112-1", "region_code": "4413310300", "memo": "" }, "geometry": { "type": "Polygon", "coordinates": [ [ [ 127.120366, 36.833021 ], [ 127.120397, 36.833007 ], [ 127.120403, 36.832963 ], [ 127.120386, 36.832925 ], [ 127.12035, 36.832907 ], [ 127.120296, 36.832759 ], [ 127.120296, 36.832831 ], [ 127.120288, 36.832824 ], [ 127.120269, 36.832831 ], [ 127.120244, 36.832829 ], [ 127.120228, 36.832841 ], [ 127.120225, 36.832852 ], [ 127.12025, 36.832859 ], [ 127.120255, 36.832868 ], [ 127.120279, 36.832877 ], [ 127.120296, 36.832876 ], [ 127.120296, 36.833043 ], [ 127.12036, 36.833043 ], [ 127.120366, 36.833021 ] ] ] } },
{ "type": "Feature", "properties": { "id": 85264, "model": "road", "type": "2", "accuracy": "94.78", "area": "130.64", "address": "충청남도 천안시 동남구 신부동 287-23", "region_code": "4413111800", "memo": "" }, "geometry": { "type": "Polygon", "coordinates": [ [ [ 127.15862, 36.832911 ], [ 127.158644, 36.832883 ], [ 127.158672, 36.832867 ], [ 127.158677, 36.83283 ], [ 127.158736, 36.832759 ], [ 127.158744, 36.832685 ], [ 127.158687, 36.83274 ], [ 127.158668, 36.832798 ], [ 127.158632, 36.832833 ], [ 127.158629, 36.832873 ], [ 127.158597, 36.832899 ], [ 127.158605, 36.832914 ], [ 127.15862, 36.832911 ] ] ] } },
{ "type": "Feature", "properties": { "id": 85265, "model": "road", "type": "1", "accuracy": "95.09", "area": "163.88", "address": "충청남도 천안시 서북구 백석동 1112-1", "region_code": "4413310300", "memo": "" }, "geometry": { "type": "Polygon", "coordinates": [ [ [ 127.120432, 36.832542 ], [ 127.120554, 36.832505 ], [ 127.120589, 36.832489 ], [ 127.120551, 36.832465 ], [ 127.120485, 36.832463 ], [ 127.120423, 36.832473 ], [ 127.120374, 36.832517 ], [ 127.120374, 36.832528 ], [ 127.120401, 36.832545 ], [ 127.120432, 36.832542 ] ] ] } },
{ "type": "Feature", "properties": { "id": 85266, "model": "road", "type": "2", "accuracy": "96.33", "area": "256.86", "address": "충청남도 천안시 서북구 두정동 1812", "region_code": "4413310400", "memo": "" }, "geometry": { "type": "Polygon", "coordinates": [ [ [ 127.138372, 36.832507 ], [ 127.138539, 36.832504 ], [ 127.138563, 36.83249 ], [ 127.138565, 36.832464 ], [ 127.138579, 36.832451 ], [ 127.138632, 36.832451 ], [ 127.138682, 36.832441 ], [ 127.1387, 36.832425 ], [ 127.138688, 36.832417 ], [ 127.138629, 36.832423 ], [ 127.138574, 36.832441 ], [ 127.138508, 36.832431 ], [ 127.138396, 36.832437 ], [ 127.13836, 36.832457 ], [ 127.138356, 36.83248 ], [ 127.138372, 36.832507 ] ] ] } },
{ "type": "Feature", "properties": { "id": 85267, "model": "road", "type": "2", "accuracy": "95.53", "area": "177.23", "address": "충청남도 천안시 동남구 신부동 287-23", "region_code": "4413111800", "memo": "" }, "geometry": { "type": "Polygon", "coordinates": [ [ [ 127.158739, 36.832528 ], [ 127.158747, 36.832487 ], [ 127.158724, 36.8324 ], [ 127.158736, 36.832376 ], [ 127.158715, 36.832349 ], [ 127.158649, 36.832314 ], [ 127.158626, 36.832292 ], [ 127.158587, 36.832284 ], [ 127.158592, 36.832313 ], [ 127.15862, 36.832339 ], [ 127.158651, 36.832353 ], [ 127.158676, 36.832386 ], [ 127.158699, 36.832442 ], [ 127.158709, 36.832512 ], [ 127.158722, 36.832533 ], [ 127.158739, 36.832528 ] ] ] } },
{ "type": "Feature", "properties": { "id": 85272, "model": "road", "type": "2", "accuracy": "97.47", "area": "238.50", "address": "충청남도 천안시 서북구 백석동 574", "region_code": "4413310300", "memo": "" }, "geometry": { "type": "Polygon", "coordinates": [ [ [ 127.102042, 36.831243 ], [ 127.10222, 36.831234 ], [ 127.102233, 36.831223 ], [ 127.102221, 36.831218 ], [ 127.102223, 36.831209 ], [ 127.102206, 36.831207 ], [ 127.102181, 36.831216 ], [ 127.102143, 36.831207 ], [ 127.102053, 36.831221 ], [ 127.102032, 36.831216 ], [ 127.101894, 36.831222 ], [ 127.10173, 36.831242 ], [ 127.101698, 36.831239 ], [ 127.101698, 36.831261 ], [ 127.101924, 36.831259 ], [ 127.101997, 36.831255 ], [ 127.102041, 36.831249 ], [ 127.102042, 36.831243 ] ] ] } },
{ "type": "Feature", "properties": { "id": 85273, "model": "road", "type": "1", "accuracy": "96.41", "area": "386.74", "address": "충청남도 천안시 서북구 두정동 1812", "region_code": "4413310400", "memo": "" }, "geometry": { "type": "Polygon", "coordinates": [ [ [ 127.142927, 36.831091 ], [ 127.143118, 36.831075 ], [ 127.143294, 36.831074 ], [ 127.143339, 36.831066 ], [ 127.143328, 36.831049 ], [ 127.143306, 36.831039 ], [ 127.143277, 36.831009 ], [ 127.14321, 36.831006 ], [ 127.143041, 36.831025 ], [ 127.14302, 36.831052 ], [ 127.142998, 36.831046 ], [ 127.143001, 36.831031 ], [ 127.142907, 36.831033 ], [ 127.142902, 36.83104 ], [ 127.14291, 36.83106 ], [ 127.142883, 36.831055 ], [ 127.142873, 36.831073 ], [ 127.142853, 36.831078 ], [ 127.142873, 36.831083 ], [ 127.142849, 36.831088 ], [ 127.142927, 36.831091 ] ] ] } },
{ "type": "Feature", "properties": { "id": 85274, "model": "road", "type": "1", "accuracy": "91.95", "area": "111.02", "address": "충청남도 천안시 동남구 신부동 245", "region_code": "4413111800", "memo": "" }, "geometry": { "type": "Polygon", "coordinates": [ [ [ 127.158517, 36.830814 ], [ 127.158498, 36.830828 ], [ 127.158493, 36.830873 ], [ 127.158469, 36.830899 ], [ 127.158419, 36.830909 ], [ 127.158368, 36.830907 ], [ 127.158368, 36.830912 ], [ 127.158344, 36.830917 ], [ 127.158388, 36.830931 ], [ 127.158422, 36.830919 ], [ 127.158441, 36.83092 ], [ 127.158454, 36.830937 ], [ 127.158501, 36.830964 ], [ 127.158517, 36.830964 ], [ 127.158517, 36.830814 ] ] ] } },
{ "type": "Feature", "properties": { "id": 85275, "model": "road", "type": "1", "accuracy": "91.07", "area": "112.11", "address": "충청남도 천안시 서북구 두정동 2048", "region_code": "4413310400", "memo": "" }, "geometry": { "type": "Polygon", "coordinates": [ [ [ 127.151208, 36.830917 ], [ 127.151236, 36.830896 ], [ 127.151229, 36.830881 ], [ 127.151216, 36.830878 ], [ 127.151222, 36.830859 ], [ 127.15126, 36.830867 ], [ 127.151271, 36.830886 ], [ 127.151288, 36.830884 ], [ 127.15129, 36.830864 ], [ 127.151304, 36.830862 ], [ 127.151317, 36.830868 ], [ 127.151307, 36.830873 ], [ 127.151309, 36.83089 ], [ 127.15133, 36.830886 ], [ 127.151318, 36.830873 ], [ 127.151327, 36.830864 ], [ 127.151372, 36.830864 ], [ 127.151376, 36.830874 ], [ 127.151361, 36.830887 ], [ 127.15138, 36.830895 ], [ 127.151401, 36.830874 ], [ 127.151412, 36.830847 ], [ 127.151403, 36.830841 ], [ 127.151335, 36.83084 ], [ 127.151212, 36.830851 ], [ 127.151183, 36.830869 ], [ 127.151198, 36.830885 ], [ 127.15119, 36.830892 ], [ 127.151196, 36.830907 ], [ 127.151208, 36.830917 ] ] ] } },
{ "type": "Feature", "properties": { "id": 85276, "model": "road", "type": "1", "accuracy": "94.07", "area": "124.17", "address": "충청남도 천안시 동남구 신부동 1-14", "region_code": "4413111800", "memo": "" }, "geometry": { "type": "Polygon", "coordinates": [ [ [ 127.172452, 36.830879 ], [ 127.172436, 36.830868 ], [ 127.172407, 36.830875 ], [ 127.172411, 36.830844 ], [ 127.172403, 36.830809 ], [ 127.172367, 36.830776 ], [ 127.172365, 36.830765 ], [ 127.172356, 36.830766 ], [ 127.17236, 36.830761 ], [ 127.172336, 36.830762 ], [ 127.172323, 36.83081 ], [ 127.172341, 36.830818 ], [ 127.172356, 36.830858 ], [ 127.172364, 36.830869 ], [ 127.17238, 36.830873 ], [ 127.172394, 36.830902 ], [ 127.172452, 36.830902 ], [ 127.172452, 36.830879 ] ] ] } },
{ "type": "Feature", "properties": { "id": 85277, "model": "road", "type": "1", "accuracy": "90.58", "area": "106.79", "address": "충청남도 천안시 서북구 두정동 1765", "region_code": "4413310400", "memo": "" }, "geometry": { "type": "Polygon", "coordinates": [ [ [ 127.127408, 36.830793 ], [ 127.127433, 36.830744 ], [ 127.127429, 36.830695 ], [ 127.127444, 36.83064 ], [ 127.127431, 36.830631 ], [ 127.127397, 36.830637 ], [ 127.127397, 36.830646 ], [ 127.127419, 36.830654 ], [ 127.127423, 36.830664 ], [ 127.127394, 36.830675 ], [ 127.127391, 36.830696 ], [ 127.12737, 36.830706 ], [ 127.127368, 36.83076 ], [ 127.127387, 36.830766 ], [ 127.127377, 36.83078 ], [ 127.127408, 36.830793 ] ] ] } },
{ "type": "Feature", "properties": { "id": 85278, "model": "road", "type": "1", "accuracy": "96.46", "area": "99.11", "address": "충청남도 천안시 동남구 신부동 255-2", "region_code": "4413111800", "memo": "" }, "geometry": { "type": "Polygon", "coordinates": [ [ [ 127.163226, 36.830698 ], [ 127.163271, 36.830676 ], [ 127.163267, 36.830655 ], [ 127.163203, 36.830613 ], [ 127.163166, 36.830596 ], [ 127.163166, 36.830666 ], [ 127.163211, 36.830695 ], [ 127.163226, 36.830698 ] ] ] } },
{ "type": "Feature", "properties": { "id": 85279, "model": "road", "type": "1", "accuracy": "97.53", "area": "5341.15", "address": "충청남도 천안시 서북구 백석동 574", "region_code": "4413310300", "memo": "" }, "geometry": { "type": "Polygon", "coordinates": [ [ [ 127.102695, 36.829031 ], [ 127.10242, 36.82909 ], [ 127.102368, 36.829109 ], [ 127.102318, 36.829144 ], [ 127.102237, 36.829184 ], [ 127.102344, 36.829184 ], [ 127.102379, 36.829163 ], [ 127.102391, 36.829142 ], [ 127.102461, 36.829116 ], [ 127.102567, 36.829104 ], [ 127.102625, 36.829116 ], [ 127.102715, 36.829176 ], [ 127.102859, 36.829322 ], [ 127.102889, 36.82934 ], [ 127.102995, 36.829442 ], [ 127.10304, 36.829503 ], [ 127.103052, 36.829543 ], [ 127.103073, 36.829721 ], [ 127.103063, 36.830192 ], [ 127.103067, 36.830688 ], [ 127.103043, 36.831009 ], [ 127.103, 36.831077 ], [ 127.102896, 36.831176 ], [ 127.10279, 36.83126 ], [ 127.102585, 36.831448 ], [ 127.102559, 36.831461 ], [ 127.102559, 36.83147 ], [ 127.102428, 36.831586 ], [ 127.102375, 36.831615 ], [ 127.102277, 36.831644 ], [ 127.10214, 36.831654 ], [ 127.101485, 36.831633 ], [ 127.101443, 36.831627 ], [ 127.101345, 36.831593 ], [ 127.101316, 36.831566 ], [ 127.101295, 36.831525 ], [ 127.101292, 36.831495 ], [ 127.101273, 36.831468 ], [ 127.10126, 36.831276 ], [ 127.101293, 36.831261 ], [ 127.101251, 36.831261 ], [ 127.101242, 36.831181 ], [ 127.101243, 36.831114 ], [ 127.101263, 36.830984 ], [ 127.101197, 36.830984 ], [ 127.101187, 36.831038 ], [ 127.101187, 36.831104 ], [ 127.101229, 36.831544 ], [ 127.10124, 36.831579 ], [ 127.101268, 36.831622 ], [ 127.101311, 36.831663 ], [ 127.101393, 36.831711 ], [ 127.101466, 36.831741 ], [ 127.101693, 36.831775 ], [ 127.101728, 36.831771 ], [ 127.101735, 36.831763 ], [ 127.101735, 36.831742 ], [ 127.101726, 36.831736 ], [ 127.101482, 36.831705 ], [ 127.101434, 36.831683 ], [ 127.101427, 36.831673 ], [ 127.101432, 36.831663 ], [ 127.101526, 36.831661 ], [ 127.102215, 36.831685 ], [ 127.102303, 36.831671 ], [ 127.102409, 36.831636 ], [ 127.102506, 36.83157 ], [ 127.10278, 36.83133 ], [ 127.103031, 36.831103 ], [ 127.103075, 36.831042 ], [ 127.103095, 36.830958 ], [ 127.103108, 36.830683 ], [ 127.103115, 36.829707 ], [ 127.103103, 36.829599 ], [ 127.103087, 36.82955 ], [ 127.103073, 36.829548 ], [ 127.103073, 36.829485 ], [ 127.103041, 36.829435 ], [ 127.102921, 36.829322 ], [ 127.102912, 36.829322 ], [ 127.102894, 36.829297 ], [ 127.102744, 36.829159 ], [ 127.102739, 36.829116 ], [ 127.102779, 36.829063 ], [ 127.102791, 36.829065 ], [ 127.102808, 36.829082 ], [ 127.102804, 36.829087 ], [ 127.102931, 36.82912 ], [ 127.103102, 36.829219 ], [ 127.103163, 36.829262 ], [ 127.103195, 36.82931 ], [ 127.103309, 36.829538 ], [ 127.103516, 36.829758 ], [ 127.103577, 36.82981 ], [ 127.103621, 36.829836 ], [ 127.103663, 36.829848 ], [ 127.103684, 36.829866 ], [ 127.1037, 36.829856 ], [ 127.103734, 36.829859 ], [ 127.103752, 36.829878 ], [ 127.103762, 36.829878 ], [ 127.103781, 36.829862 ], [ 127.103882, 36.829846 ], [ 127.10392, 36.829849 ], [ 127.103949, 36.829863 ], [ 127.103993, 36.829958 ], [ 127.104059, 36.830144 ], [ 127.104107, 36.830198 ], [ 127.104118, 36.830199 ], [ 127.104052, 36.830013 ], [ 127.104036, 36.829987 ], [ 127.103955, 36.829736 ], [ 127.103922, 36.829736 ], [ 127.103925, 36.829714 ], [ 127.103933, 36.829719 ], [ 127.103926, 36.829707 ], [ 127.103938, 36.829679 ], [ 127.103914, 36.829599 ], [ 127.103879, 36.829598 ], [ 127.10392, 36.829732 ], [ 127.103913, 36.829761 ], [ 127.103897, 36.829781 ], [ 127.10384, 36.829806 ], [ 127.10376, 36.829814 ], [ 127.103708, 36.829814 ], [ 127.103663, 36.829801 ], [ 127.103595, 36.829757 ], [ 127.10336, 36.829505 ], [ 127.10325, 36.829288 ], [ 127.103245, 36.829263 ], [ 127.103179, 36.829205 ], [ 127.102969, 36.829083 ], [ 127.102923, 36.829081 ], [ 127.10288, 36.829058 ], [ 127.102838, 36.829049 ], [ 127.102801, 36.829048 ], [ 127.102777, 36.829059 ], [ 127.102769, 36.829053 ], [ 127.102771, 36.829038 ], [ 127.102759, 36.829029 ], [ 127.102695, 36.829031 ] ] ] } },
{ "type": "Feature", "properties": { "id": 85280, "model": "road", "type": "1", "accuracy": "95.62", "area": "113.94", "address": "충청남도 천안시 서북구 두정동 35-18", "region_code": "4413310400", "memo": "" }, "geometry": { "type": "Polygon", "coordinates": [ [ [ 127.155245, 36.830355 ], [ 127.155277, 36.830238 ], [ 127.155277, 36.830201 ], [ 127.155244, 36.830194 ], [ 127.155223, 36.830229 ], [ 127.155202, 36.830311 ], [ 127.155235, 36.830354 ], [ 127.155245, 36.830355 ] ] ] } },
{ "type": "Feature", "properties": { "id": 85281, "model": "road", "type": "1", "accuracy": "95.63", "area": "133.40", "address": "충청남도 천안시 서북구 백석동 1140", "region_code": "4413310300", "memo": "" }, "geometry": { "type": "Polygon", "coordinates": [ [ [ 127.120036, 36.830075 ], [ 127.120074, 36.830068 ], [ 127.120095, 36.830055 ], [ 127.120102, 36.830034 ], [ 127.120076, 36.829995 ], [ 127.120078, 36.829969 ], [ 127.12007, 36.829956 ], [ 127.120027, 36.829949 ], [ 127.120007, 36.829974 ], [ 127.120003, 36.830004 ], [ 127.120024, 36.830061 ], [ 127.120036, 36.830075 ] ] ] } },
{ "type": "Feature", "properties": { "id": 85282, "model": "road", "type": "1", "accuracy": "94.9", "area": "343.72", "address": "충청남도 천안시 서북구 백석동 574", "region_code": "4413310300", "memo": "" }, "geometry": { "type": "Polygon", "coordinates": [ [ [ 127.101518, 36.83006 ], [ 127.101601, 36.82985 ], [ 127.101597, 36.829841 ], [ 127.101568, 36.829832 ], [ 127.101541, 36.829839 ], [ 127.101535, 36.829851 ], [ 127.101499, 36.829937 ], [ 127.101499, 36.829957 ], [ 127.101449, 36.83005 ], [ 127.101446, 36.830102 ], [ 127.10143, 36.830115 ], [ 127.101424, 36.830148 ], [ 127.10141, 36.830154 ], [ 127.101402, 36.830172 ], [ 127.101399, 36.830213 ], [ 127.10141, 36.830214 ], [ 127.101433, 36.830198 ], [ 127.101473, 36.830154 ], [ 127.101471, 36.830135 ], [ 127.101518, 36.83006 ] ] ] } },
{ "type": "Feature", "properties": { "id": 85284, "model": "road", "type": "1", "accuracy": "95.18", "area": "210.45", "address": "충청남도 천안시 서북구 백석동 574", "region_code": "4413310300", "memo": "" }, "geometry": { "type": "Polygon", "coordinates": [ [ [ 127.101629, 36.829778 ], [ 127.101696, 36.829668 ], [ 127.101696, 36.82954 ], [ 127.10168, 36.829553 ], [ 127.101647, 36.829607 ], [ 127.101626, 36.829623 ], [ 127.101615, 36.829653 ], [ 127.101626, 36.829683 ], [ 127.101617, 36.829693 ], [ 127.101621, 36.82971 ], [ 127.101595, 36.829713 ], [ 127.101568, 36.82978 ], [ 127.101593, 36.829786 ], [ 127.101629, 36.829778 ] ] ] } },
{ "type": "Feature", "properties": { "id": 85285, "model": "road", "type": "1", "accuracy": "95.55", "area": "2224.25", "address": "충청남도 천안시 서북구 두정동 2082", "region_code": "4413310400", "memo": "" }, "geometry": { "type": "Polygon", "coordinates": [ [ [ 127.153407, 36.82939 ], [ 127.153163, 36.829353 ], [ 127.153156, 36.829368 ], [ 127.153163, 36.829384 ], [ 127.153146, 36.829391 ], [ 127.153138, 36.829405 ], [ 127.15314, 36.829413 ], [ 127.153163, 36.829409 ], [ 127.153177, 36.829422 ], [ 127.153198, 36.829421 ], [ 127.153221, 36.829441 ], [ 127.153352, 36.829458 ], [ 127.153368, 36.829457 ], [ 127.153376, 36.829448 ], [ 127.153362, 36.829429 ], [ 127.15335, 36.82943 ], [ 127.153356, 36.829422 ], [ 127.153379, 36.829422 ], [ 127.153432, 36.82944 ], [ 127.153447, 36.829457 ], [ 127.153488, 36.829469 ], [ 127.153524, 36.829506 ], [ 127.153543, 36.829511 ], [ 127.153539, 36.82955 ], [ 127.153566, 36.829579 ], [ 127.153594, 36.829589 ], [ 127.153622, 36.829572 ], [ 127.153659, 36.829605 ], [ 127.153694, 36.82961 ], [ 127.153694, 36.82963 ], [ 127.153703, 36.829639 ], [ 127.153694, 36.829642 ], [ 127.153694, 36.829667 ], [ 127.15375, 36.829699 ], [ 127.153765, 36.829645 ], [ 127.153741, 36.829622 ], [ 127.153769, 36.829605 ], [ 127.153789, 36.829614 ], [ 127.153782, 36.829632 ], [ 127.153804, 36.829625 ], [ 127.153904, 36.829662 ], [ 127.153953, 36.829693 ], [ 127.153958, 36.829713 ], [ 127.153979, 36.82973 ], [ 127.153975, 36.829737 ], [ 127.153948, 36.82973 ], [ 127.153888, 36.829739 ], [ 127.153857, 36.829732 ], [ 127.153876, 36.829743 ], [ 127.153867, 36.829759 ], [ 127.15389, 36.829786 ], [ 127.153921, 36.829791 ], [ 127.153987, 36.829833 ], [ 127.154028, 36.82981 ], [ 127.154072, 36.829812 ], [ 127.154119, 36.829831 ], [ 127.1542, 36.829827 ], [ 127.154205, 36.829809 ], [ 127.154181, 36.829781 ], [ 127.154182, 36.829734 ], [ 127.154175, 36.829728 ], [ 127.154194, 36.8297 ], [ 127.154177, 36.82968 ], [ 127.154196, 36.829664 ], [ 127.154226, 36.829655 ], [ 127.154291, 36.82959 ], [ 127.154299, 36.829571 ], [ 127.154287, 36.829558 ], [ 127.154238, 36.829562 ], [ 127.154221, 36.82955 ], [ 127.154167, 36.829481 ], [ 127.154151, 36.829442 ], [ 127.154157, 36.829428 ], [ 127.15418, 36.829415 ], [ 127.154269, 36.829405 ], [ 127.15428, 36.829387 ], [ 127.154274, 36.829368 ], [ 127.154214, 36.829372 ], [ 127.154157, 36.829396 ], [ 127.154087, 36.829395 ], [ 127.154035, 36.829415 ], [ 127.153985, 36.829415 ], [ 127.153876, 36.829377 ], [ 127.153832, 36.829349 ], [ 127.15381, 36.829345 ], [ 127.153803, 36.82935 ], [ 127.153802, 36.829377 ], [ 127.153812, 36.829387 ], [ 127.154049, 36.829496 ], [ 127.154066, 36.829512 ], [ 127.1541, 36.829521 ], [ 127.154129, 36.829542 ], [ 127.154088, 36.829543 ], [ 127.154086, 36.82955 ], [ 127.154135, 36.829615 ], [ 127.154136, 36.829648 ], [ 127.154128, 36.829659 ], [ 127.154073, 36.829683 ], [ 127.154025, 36.829679 ], [ 127.154, 36.829666 ], [ 127.153963, 36.82966 ], [ 127.153828, 36.829599 ], [ 127.153649, 36.829502 ], [ 127.153407, 36.82939 ] ] ] } },
{ "type": "Feature", "properties": { "id": 85286, "model": "road", "type": "1", "accuracy": "94.3", "area": "101.06", "address": "충청남도 천안시 서북구 두정동 2082", "region_code": "4413310400", "memo": "" }, "geometry": { "type": "Polygon", "coordinates": [ [ [ 127.154341, 36.829532 ], [ 127.154382, 36.829504 ], [ 127.154382, 36.829463 ], [ 127.154351, 36.82946 ], [ 127.154319, 36.829432 ], [ 127.154296, 36.829425 ], [ 127.154287, 36.829446 ], [ 127.154314, 36.82953 ], [ 127.154319, 36.829536 ], [ 127.154341, 36.829532 ] ] ] } },
{ "type": "Feature", "properties": { "id": 85287, "model": "road", "type": "1", "accuracy": "98.17", "area": "4479.28", "address": "충청남도 천안시 서북구 두정동 35-22", "region_code": "4413310400", "memo": "" }, "geometry": { "type": "Polygon", "coordinates": [ [ [ 127.156726, 36.829235 ], [ 127.156138, 36.829217 ], [ 127.156023, 36.829225 ], [ 127.155912, 36.829246 ], [ 127.155848, 36.829244 ], [ 127.155821, 36.829252 ], [ 127.155813, 36.829264 ], [ 127.155763, 36.829267 ], [ 127.155731, 36.829285 ], [ 127.155642, 36.829304 ], [ 127.155618, 36.829319 ], [ 127.155553, 36.829317 ], [ 127.155505, 36.829337 ], [ 127.155478, 36.829337 ], [ 127.155516, 36.829283 ], [ 127.155448, 36.829222 ], [ 127.155414, 36.829145 ], [ 127.155415, 36.829264 ], [ 127.155374, 36.829248 ], [ 127.155356, 36.829251 ], [ 127.155349, 36.829265 ], [ 127.15538, 36.829332 ], [ 127.155451, 36.829366 ], [ 127.155462, 36.829389 ], [ 127.15545, 36.829406 ], [ 127.155468, 36.829413 ], [ 127.155469, 36.829438 ], [ 127.155435, 36.829461 ], [ 127.155441, 36.829472 ], [ 127.155419, 36.829485 ], [ 127.155415, 36.829511 ], [ 127.155404, 36.829513 ], [ 127.155353, 36.829557 ], [ 127.155277, 36.82968 ], [ 127.155266, 36.829684 ], [ 127.155249, 36.829712 ], [ 127.155229, 36.829824 ], [ 127.155232, 36.829853 ], [ 127.155205, 36.829932 ], [ 127.155217, 36.829977 ], [ 127.155244, 36.829984 ], [ 127.155244, 36.829957 ], [ 127.155282, 36.829957 ], [ 127.155282, 36.829969 ], [ 127.155295, 36.82997 ], [ 127.15531, 36.829947 ], [ 127.155339, 36.829942 ], [ 127.155349, 36.829911 ], [ 127.155333, 36.829901 ], [ 127.155334, 36.829877 ], [ 127.155314, 36.829869 ], [ 127.155314, 36.82984 ], [ 127.155343, 36.829834 ], [ 127.155382, 36.829845 ], [ 127.155453, 36.829744 ], [ 127.155695, 36.829502 ], [ 127.155772, 36.829442 ], [ 127.155895, 36.829377 ], [ 127.155983, 36.829351 ], [ 127.156129, 36.829331 ], [ 127.156504, 36.829338 ], [ 127.156572, 36.829341 ], [ 127.156597, 36.82935 ], [ 127.156718, 36.829345 ], [ 127.156792, 36.829357 ], [ 127.156792, 36.829263 ], [ 127.156738, 36.829263 ], [ 127.156744, 36.829251 ], [ 127.156726, 36.829235 ] ] ] } },
{ "type": "Feature", "properties": { "id": 85288, "model": "road", "type": "1", "accuracy": "93.13", "area": "95.41", "address": "충청남도 천안시 서북구 백석동 574", "region_code": "4413310300", "memo": "" }, "geometry": { "type": "Polygon", "coordinates": [ [ [ 127.101896, 36.829472 ], [ 127.101958, 36.82944 ], [ 127.101996, 36.829407 ], [ 127.102005, 36.829393 ], [ 127.10199, 36.829377 ], [ 127.101971, 36.829377 ], [ 127.101961, 36.829394 ], [ 127.101944, 36.829393 ], [ 127.101866, 36.829442 ], [ 127.101861, 36.829468 ], [ 127.101875, 36.829476 ], [ 127.101896, 36.829472 ] ] ] } },
{ "type": "Feature", "properties": { "id": 85289, "model": "road", "type": "1", "accuracy": "95.79", "area": "792.74", "address": "충청남도 천안시 서북구 두정동 2071", "region_code": "4413310400", "memo": "" }, "geometry": { "type": "Polygon", "coordinates": [ [ [ 127.152577, 36.829263 ], [ 127.152498, 36.829216 ], [ 127.152486, 36.829175 ], [ 127.152474, 36.829169 ], [ 127.152454, 36.829247 ], [ 127.152462, 36.829277 ], [ 127.152442, 36.829329 ], [ 127.152421, 36.82934 ], [ 127.152418, 36.82935 ], [ 127.152426, 36.829381 ], [ 127.152438, 36.829393 ], [ 127.15246, 36.829388 ], [ 127.152485, 36.829355 ], [ 127.152548, 36.829343 ], [ 127.152617, 36.829354 ], [ 127.15263, 36.829337 ], [ 127.152617, 36.829326 ], [ 127.152655, 36.829324 ], [ 127.15266, 36.829365 ], [ 127.152686, 36.829361 ], [ 127.152676, 36.829358 ], [ 127.15268, 36.82934 ], [ 127.152664, 36.829333 ], [ 127.152699, 36.829322 ], [ 127.152799, 36.829352 ], [ 127.152797, 36.829381 ], [ 127.152809, 36.82938 ], [ 127.152804, 36.829373 ], [ 127.152815, 36.829372 ], [ 127.152817, 36.829363 ], [ 127.152836, 36.829363 ], [ 127.152827, 36.82937 ], [ 127.152852, 36.829375 ], [ 127.152834, 36.82938 ], [ 127.152871, 36.829388 ], [ 127.152879, 36.829384 ], [ 127.152875, 36.829363 ], [ 127.152893, 36.829361 ], [ 127.152901, 36.829365 ], [ 127.152894, 36.829371 ], [ 127.152908, 36.829392 ], [ 127.152949, 36.829401 ], [ 127.153, 36.829392 ], [ 127.153011, 36.829379 ], [ 127.153026, 36.829379 ], [ 127.153027, 36.82939 ], [ 127.153044, 36.829384 ], [ 127.15306, 36.829393 ], [ 127.153103, 36.82939 ], [ 127.153111, 36.829381 ], [ 127.1531, 36.82937 ], [ 127.153119, 36.829361 ], [ 127.153115, 36.829346 ], [ 127.153041, 36.82933 ], [ 127.152663, 36.829281 ], [ 127.152577, 36.829263 ] ] ] } },
{ "type": "Feature", "properties": { "id": 85290, "model": "road", "type": "1", "accuracy": "94.54", "area": "107.89", "address": "충청남도 천안시 서북구 두정동 2082", "region_code": "4413310400", "memo": "" }, "geometry": { "type": "Polygon", "coordinates": [ [ [ 127.155184, 36.829148 ], [ 127.155178, 36.829127 ], [ 127.155164, 36.829122 ], [ 127.15507, 36.829031 ], [ 127.155052, 36.828982 ], [ 127.155032, 36.828981 ], [ 127.155024, 36.829021 ], [ 127.155042, 36.829053 ], [ 127.155164, 36.829155 ], [ 127.155178, 36.829157 ], [ 127.155184, 36.829148 ] ] ] } },
{ "type": "Feature", "properties": { "id": 85291, "model": "road", "type": "1", "accuracy": "90.4", "area": "80.05", "address": "충청남도 천안시 서북구 두정동 2082", "region_code": "4413310400", "memo": "" }, "geometry": { "type": "Polygon", "coordinates": [ [ [ 127.155285, 36.829009 ], [ 127.155288, 36.82899 ], [ 127.155234, 36.828942 ], [ 127.15521, 36.828935 ], [ 127.155207, 36.828922 ], [ 127.155192, 36.828912 ], [ 127.15515, 36.828906 ], [ 127.155119, 36.828917 ], [ 127.155129, 36.82893 ], [ 127.155206, 36.82895 ], [ 127.155222, 36.828975 ], [ 127.155247, 36.82899 ], [ 127.155264, 36.829012 ], [ 127.155285, 36.829009 ] ] ] } },
{ "type": "Feature", "properties": { "id": 85292, "model": "road", "type": "2", "accuracy": "95.9", "area": "91.86", "address": "충청남도 천안시 동남구 신부동 19-2", "region_code": "4413111800", "memo": "" }, "geometry": { "type": "Polygon", "coordinates": [ [ [ 127.173324, 36.828774 ], [ 127.173327, 36.828743 ], [ 127.173292, 36.828719 ], [ 127.173277, 36.828687 ], [ 127.173095, 36.828687 ], [ 127.173109, 36.828707 ], [ 127.173165, 36.828716 ], [ 127.173243, 36.828701 ], [ 127.173282, 36.828731 ], [ 127.1733, 36.828769 ], [ 127.173324, 36.828774 ] ] ] } },
{ "type": "Feature", "properties": { "id": 85294, "model": "road", "type": "1", "accuracy": "96.32", "area": "197.42", "address": "충청남도 천안시 동남구 신부동 1004", "region_code": "4413111800", "memo": "" }, "geometry": { "type": "Polygon", "coordinates": [ [ [ 127.161681, 36.828428 ], [ 127.161734, 36.828375 ], [ 127.16174, 36.828323 ], [ 127.161727, 36.828302 ], [ 127.161709, 36.828301 ], [ 127.161666, 36.828324 ], [ 127.161633, 36.828321 ], [ 127.161607, 36.828308 ], [ 127.161571, 36.828311 ], [ 127.161587, 36.828342 ], [ 127.16158, 36.828348 ], [ 127.161594, 36.82835 ], [ 127.1616, 36.82837 ], [ 127.161642, 36.828394 ], [ 127.16165, 36.828415 ], [ 127.161665, 36.828427 ], [ 127.161681, 36.828428 ] ] ] } },
{ "type": "Feature", "properties": { "id": 85296, "model": "road", "type": "2", "accuracy": "95.56", "area": "133.15", "address": "충청남도 천안시 동남구 신부동 286-18", "region_code": "4413111800", "memo": "" }, "geometry": { "type": "Polygon", "coordinates": [ [ [ 127.159192, 36.828079 ], [ 127.159172, 36.828043 ], [ 127.159107, 36.828014 ], [ 127.159049, 36.828014 ], [ 127.159031, 36.827995 ], [ 127.159028, 36.828014 ], [ 127.158946, 36.828015 ], [ 127.158993, 36.828044 ], [ 127.159048, 36.828038 ], [ 127.159102, 36.828074 ], [ 127.159175, 36.828085 ], [ 127.159192, 36.828079 ] ] ] } },
{ "type": "Feature", "properties": { "id": 85297, "model": "road", "type": "2", "accuracy": "96.36", "area": "131.31", "address": "충청남도 천안시 서북구 두정동 41-23", "region_code": "4413310400", "memo": "" }, "geometry": { "type": "Polygon", "coordinates": [ [ [ 127.152756, 36.827993 ], [ 127.152774, 36.827975 ], [ 127.152788, 36.827894 ], [ 127.152802, 36.827876 ], [ 127.15279, 36.827832 ], [ 127.152767, 36.827816 ], [ 127.152751, 36.82783 ], [ 127.152749, 36.827883 ], [ 127.152723, 36.827929 ], [ 127.152717, 36.827971 ], [ 127.15273, 36.827993 ], [ 127.152756, 36.827993 ] ] ] } },
{ "type": "Feature", "properties": { "id": 85298, "model": "road", "type": "1", "accuracy": "97.07", "area": "1212.14", "address": "충청남도 천안시 서북구 백석동 658-33", "region_code": "4413310300", "memo": "" }, "geometry": { "type": "Polygon", "coordinates": [ [ [ 127.113723, 36.827857 ], [ 127.113447, 36.827089 ], [ 127.113426, 36.827052 ], [ 127.113408, 36.827074 ], [ 127.1134, 36.827072 ], [ 127.113399, 36.827082 ], [ 127.113439, 36.827236 ], [ 127.113446, 36.827237 ], [ 127.113492, 36.827356 ], [ 127.113504, 36.827408 ], [ 127.113538, 36.827487 ], [ 127.113539, 36.827513 ], [ 127.113548, 36.827513 ], [ 127.113579, 36.827592 ], [ 127.113653, 36.827823 ], [ 127.113674, 36.827856 ], [ 127.113701, 36.827926 ], [ 127.113733, 36.828043 ], [ 127.113731, 36.828066 ], [ 127.113747, 36.828066 ], [ 127.113755, 36.82808 ], [ 127.113801, 36.828197 ], [ 127.113833, 36.828316 ], [ 127.113845, 36.828343 ], [ 127.113853, 36.828343 ], [ 127.11392, 36.828537 ], [ 127.113934, 36.828558 ], [ 127.113957, 36.828564 ], [ 127.113967, 36.828583 ], [ 127.113982, 36.828589 ], [ 127.113977, 36.828556 ], [ 127.113904, 36.82836 ], [ 127.113904, 36.828353 ], [ 127.11392, 36.828343 ], [ 127.113898, 36.828343 ], [ 127.113858, 36.828239 ], [ 127.113832, 36.828146 ], [ 127.1138, 36.828077 ], [ 127.113801, 36.828066 ], [ 127.113819, 36.828066 ], [ 127.113815, 36.82805 ], [ 127.113792, 36.828034 ], [ 127.113766, 36.827976 ], [ 127.113746, 36.827918 ], [ 127.113746, 36.827884 ], [ 127.113723, 36.827857 ] ] ] } },
{ "type": "Feature", "properties": { "id": 85299, "model": "road", "type": "1", "accuracy": "96.88", "area": "488.85", "address": "충청남도 천안시 동남구 신부동 1007", "region_code": "4413111800", "memo": "" }, "geometry": { "type": "Polygon", "coordinates": [ [ [ 127.160571, 36.82749 ], [ 127.160618, 36.827521 ], [ 127.160719, 36.827635 ], [ 127.160758, 36.82763 ], [ 127.160739, 36.827598 ], [ 127.160772, 36.827597 ], [ 127.16077, 36.827587 ], [ 127.160704, 36.827484 ], [ 127.160653, 36.827447 ], [ 127.160584, 36.827421 ], [ 127.160456, 36.827326 ], [ 127.160404, 36.827305 ], [ 127.160404, 36.827377 ], [ 127.160482, 36.827422 ], [ 127.160527, 36.827459 ], [ 127.160576, 36.827459 ], [ 127.160571, 36.82749 ] ] ] } },
{ "type": "Feature", "properties": { "id": 85300, "model": "road", "type": "2", "accuracy": "96.77", "area": "110.62", "address": "충청남도 천안시 서북구 백석동 411-3", "region_code": "4413310300", "memo": "" }, "geometry": { "type": "Polygon", "coordinates": [ [ [ 127.116804, 36.827496 ], [ 127.116903, 36.82748 ], [ 127.117016, 36.827475 ], [ 127.117016, 36.827436 ], [ 127.116878, 36.82745 ], [ 127.11682, 36.827468 ], [ 127.116789, 36.827485 ], [ 127.116804, 36.827496 ] ] ] } },
{ "type": "Feature", "properties": { "id": 85301, "model": "road", "type": "1", "accuracy": "95.75", "area": "149.19", "address": "충청남도 천안시 동남구 신부동 147-10", "region_code": "4413111800", "memo": "" }, "geometry": { "type": "Polygon", "coordinates": [ [ [ 127.157734, 36.827298 ], [ 127.157761, 36.827266 ], [ 127.157717, 36.82723 ], [ 127.157658, 36.827203 ], [ 127.157618, 36.827205 ], [ 127.1576, 36.827213 ], [ 127.157641, 36.827284 ], [ 127.157708, 36.827302 ], [ 127.157734, 36.827298 ] ] ] } },
{ "type": "Feature", "properties": { "id": 85302, "model": "road", "type": "1", "accuracy": "94.38", "area": "127.11", "address": "충청남도 천안시 동남구 신부동 1007", "region_code": "4413111800", "memo": "" }, "geometry": { "type": "Polygon", "coordinates": [ [ [ 127.160258, 36.827274 ], [ 127.160241, 36.827231 ], [ 127.160192, 36.827202 ], [ 127.160144, 36.827187 ], [ 127.160118, 36.827186 ], [ 127.160098, 36.82722 ], [ 127.160086, 36.827223 ], [ 127.160096, 36.827229 ], [ 127.160081, 36.827231 ], [ 127.160081, 36.827237 ], [ 127.160139, 36.827244 ], [ 127.160186, 36.827264 ], [ 127.160209, 36.827262 ], [ 127.160248, 36.827276 ], [ 127.160258, 36.827274 ] ] ] } },
{ "type": "Feature", "properties": { "id": 85303, "model": "road", "type": "2", "accuracy": "95.48", "area": "279.80", "address": "충청남도 천안시 서북구 백석동 416-3", "region_code": "4413310300", "memo": "" }, "geometry": { "type": "Polygon", "coordinates": [ [ [ 127.118146, 36.827235 ], [ 127.118094, 36.82726 ], [ 127.118083, 36.827291 ], [ 127.118134, 36.827301 ], [ 127.118137, 36.827293 ], [ 127.118181, 36.827279 ], [ 127.11819, 36.827267 ], [ 127.118294, 36.827224 ], [ 127.118375, 36.82721 ], [ 127.118465, 36.827183 ], [ 127.118477, 36.827159 ], [ 127.118357, 36.827146 ], [ 127.118305, 36.827173 ], [ 127.118263, 36.827181 ], [ 127.118254, 36.827196 ], [ 127.118221, 36.82721 ], [ 127.118221, 36.827232 ], [ 127.118146, 36.827235 ] ] ] } },
{ "type": "Feature", "properties": { "id": 85304, "model": "road", "type": "2", "accuracy": "96.34", "area": "108.97", "address": "충청남도 천안시 서북구 백석동 128-2", "region_code": "4413310300", "memo": "" }, "geometry": { "type": "Polygon", "coordinates": [ [ [ 127.118566, 36.82716 ], [ 127.118767, 36.827119 ], [ 127.118775, 36.827093 ], [ 127.11866, 36.827093 ], [ 127.118637, 36.827119 ], [ 127.118617, 36.827113 ], [ 127.118603, 36.827122 ], [ 127.118582, 36.827121 ], [ 127.118579, 36.827137 ], [ 127.118566, 36.827143 ], [ 127.118566, 36.82716 ] ] ] } },
{ "type": "Feature", "properties": { "id": 85305, "model": "road", "type": "1", "accuracy": "95.6", "area": "113.41", "address": "충청남도 천안시 동남구 신부동 298-76", "region_code": "4413111800", "memo": "" }, "geometry": { "type": "Polygon", "coordinates": [ [ [ 127.154325, 36.826994 ], [ 127.154346, 36.826977 ], [ 127.154327, 36.826958 ], [ 127.154252, 36.826905 ], [ 127.154205, 36.826888 ], [ 127.154203, 36.826787 ], [ 127.154178, 36.826858 ], [ 127.154177, 36.826905 ], [ 127.154224, 36.826926 ], [ 127.154325, 36.826994 ] ] ] } },
{ "type": "Feature", "properties": { "id": 85306, "model": "road", "type": "1", "accuracy": "97.03", "area": "182.81", "address": "충청남도 천안시 서북구 백석동 729-1", "region_code": "4413310300", "memo": "" }, "geometry": { "type": "Polygon", "coordinates": [ [ [ 127.113388, 36.826971 ], [ 127.113393, 36.826945 ], [ 127.113323, 36.826764 ], [ 127.113304, 36.826754 ], [ 127.113307, 36.826744 ], [ 127.1133, 36.826751 ], [ 127.113298, 36.826741 ], [ 127.113276, 36.826739 ], [ 127.113275, 36.826771 ], [ 127.113296, 36.826814 ], [ 127.113306, 36.826861 ], [ 127.113303, 36.826889 ], [ 127.113315, 36.826899 ], [ 127.113353, 36.826974 ], [ 127.113388, 36.826971 ] ] ] } },
{ "type": "Feature", "properties": { "id": 85307, "model": "road", "type": "1", "accuracy": "96.07", "area": "77.43", "address": "충청남도 천안시 서북구 백석동 729-1", "region_code": "4413310300", "memo": "" }, "geometry": { "type": "Polygon", "coordinates": [ [ [ 127.113296, 36.8267 ], [ 127.113264, 36.826591 ], [ 127.113257, 36.826578 ], [ 127.113241, 36.82657 ], [ 127.113218, 36.826595 ], [ 127.113242, 36.826676 ], [ 127.113275, 36.826683 ], [ 127.113284, 36.826704 ], [ 127.113296, 36.8267 ] ] ] } },
{ "type": "Feature", "properties": { "id": 85308, "model": "road", "type": "1", "accuracy": "94", "area": "82.87", "address": "충청남도 천안시 서북구 성정동 1546", "region_code": "4413310200", "memo": "" }, "geometry": { "type": "Polygon", "coordinates": [ [ [ 127.137557, 36.826613 ], [ 127.137604, 36.826611 ], [ 127.137606, 36.826594 ], [ 127.137584, 36.826564 ], [ 127.137573, 36.826504 ], [ 127.137557, 36.826488 ], [ 127.137542, 36.826497 ], [ 127.137537, 36.826511 ], [ 127.13754, 36.826587 ], [ 127.137557, 36.826613 ] ] ] } },
{ "type": "Feature", "properties": { "id": 85309, "model": "road", "type": "2", "accuracy": "95.62", "area": "136.01", "address": "충청남도 천안시 서북구 두정동 482", "region_code": "4413310400", "memo": "" }, "geometry": { "type": "Polygon", "coordinates": [ [ [ 127.152571, 36.826445 ], [ 127.152579, 36.826435 ], [ 127.15256, 36.826421 ], [ 127.152471, 36.826406 ], [ 127.15242, 36.826406 ], [ 127.152404, 36.826416 ], [ 127.15238, 36.826398 ], [ 127.152327, 36.826396 ], [ 127.152315, 36.826409 ], [ 127.152318, 36.826428 ], [ 127.152349, 36.826439 ], [ 127.152401, 36.826438 ], [ 127.152501, 36.82645 ], [ 127.152571, 36.826445 ] ] ] } },
{ "type": "Feature", "properties": { "id": 85310, "model": "road", "type": "2", "accuracy": "94.25", "area": "76.28", "address": "충청남도 천안시 서북구 두정동 482", "region_code": "4413310400", "memo": "" }, "geometry": { "type": "Polygon", "coordinates": [ [ [ 127.152142, 36.826403 ], [ 127.152161, 36.826387 ], [ 127.152196, 36.826393 ], [ 127.152208, 36.826382 ], [ 127.152186, 36.826371 ], [ 127.152082, 36.826363 ], [ 127.15208, 36.826351 ], [ 127.152057, 36.826344 ], [ 127.152038, 36.826351 ], [ 127.152042, 36.826369 ], [ 127.15207, 36.826395 ], [ 127.152093, 36.826393 ], [ 127.152123, 36.826407 ], [ 127.152142, 36.826403 ] ] ] } },
{ "type": "Feature", "properties": { "id": 85311, "model": "road", "type": "2", "accuracy": "95.56", "area": "252.95", "address": "충청남도 천안시 서북구 두정동 482", "region_code": "4413310400", "memo": "" }, "geometry": { "type": "Polygon", "coordinates": [ [ [ 127.151896, 36.826364 ], [ 127.15182, 36.82633 ], [ 127.151715, 36.82632 ], [ 127.151687, 36.826326 ], [ 127.151645, 36.826324 ], [ 127.151594, 36.826304 ], [ 127.151497, 36.826302 ], [ 127.15145, 36.826317 ], [ 127.151456, 36.826329 ], [ 127.151476, 36.826329 ], [ 127.151489, 36.826318 ], [ 127.15152, 36.826338 ], [ 127.151581, 36.826351 ], [ 127.151636, 36.82635 ], [ 127.151652, 36.82636 ], [ 127.151865, 36.826363 ], [ 127.15187, 36.826379 ], [ 127.151943, 36.826375 ], [ 127.152007, 36.826386 ], [ 127.152034, 36.826375 ], [ 127.152015, 36.826365 ], [ 127.151896, 36.826364 ] ] ] } },
{ "type": "Feature", "properties": { "id": 85312, "model": "road", "type": "1", "accuracy": "95.99", "area": "225.96", "address": "충청남도 천안시 동남구 신부동 298-109", "region_code": "4413111800", "memo": "" }, "geometry": { "type": "Polygon", "coordinates": [ [ [ 127.154337, 36.826373 ], [ 127.154325, 36.826377 ], [ 127.154329, 36.82639 ], [ 127.154349, 36.826385 ], [ 127.154357, 36.826402 ], [ 127.154373, 36.826412 ], [ 127.154379, 36.826431 ], [ 127.154391, 36.826435 ], [ 127.154419, 36.826363 ], [ 127.15444, 36.826259 ], [ 127.154439, 36.826218 ], [ 127.154424, 36.826203 ], [ 127.15444, 36.826197 ], [ 127.154451, 36.826179 ], [ 127.154439, 36.82617 ], [ 127.154432, 36.82615 ], [ 127.154401, 36.826165 ], [ 127.154392, 36.826162 ], [ 127.154398, 36.826196 ], [ 127.154376, 36.826224 ], [ 127.154376, 36.82636 ], [ 127.154341, 36.82636 ], [ 127.154337, 36.826373 ] ] ] } },
{ "type": "Feature", "properties": { "id": 85313, "model": "road", "type": "1", "accuracy": "96.89", "area": "307.20", "address": "충청남도 천안시 서북구 백석동 11-2", "region_code": "4413310300", "memo": "" }, "geometry": { "type": "Polygon", "coordinates": [ [ [ 127.125992, 36.826309 ], [ 127.125903, 36.826255 ], [ 127.125875, 36.826255 ], [ 127.125837, 36.826242 ], [ 127.125822, 36.826255 ], [ 127.125795, 36.826255 ], [ 127.125795, 36.826221 ], [ 127.125768, 36.826208 ], [ 127.125751, 36.826208 ], [ 127.12574, 36.82623 ], [ 127.125697, 36.826228 ], [ 127.125688, 36.826234 ], [ 127.125721, 36.826255 ], [ 127.125736, 36.826255 ], [ 127.125795, 36.826295 ], [ 127.125818, 36.826299 ], [ 127.125978, 36.826371 ], [ 127.126023, 36.826351 ], [ 127.126043, 36.826352 ], [ 127.126048, 36.826326 ], [ 127.125992, 36.826309 ] ] ] } },
{ "type": "Feature", "properties": { "id": 85316, "model": "road", "type": "2", "accuracy": "96.67", "area": "154.33", "address": "충청남도 천안시 서북구 백석동 603-11", "region_code": "4413310300", "memo": "" }, "geometry": { "type": "Polygon", "coordinates": [ [ [ 127.104036, 36.825644 ], [ 127.104026, 36.82561 ], [ 127.103937, 36.825584 ], [ 127.103902, 36.825559 ], [ 127.10387, 36.825554 ], [ 127.103785, 36.825558 ], [ 127.103757, 36.82555 ], [ 127.103757, 36.82559 ], [ 127.103777, 36.825586 ], [ 127.103824, 36.825596 ], [ 127.103844, 36.825584 ], [ 127.10387, 36.825587 ], [ 127.103918, 36.825616 ], [ 127.103988, 36.825631 ], [ 127.104014, 36.825646 ], [ 127.104036, 36.825644 ] ] ] } },
{ "type": "Feature", "properties": { "id": 85317, "model": "road", "type": "1", "accuracy": "97.2", "area": "1167.91", "address": "충청남도 천안시 서북구 백석동 729-2", "region_code": "4413310300", "memo": "" }, "geometry": { "type": "Polygon", "coordinates": [ [ [ 127.11274, 36.825581 ], [ 127.11275, 36.825615 ], [ 127.112769, 36.825633 ], [ 127.112767, 36.825653 ], [ 127.112812, 36.825706 ], [ 127.11285, 36.825819 ], [ 127.112868, 36.825853 ], [ 127.112882, 36.825901 ], [ 127.112882, 36.825943 ], [ 127.112908, 36.825977 ], [ 127.112909, 36.825991 ], [ 127.1129, 36.825991 ], [ 127.112897, 36.826002 ], [ 127.112933, 36.826034 ], [ 127.112936, 36.826055 ], [ 127.112956, 36.826056 ], [ 127.112976, 36.826019 ], [ 127.112929, 36.825896 ], [ 127.112902, 36.825795 ], [ 127.112882, 36.825772 ], [ 127.112864, 36.825673 ], [ 127.11282, 36.825585 ], [ 127.112806, 36.825526 ], [ 127.112811, 36.825489 ], [ 127.112805, 36.825477 ], [ 127.112787, 36.825484 ], [ 127.112781, 36.825474 ], [ 127.11278, 36.825437 ], [ 127.112802, 36.825436 ], [ 127.11277, 36.825324 ], [ 127.112733, 36.825242 ], [ 127.112722, 36.82524 ], [ 127.112725, 36.825282 ], [ 127.112716, 36.825275 ], [ 127.112641, 36.825089 ], [ 127.112629, 36.825084 ], [ 127.112616, 36.825102 ], [ 127.112609, 36.825161 ], [ 127.112621, 36.825203 ], [ 127.112608, 36.825221 ], [ 127.112631, 36.825262 ], [ 127.112626, 36.825314 ], [ 127.112638, 36.825341 ], [ 127.112659, 36.82536 ], [ 127.112659, 36.825389 ], [ 127.112678, 36.825445 ], [ 127.112701, 36.825482 ], [ 127.112704, 36.825518 ], [ 127.112731, 36.825576 ], [ 127.11274, 36.825581 ] ] ] } },
{ "type": "Feature", "properties": { "id": 85318, "model": "road", "type": "2", "accuracy": "96.27", "area": "78.31", "address": "충청남도 천안시 서북구 두정동 489", "region_code": "4413310400", "memo": "" }, "geometry": { "type": "Polygon", "coordinates": [ [ [ 127.1516, 36.825188 ], [ 127.151607, 36.825179 ], [ 127.151601, 36.82517 ], [ 127.151515, 36.825147 ], [ 127.151422, 36.825149 ], [ 127.151406, 36.825158 ], [ 127.151433, 36.825174 ], [ 127.151484, 36.825173 ], [ 127.151557, 36.82519 ], [ 127.1516, 36.825188 ] ] ] } },
{ "type": "Feature", "properties": { "id": 85319, "model": "road", "type": "2", "accuracy": "96.69", "area": "144.12", "address": "충청남도 천안시 동남구 신부동 29-4", "region_code": "4413111800", "memo": "" }, "geometry": { "type": "Polygon", "coordinates": [ [ [ 127.171825, 36.825102 ], [ 127.171929, 36.825071 ], [ 127.171948, 36.825071 ], [ 127.171965, 36.82505 ], [ 127.171965, 36.825038 ], [ 127.171934, 36.825026 ], [ 127.171893, 36.825038 ], [ 127.171856, 36.825038 ], [ 127.17184, 36.825054 ], [ 127.171735, 36.825091 ], [ 127.171714, 36.825114 ], [ 127.171766, 36.825115 ], [ 127.171789, 36.825103 ], [ 127.171825, 36.825102 ] ] ] } },
{ "type": "Feature", "properties": { "id": 85320, "model": "road", "type": "2", "accuracy": "96.43", "area": "407.62", "address": "충청남도 천안시 동남구 신부동 308-13", "region_code": "4413111800", "memo": "" }, "geometry": { "type": "Polygon", "coordinates": [ [ [ 127.153668, 36.825091 ], [ 127.153768, 36.825079 ], [ 127.153838, 36.825057 ], [ 127.153941, 36.825011 ], [ 127.153957, 36.824996 ], [ 127.153843, 36.824996 ], [ 127.153687, 36.825013 ], [ 127.153574, 36.825012 ], [ 127.153539, 36.825022 ], [ 127.153538, 36.825047 ], [ 127.153572, 36.825074 ], [ 127.153577, 36.82509 ], [ 127.15357, 36.825098 ], [ 127.153605, 36.825129 ], [ 127.153626, 36.825128 ], [ 127.153643, 36.825116 ], [ 127.153616, 36.825115 ], [ 127.153623, 36.825099 ], [ 127.153613, 36.825084 ], [ 127.153654, 36.825078 ], [ 127.153668, 36.825091 ] ] ] } },
{ "type": "Feature", "properties": { "id": 85321, "model": "road", "type": "2", "accuracy": "94.53", "area": "128.75", "address": "충청남도 천안시 서북구 두정동 491", "region_code": "4413310400", "memo": "" }, "geometry": { "type": "Polygon", "coordinates": [ [ [ 127.15049, 36.82503 ], [ 127.150715, 36.82501 ], [ 127.150721, 36.825003 ], [ 127.150705, 36.824996 ], [ 127.150565, 36.825 ], [ 127.150528, 36.825007 ], [ 127.150396, 36.825002 ], [ 127.150357, 36.825006 ], [ 127.150345, 36.825021 ], [ 127.150353, 36.825033 ], [ 127.15049, 36.82503 ] ] ] } },
{ "type": "Feature", "properties": { "id": 85322, "model": "road", "type": "1", "accuracy": "96.75", "area": "125.24", "address": "충청남도 천안시 서북구 백석동 8-3", "region_code": "4413310300", "memo": "" }, "geometry": { "type": "Polygon", "coordinates": [ [ [ 127.125109, 36.825042 ], [ 127.125169, 36.824949 ], [ 127.125185, 36.824909 ], [ 127.125185, 36.824888 ], [ 127.125172, 36.824873 ], [ 127.12515, 36.82488 ], [ 127.125082, 36.824988 ], [ 127.125097, 36.825039 ], [ 127.125109, 36.825042 ] ] ] } },
{ "type": "Feature", "properties": { "id": 85323, "model": "road", "type": "1", "accuracy": "95.88", "area": "187.47", "address": "충청남도 천안시 서북구 백석동 11-21", "region_code": "4413310300", "memo": "" }, "geometry": { "type": "Polygon", "coordinates": [ [ [ 127.125276, 36.824762 ], [ 127.125358, 36.824709 ], [ 127.125352, 36.824674 ], [ 127.125397, 36.824606 ], [ 127.125396, 36.824594 ], [ 127.125326, 36.824594 ], [ 127.125312, 36.824637 ], [ 127.12528, 36.824668 ], [ 127.125275, 36.824653 ], [ 127.125272, 36.82468 ], [ 127.125235, 36.824721 ], [ 127.125243, 36.824719 ], [ 127.125256, 36.824738 ], [ 127.125276, 36.824745 ], [ 127.125276, 36.824762 ] ] ] } },
{ "type": "Feature", "properties": { "id": 85324, "model": "road", "type": "1", "accuracy": "96.61", "area": "82.88", "address": "충청남도 천안시 서북구 백석동 11-21", "region_code": "4413310300", "memo": "" }, "geometry": { "type": "Polygon", "coordinates": [ [ [ 127.125448, 36.82452 ], [ 127.125474, 36.824506 ], [ 127.125488, 36.824486 ], [ 127.12551, 36.82448 ], [ 127.125533, 36.82445 ], [ 127.125537, 36.824434 ], [ 127.125522, 36.824418 ], [ 127.125479, 36.824423 ], [ 127.125449, 36.824444 ], [ 127.125448, 36.82452 ] ] ] } },
{ "type": "Feature", "properties": { "id": 85325, "model": "road", "type": "1", "accuracy": "91.35", "area": "274.51", "address": "충청남도 천안시 동남구 신부동 431", "region_code": "4413111800", "memo": "" }, "geometry": { "type": "Polygon", "coordinates": [ [ [ 127.159904, 36.824339 ], [ 127.159854, 36.824377 ], [ 127.159857, 36.824394 ], [ 127.159842, 36.82438 ], [ 127.159817, 36.824394 ], [ 127.159833, 36.824421 ], [ 127.159814, 36.824429 ], [ 127.159819, 36.824468 ], [ 127.159801, 36.824481 ], [ 127.159813, 36.824498 ], [ 127.159852, 36.824483 ], [ 127.159868, 36.824469 ], [ 127.159867, 36.824456 ], [ 127.159848, 36.824444 ], [ 127.159856, 36.824433 ], [ 127.159867, 36.824434 ], [ 127.159877, 36.824459 ], [ 127.159924, 36.824433 ], [ 127.159928, 36.824425 ], [ 127.159915, 36.824399 ], [ 127.159926, 36.824389 ], [ 127.159961, 36.82441 ], [ 127.160004, 36.824386 ], [ 127.160017, 36.824365 ], [ 127.16003, 36.824366 ], [ 127.160053, 36.824353 ], [ 127.160053, 36.824298 ], [ 127.160045, 36.824327 ], [ 127.160018, 36.824329 ], [ 127.159986, 36.824311 ], [ 127.159981, 36.824328 ], [ 127.159955, 36.824333 ], [ 127.159943, 36.824345 ], [ 127.159904, 36.824339 ] ] ] } },
{ "type": "Feature", "properties": { "id": 85326, "model": "road", "type": "2", "accuracy": "95.36", "area": "82.60", "address": "충청남도 천안시 서북구 성정동 542-6", "region_code": "4413310200", "memo": "" }, "geometry": { "type": "Polygon", "coordinates": [ [ [ 127.132679, 36.824412 ], [ 127.132679, 36.824316 ], [ 127.132668, 36.82431 ], [ 127.132667, 36.824293 ], [ 127.132649, 36.824287 ], [ 127.132634, 36.824245 ], [ 127.132622, 36.824245 ], [ 127.13264, 36.824376 ], [ 127.132659, 36.824408 ], [ 127.132679, 36.824412 ] ] ] } },
{ "type": "Feature", "properties": { "id": 85327, "model": "road", "type": "1", "accuracy": "93.78", "area": "80.08", "address": "충청남도 천안시 서북구 백석동 1206", "region_code": "4413310300", "memo": "" }, "geometry": { "type": "Polygon", "coordinates": [ [ [ 127.111952, 36.824264 ], [ 127.11196, 36.824242 ], [ 127.111942, 36.824177 ], [ 127.11193, 36.824157 ], [ 127.111898, 36.824156 ], [ 127.111891, 36.824188 ], [ 127.111902, 36.824238 ], [ 127.111933, 36.824264 ], [ 127.111952, 36.824264 ] ] ] } },
{ "type": "Feature", "properties": { "id": 85328, "model": "road", "type": "2", "accuracy": "96.99", "area": "158.88", "address": "충청남도 천안시 서북구 성정동 41-1", "region_code": "4413310200", "memo": "" }, "geometry": { "type": "Polygon", "coordinates": [ [ [ 127.149284, 36.824172 ], [ 127.149323, 36.824078 ], [ 127.14933, 36.824027 ], [ 127.149341, 36.824011 ], [ 127.149367, 36.823903 ], [ 127.149366, 36.82387 ], [ 127.149335, 36.823875 ], [ 127.149308, 36.824009 ], [ 127.149262, 36.824147 ], [ 127.149262, 36.824172 ], [ 127.149267, 36.824178 ], [ 127.149284, 36.824172 ] ] ] } },
{ "type": "Feature", "properties": { "id": 85329, "model": "road", "type": "2", "accuracy": "95.97", "area": "117.60", "address": "충청남도 천안시 동남구 신부동 36-2", "region_code": "4413111800", "memo": "" }, "geometry": { "type": "Polygon", "coordinates": [ [ [ 127.168014, 36.823342 ], [ 127.168007, 36.82333 ], [ 127.168012, 36.823281 ], [ 127.167975, 36.823252 ], [ 127.167933, 36.823248 ], [ 127.167915, 36.823285 ], [ 127.167894, 36.823304 ], [ 127.167925, 36.823315 ], [ 127.167949, 36.823344 ], [ 127.167964, 36.823345 ], [ 127.167979, 36.823333 ], [ 127.168007, 36.823352 ], [ 127.168014, 36.823342 ] ] ] } },
{ "type": "Feature", "properties": { "id": 85330, "model": "road", "type": "2", "accuracy": "94.49", "area": "82.09", "address": "충청남도 천안시 동남구 신부동 36-2", "region_code": "4413111800", "memo": "" }, "geometry": { "type": "Polygon", "coordinates": [ [ [ 127.168203, 36.823296 ], [ 127.168209, 36.823269 ], [ 127.168201, 36.823253 ], [ 127.168167, 36.823249 ], [ 127.168149, 36.823263 ], [ 127.168144, 36.823244 ], [ 127.168122, 36.823236 ], [ 127.168109, 36.82322 ], [ 127.168093, 36.823219 ], [ 127.168081, 36.823227 ], [ 127.168094, 36.823264 ], [ 127.168102, 36.823272 ], [ 127.168129, 36.823271 ], [ 127.168141, 36.8233 ], [ 127.168203, 36.823296 ] ] ] } },
{ "type": "Feature", "properties": { "id": 85331, "model": "road", "type": "1", "accuracy": "95.05", "area": "86.28", "address": "충청남도 천안시 서북구 불당동 1478", "region_code": "4413310800", "memo": "" }, "geometry": { "type": "Polygon", "coordinates": [ [ [ 127.108367, 36.822996 ], [ 127.108376, 36.82297 ], [ 127.10835, 36.822915 ], [ 127.108342, 36.822852 ], [ 127.108323, 36.822829 ], [ 127.108308, 36.822829 ], [ 127.108299, 36.822843 ], [ 127.108342, 36.822987 ], [ 127.108354, 36.823 ], [ 127.108367, 36.822996 ] ] ] } },
{ "type": "Feature", "properties": { "id": 85334, "model": "road", "type": "1", "accuracy": "95.77", "area": "114.33", "address": "충청남도 천안시 서북구 성정동 749", "region_code": "4413310200", "memo": "" }, "geometry": { "type": "Polygon", "coordinates": [ [ [ 127.143866, 36.822497 ], [ 127.143854, 36.822396 ], [ 127.143832, 36.822363 ], [ 127.143811, 36.822352 ], [ 127.143796, 36.822357 ], [ 127.143784, 36.822385 ], [ 127.143811, 36.822443 ], [ 127.143808, 36.822471 ], [ 127.14383, 36.822497 ], [ 127.143866, 36.822497 ] ] ] } },
{ "type": "Feature", "properties": { "id": 85335, "model": "road", "type": "1", "accuracy": "94.8", "area": "107.90", "address": "충청남도 천안시 서북구 불당동 1865", "region_code": "4413310800", "memo": "" }, "geometry": { "type": "Polygon", "coordinates": [ [ [ 127.107949, 36.822451 ], [ 127.107958, 36.822439 ], [ 127.10796, 36.822409 ], [ 127.107947, 36.822343 ], [ 127.107926, 36.822307 ], [ 127.107887, 36.822302 ], [ 127.107884, 36.822315 ], [ 127.107923, 36.822451 ], [ 127.107949, 36.822451 ] ] ] } },
{ "type": "Feature", "properties": { "id": 85336, "model": "road", "type": "2", "accuracy": "95.59", "area": "113.38", "address": "충청남도 천안시 동남구 신부동 34-4", "region_code": "4413111800", "memo": "" }, "geometry": { "type": "Polygon", "coordinates": [ [ [ 127.169541, 36.822277 ], [ 127.169629, 36.822269 ], [ 127.169644, 36.822254 ], [ 127.16958, 36.822235 ], [ 127.169492, 36.822248 ], [ 127.169409, 36.822234 ], [ 127.169394, 36.822245 ], [ 127.169399, 36.822255 ], [ 127.169457, 36.822277 ], [ 127.169541, 36.822277 ] ] ] } },
{ "type": "Feature", "properties": { "id": 85337, "model": "road", "type": "1", "accuracy": "93.3", "area": "136.81", "address": "충청남도 천안시 서북구 불당동 1497", "region_code": "4413310800", "memo": "" }, "geometry": { "type": "Polygon", "coordinates": [ [ [ 127.102107, 36.822061 ], [ 127.102202, 36.822055 ], [ 127.102231, 36.822032 ], [ 127.102239, 36.822009 ], [ 127.10221, 36.822011 ], [ 127.102208, 36.821997 ], [ 127.102186, 36.821994 ], [ 127.102148, 36.821966 ], [ 127.102109, 36.821976 ], [ 127.102115, 36.821981 ], [ 127.102105, 36.821986 ], [ 127.102115, 36.82199 ], [ 127.102092, 36.821999 ], [ 127.102091, 36.822012 ], [ 127.102101, 36.822021 ], [ 127.102124, 36.822024 ], [ 127.102106, 36.82204 ], [ 127.102107, 36.822061 ] ] ] } },
{ "type": "Feature", "properties": { "id": 85339, "model": "road", "type": "1", "accuracy": "89.11", "area": "91.07", "address": "충청남도 천안시 서북구 백석동 874", "region_code": "4413310300", "memo": "" }, "geometry": { "type": "Polygon", "coordinates": [ [ [ 127.124491, 36.821273 ], [ 127.124509, 36.821235 ], [ 127.124509, 36.821209 ], [ 127.124498, 36.821159 ], [ 127.124476, 36.82111 ], [ 127.12447, 36.821139 ], [ 127.12445, 36.821146 ], [ 127.124466, 36.821166 ], [ 127.124453, 36.821199 ], [ 127.124465, 36.821228 ], [ 127.124461, 36.821261 ], [ 127.124469, 36.821274 ], [ 127.124491, 36.821273 ] ] ] } },
{ "type": "Feature", "properties": { "id": 85340, "model": "road", "type": "1", "accuracy": "96.71", "area": "117.64", "address": "충청남도 천안시 서북구 백석동 874", "region_code": "4413310300", "memo": "" }, "geometry": { "type": "Polygon", "coordinates": [ [ [ 127.124501, 36.820969 ], [ 127.124451, 36.820886 ], [ 127.124423, 36.820872 ], [ 127.124407, 36.820873 ], [ 127.124401, 36.820892 ], [ 127.124413, 36.820913 ], [ 127.124405, 36.820929 ], [ 127.124431, 36.820972 ], [ 127.124432, 36.820997 ], [ 127.124498, 36.820997 ], [ 127.124501, 36.820969 ] ] ] } },
{ "type": "Feature", "properties": { "id": 85342, "model": "road", "type": "1", "accuracy": "91.36", "area": "169.89", "address": "충청남도 천안시 서북구 백석동 917", "region_code": "4413310300", "memo": "" }, "geometry": { "type": "Polygon", "coordinates": [ [ [ 127.122562, 36.820559 ], [ 127.122575, 36.820543 ], [ 127.122616, 36.820542 ], [ 127.122623, 36.820525 ], [ 127.122635, 36.820529 ], [ 127.122637, 36.820539 ], [ 127.122629, 36.820543 ], [ 127.122664, 36.820543 ], [ 127.122692, 36.820528 ], [ 127.122705, 36.820511 ], [ 127.122731, 36.820506 ], [ 127.122741, 36.820491 ], [ 127.122687, 36.820484 ], [ 127.122604, 36.820506 ], [ 127.122575, 36.820506 ], [ 127.12235, 36.82055 ], [ 127.122356, 36.820561 ], [ 127.122393, 36.820558 ], [ 127.122414, 36.820547 ], [ 127.12246, 36.820548 ], [ 127.122481, 36.820536 ], [ 127.122489, 36.820542 ], [ 127.122531, 36.820541 ], [ 127.122538, 36.820563 ], [ 127.122562, 36.820559 ] ] ] } },
{ "type": "Feature", "properties": { "id": 85343, "model": "road", "type": "1", "accuracy": "91.05", "area": "117.32", "address": "충청남도 천안시 서북구 백석동 874", "region_code": "4413310300", "memo": "" }, "geometry": { "type": "Polygon", "coordinates": [ [ [ 127.123333, 36.8205 ], [ 127.123407, 36.820484 ], [ 127.123421, 36.820471 ], [ 127.123377, 36.820459 ], [ 127.123358, 36.820467 ], [ 127.123311, 36.82046 ], [ 127.123242, 36.820465 ], [ 127.123222, 36.820458 ], [ 127.12319, 36.820478 ], [ 127.123195, 36.820503 ], [ 127.123333, 36.8205 ] ] ] } },
{ "type": "Feature", "properties": { "id": 85345, "model": "road", "type": "2", "accuracy": "96.08", "area": "95.63", "address": "충청남도 천안시 서북구 백석동 899", "region_code": "4413310300", "memo": "" }, "geometry": { "type": "Polygon", "coordinates": [ [ [ 127.123163, 36.820284 ], [ 127.123257, 36.82027 ], [ 127.123277, 36.820259 ], [ 127.12328, 36.820244 ], [ 127.123252, 36.82024 ], [ 127.123165, 36.820247 ], [ 127.123097, 36.820255 ], [ 127.123071, 36.820269 ], [ 127.123074, 36.820276 ], [ 127.123097, 36.820281 ], [ 127.123163, 36.820284 ] ] ] } },
{ "type": "Feature", "properties": { "id": 85350, "model": "road", "type": "2", "accuracy": "96.68", "area": "190.04", "address": "충청남도 천안시 동남구 유량동 210-4", "region_code": "4413111200", "memo": "" }, "geometry": { "type": "Polygon", "coordinates": [ [ [ 127.171532, 36.819139 ], [ 127.171521, 36.818985 ], [ 127.171545, 36.818862 ], [ 127.171509, 36.818862 ], [ 127.171497, 36.818875 ], [ 127.171497, 36.81894 ], [ 127.171477, 36.81897 ], [ 127.171493, 36.818991 ], [ 127.171486, 36.818993 ], [ 127.171485, 36.81903 ], [ 127.171469, 36.81904 ], [ 127.171476, 36.819111 ], [ 127.171492, 36.819139 ], [ 127.171532, 36.819139 ] ] ] } },
{ "type": "Feature", "properties": { "id": 85351, "model": "road", "type": "1", "accuracy": "95.77", "area": "146.06", "address": "충청남도 천안시 서북구 불당동 1866", "region_code": "4413310800", "memo": "" }, "geometry": { "type": "Polygon", "coordinates": [ [ [ 127.101034, 36.819089 ], [ 127.10104, 36.819055 ], [ 127.10098, 36.818857 ], [ 127.100966, 36.818829 ], [ 127.100951, 36.818829 ], [ 127.100947, 36.818838 ], [ 127.100941, 36.818835 ], [ 127.100939, 36.818847 ], [ 127.100999, 36.819052 ], [ 127.101016, 36.819083 ], [ 127.101034, 36.819089 ] ] ] } },
{ "type": "Feature", "properties": { "id": 85352, "model": "road", "type": "1", "accuracy": "96.91", "area": "597.82", "address": "충청남도 천안시 서북구 불당동 1866", "region_code": "4413310800", "memo": "" }, "geometry": { "type": "Polygon", "coordinates": [ [ [ 127.10074, 36.818546 ], [ 127.100783, 36.818712 ], [ 127.10077, 36.818727 ], [ 127.100717, 36.818741 ], [ 127.100697, 36.818764 ], [ 127.100697, 36.818774 ], [ 127.100724, 36.818792 ], [ 127.100782, 36.818783 ], [ 127.100819, 36.818799 ], [ 127.100891, 36.819062 ], [ 127.100927, 36.819137 ], [ 127.100942, 36.819155 ], [ 127.100954, 36.819156 ], [ 127.100949, 36.819115 ], [ 127.10088, 36.818889 ], [ 127.100848, 36.818846 ], [ 127.100852, 36.818824 ], [ 127.100836, 36.818786 ], [ 127.100829, 36.818717 ], [ 127.100683, 36.818247 ], [ 127.100673, 36.818227 ], [ 127.100645, 36.81822 ], [ 127.100653, 36.818275 ], [ 127.10074, 36.818546 ] ] ] } },
{ "type": "Feature", "properties": { "id": 85353, "model": "road", "type": "1", "accuracy": "93.17", "area": "123.19", "address": "충청남도 천안시 서북구 성정동 750", "region_code": "4413310200", "memo": "" }, "geometry": { "type": "Polygon", "coordinates": [ [ [ 127.142144, 36.818607 ], [ 127.14231, 36.818597 ], [ 127.142309, 36.818572 ], [ 127.14218, 36.818568 ], [ 127.142157, 36.818547 ], [ 127.142125, 36.818546 ], [ 127.14211, 36.818551 ], [ 127.142116, 36.818566 ], [ 127.142106, 36.818573 ], [ 127.142062, 36.818581 ], [ 127.142063, 36.818586 ], [ 127.142081, 36.81858 ], [ 127.142097, 36.818593 ], [ 127.142133, 36.818595 ], [ 127.142144, 36.818607 ] ] ] } },
{ "type": "Feature", "properties": { "id": 85354, "model": "road", "type": "1", "accuracy": "90.23", "area": "100.62", "address": "충청남도 천안시 서북구 성정동 313-7", "region_code": "4413310200", "memo": "" }, "geometry": { "type": "Polygon", "coordinates": [ [ [ 127.142776, 36.818249 ], [ 127.142769, 36.818245 ], [ 127.142782, 36.818243 ], [ 127.142786, 36.818208 ], [ 127.142774, 36.818192 ], [ 127.142778, 36.818181 ], [ 127.142793, 36.81818 ], [ 127.142797, 36.818157 ], [ 127.142787, 36.818142 ], [ 127.142774, 36.818144 ], [ 127.142766, 36.818127 ], [ 127.142755, 36.818126 ], [ 127.14274, 36.818137 ], [ 127.142728, 36.818136 ], [ 127.142732, 36.818155 ], [ 127.142723, 36.818167 ], [ 127.142722, 36.818195 ], [ 127.142732, 36.818207 ], [ 127.142735, 36.818244 ], [ 127.142751, 36.818252 ], [ 127.142776, 36.818249 ] ] ] } },
{ "type": "Feature", "properties": { "id": 85355, "model": "road", "type": "2", "accuracy": "92.09", "area": "78.56", "address": "충청남도 천안시 동남구 유량동 207-2", "region_code": "4413111200", "memo": "" }, "geometry": { "type": "Polygon", "coordinates": [ [ [ 127.171424, 36.818143 ], [ 127.171519, 36.818095 ], [ 127.171538, 36.818066 ], [ 127.171562, 36.818062 ], [ 127.171569, 36.81805 ], [ 127.171542, 36.818042 ], [ 127.171537, 36.818057 ], [ 127.171511, 36.818059 ], [ 127.17147, 36.818079 ], [ 127.171402, 36.818129 ], [ 127.171402, 36.818146 ], [ 127.171424, 36.818143 ] ] ] } },
{ "type": "Feature", "properties": { "id": 85356, "model": "road", "type": "1", "accuracy": "97.71", "area": "1106.75", "address": "충청남도 천안시 서북구 성정동 327-68", "region_code": "4413310200", "memo": "" }, "geometry": { "type": "Polygon", "coordinates": [ [ [ 127.146005, 36.81818 ], [ 127.146194, 36.817993 ], [ 127.146229, 36.817974 ], [ 127.146287, 36.817965 ], [ 127.146316, 36.817927 ], [ 127.146332, 36.817924 ], [ 127.146355, 36.81789 ], [ 127.14634, 36.817853 ], [ 127.146329, 36.817852 ], [ 127.146307, 36.817866 ], [ 127.146291, 36.817894 ], [ 127.146266, 36.817907 ], [ 127.146254, 36.817905 ], [ 127.146238, 36.817883 ], [ 127.146253, 36.817841 ], [ 127.146237, 36.817809 ], [ 127.146222, 36.817806 ], [ 127.146184, 36.817833 ], [ 127.146164, 36.81787 ], [ 127.14612, 36.817895 ], [ 127.146089, 36.817927 ], [ 127.146069, 36.817927 ], [ 127.145859, 36.818215 ], [ 127.145815, 36.818325 ], [ 127.145821, 36.818339 ], [ 127.145837, 36.818338 ], [ 127.145878, 36.818317 ], [ 127.14592, 36.81828 ], [ 127.145924, 36.818267 ], [ 127.146005, 36.81818 ] ] ] } },
{ "type": "Feature", "properties": { "id": 85357, "model": "road", "type": "2", "accuracy": "96.49", "area": "241.00", "address": "충청남도 천안시 서북구 성정동 327-30", "region_code": "4413310200", "memo": "" }, "geometry": { "type": "Polygon", "coordinates": [ [ [ 127.145938, 36.818033 ], [ 127.146051, 36.817897 ], [ 127.146042, 36.817859 ], [ 127.14602, 36.817869 ], [ 127.145968, 36.817925 ], [ 127.145971, 36.817943 ], [ 127.145958, 36.817962 ], [ 127.145924, 36.817988 ], [ 127.145924, 36.817995 ], [ 127.145899, 36.818002 ], [ 127.145877, 36.818024 ], [ 127.14582, 36.818098 ], [ 127.145754, 36.818166 ], [ 127.145753, 36.818192 ], [ 127.145772, 36.81819 ], [ 127.145848, 36.818109 ], [ 127.145908, 36.818061 ], [ 127.145924, 36.818036 ], [ 127.145938, 36.818033 ] ] ] } },
{ "type": "Feature", "properties": { "id": 85358, "model": "road", "type": "1", "accuracy": "95.79", "area": "129.12", "address": "충청남도 천안시 서북구 불당동 1882", "region_code": "4413310800", "memo": "" }, "geometry": { "type": "Polygon", "coordinates": [ [ [ 127.110165, 36.818104 ], [ 127.11016, 36.818066 ], [ 127.110137, 36.817996 ], [ 127.110121, 36.817977 ], [ 127.110124, 36.817966 ], [ 127.110104, 36.817953 ], [ 127.110092, 36.817958 ], [ 127.110096, 36.817989 ], [ 127.110084, 36.818018 ], [ 127.110086, 36.818075 ], [ 127.110099, 36.818091 ], [ 127.110092, 36.818104 ], [ 127.110165, 36.818104 ] ] ] } },
{ "type": "Feature", "properties": { "id": 85359, "model": "road", "type": "1", "accuracy": "96.9", "area": "304.13", "address": "충청남도 천안시 서북구 성정동 110-1", "region_code": "4413310200", "memo": "" }, "geometry": { "type": "Polygon", "coordinates": [ [ [ 127.146518, 36.81805 ], [ 127.146567, 36.818039 ], [ 127.146612, 36.818018 ], [ 127.146671, 36.817951 ], [ 127.146671, 36.817937 ], [ 127.14666, 36.817926 ], [ 127.146698, 36.817926 ], [ 127.14669, 36.817896 ], [ 127.146655, 36.817884 ], [ 127.146617, 36.817896 ], [ 127.146612, 36.817938 ], [ 127.146584, 36.817966 ], [ 127.146562, 36.817975 ], [ 127.146491, 36.817976 ], [ 127.146482, 36.817985 ], [ 127.146459, 36.817984 ], [ 127.146423, 36.818006 ], [ 127.146388, 36.81801 ], [ 127.146389, 36.818024 ], [ 127.146427, 36.818043 ], [ 127.146464, 36.818052 ], [ 127.146518, 36.81805 ] ] ] } },
{ "type": "Feature", "properties": { "id": 85360, "model": "road", "type": "2", "accuracy": "97.05", "area": "869.09", "address": "충청남도 천안시 서북구 불당동 1517", "region_code": "4413310800", "memo": "" }, "geometry": { "type": "Polygon", "coordinates": [ [ [ 127.107189, 36.818066 ], [ 127.107219, 36.818057 ], [ 127.107253, 36.818064 ], [ 127.107288, 36.818045 ], [ 127.10731, 36.818049 ], [ 127.10732, 36.818039 ], [ 127.107358, 36.818029 ], [ 127.107413, 36.818028 ], [ 127.107442, 36.818018 ], [ 127.107435, 36.817965 ], [ 127.107413, 36.817935 ], [ 127.107411, 36.817874 ], [ 127.107395, 36.817871 ], [ 127.107384, 36.817857 ], [ 127.107361, 36.817795 ], [ 127.107345, 36.817706 ], [ 127.107326, 36.817666 ], [ 127.107298, 36.817688 ], [ 127.107305, 36.81772 ], [ 127.107295, 36.817732 ], [ 127.107255, 36.817734 ], [ 127.107232, 36.817759 ], [ 127.107221, 36.817755 ], [ 127.107212, 36.817736 ], [ 127.107189, 36.817734 ], [ 127.107189, 36.817808 ], [ 127.107311, 36.817792 ], [ 127.10732, 36.8178 ], [ 127.107325, 36.817847 ], [ 127.107302, 36.817872 ], [ 127.107274, 36.817882 ], [ 127.107224, 36.817872 ], [ 127.107203, 36.817877 ], [ 127.107212, 36.817911 ], [ 127.107205, 36.817922 ], [ 127.107189, 36.817927 ], [ 127.107189, 36.818066 ] ] ] } },
{ "type": "Feature", "properties": { "id": 85361, "model": "road", "type": "2", "accuracy": "95.87", "area": "143.71", "address": "충청남도 천안시 서북구 성정동 327-80", "region_code": "4413310200", "memo": "" }, "geometry": { "type": "Polygon", "coordinates": [ [ [ 127.146196, 36.817745 ], [ 127.146226, 36.817732 ], [ 127.14624, 36.817707 ], [ 127.146293, 36.817665 ], [ 127.146313, 36.817626 ], [ 127.146365, 36.817572 ], [ 127.146338, 36.817583 ], [ 127.146306, 36.817621 ], [ 127.146266, 36.817646 ], [ 127.146203, 36.81764 ], [ 127.146181, 36.81765 ], [ 127.146188, 36.817714 ], [ 127.14616, 36.817727 ], [ 127.146158, 36.817739 ], [ 127.146161, 36.817749 ], [ 127.146196, 36.817745 ] ] ] } },
{ "type": "Feature", "properties": { "id": 85362, "model": "road", "type": "1", "accuracy": "95.21", "area": "410.34", "address": "충청남도 천안시 서북구 성정동 111-1", "region_code": "4413310200", "memo": "" }, "geometry": { "type": "Polygon", "coordinates": [ [ [ 127.146971, 36.817649 ], [ 127.146977, 36.81758 ], [ 127.146966, 36.817551 ], [ 127.146942, 36.817526 ], [ 127.146915, 36.817513 ], [ 127.14689, 36.817447 ], [ 127.146867, 36.817441 ], [ 127.146853, 36.817424 ], [ 127.146836, 36.817425 ], [ 127.146805, 36.81746 ], [ 127.1468, 36.817484 ], [ 127.146853, 36.817527 ], [ 127.146882, 36.81754 ], [ 127.146891, 36.817537 ], [ 127.146888, 36.817555 ], [ 127.146913, 36.817591 ], [ 127.146915, 36.817649 ], [ 127.146902, 36.817649 ], [ 127.146885, 36.817674 ], [ 127.146864, 36.817683 ], [ 127.146862, 36.817694 ], [ 127.146891, 36.817718 ], [ 127.146897, 36.817752 ], [ 127.14689, 36.817774 ], [ 127.146909, 36.817782 ], [ 127.146912, 36.817808 ], [ 127.146923, 36.817811 ], [ 127.146924, 36.817831 ], [ 127.14694, 36.817847 ], [ 127.146951, 36.81784 ], [ 127.146956, 36.817808 ], [ 127.146941, 36.817688 ], [ 127.146956, 36.817649 ], [ 127.146971, 36.817649 ] ] ] } },
{ "type": "Feature", "properties": { "id": 85363, "model": "road", "type": "1", "accuracy": "93.56", "area": "380.52", "address": "충청남도 천안시 동남구 신부동 995", "region_code": "4413111800", "memo": "" }, "geometry": { "type": "Polygon", "coordinates": [ [ [ 127.1635, 36.817531 ], [ 127.163513, 36.817519 ], [ 127.163559, 36.817513 ], [ 127.163594, 36.817516 ], [ 127.163588, 36.817521 ], [ 127.163596, 36.817527 ], [ 127.163588, 36.817531 ], [ 127.163613, 36.81753 ], [ 127.163615, 36.817517 ], [ 127.163643, 36.8175 ], [ 127.163662, 36.817511 ], [ 127.163689, 36.817507 ], [ 127.163685, 36.817514 ], [ 127.163701, 36.817518 ], [ 127.163779, 36.817523 ], [ 127.163794, 36.817513 ], [ 127.163791, 36.817503 ], [ 127.163744, 36.81749 ], [ 127.163771, 36.817484 ], [ 127.163814, 36.817489 ], [ 127.163824, 36.817479 ], [ 127.163836, 36.817481 ], [ 127.163857, 36.81745 ], [ 127.163832, 36.817442 ], [ 127.163715, 36.817453 ], [ 127.163571, 36.817452 ], [ 127.163482, 36.817432 ], [ 127.163462, 36.817457 ], [ 127.163462, 36.817476 ], [ 127.16344, 36.817484 ], [ 127.16343, 36.817503 ], [ 127.163444, 36.817507 ], [ 127.163459, 36.817494 ], [ 127.163482, 36.817494 ], [ 127.163482, 36.817535 ], [ 127.1635, 36.817531 ] ] ] } },
{ "type": "Feature", "properties": { "id": 85364, "model": "road", "type": "1", "accuracy": "89.56", "area": "131.02", "address": "충청남도 천안시 동남구 신부동 995", "region_code": "4413111800", "memo": "" }, "geometry": { "type": "Polygon", "coordinates": [ [ [ 127.163972, 36.817513 ], [ 127.163959, 36.817494 ], [ 127.163973, 36.817483 ], [ 127.163998, 36.817481 ], [ 127.164011, 36.81749 ], [ 127.164086, 36.817487 ], [ 127.164087, 36.817459 ], [ 127.164045, 36.817452 ], [ 127.16393, 36.817456 ], [ 127.163881, 36.817448 ], [ 127.163876, 36.817462 ], [ 127.163903, 36.817489 ], [ 127.163884, 36.817507 ], [ 127.163887, 36.817516 ], [ 127.163892, 36.81751 ], [ 127.163915, 36.817513 ], [ 127.163907, 36.817508 ], [ 127.163918, 36.817505 ], [ 127.163946, 36.817518 ], [ 127.163972, 36.817513 ] ] ] } },
{ "type": "Feature", "properties": { "id": 85365, "model": "road", "type": "1", "accuracy": "97.61", "area": "1161.61", "address": "충청남도 천안시 서북구 성정동 110-12", "region_code": "4413310200", "memo": "" }, "geometry": { "type": "Polygon", "coordinates": [ [ [ 127.146835, 36.817171 ], [ 127.146582, 36.817452 ], [ 127.146439, 36.817587 ], [ 127.146387, 36.817652 ], [ 127.146339, 36.817687 ], [ 127.146321, 36.817727 ], [ 127.146324, 36.817741 ], [ 127.146308, 36.817752 ], [ 127.146305, 36.817766 ], [ 127.14635, 36.81778 ], [ 127.146364, 36.817794 ], [ 127.146362, 36.817807 ], [ 127.146406, 36.817779 ], [ 127.146481, 36.81769 ], [ 127.146583, 36.817588 ], [ 127.14665, 36.817461 ], [ 127.146864, 36.817242 ], [ 127.146982, 36.817101 ], [ 127.146983, 36.817096 ], [ 127.146955, 36.817093 ], [ 127.146955, 36.817004 ], [ 127.146906, 36.817077 ], [ 127.146877, 36.817096 ], [ 127.146835, 36.817171 ] ] ] } },
{ "type": "Feature", "properties": { "id": 85366, "model": "road", "type": "1", "accuracy": "95.54", "area": "704.04", "address": "충청남도 천안시 서북구 불당동 1867", "region_code": "4413310800", "memo": "" }, "geometry": { "type": "Polygon", "coordinates": [ [ [ 127.108372, 36.817337 ], [ 127.108334, 36.817202 ], [ 127.108302, 36.817156 ], [ 127.108299, 36.817138 ], [ 127.108279, 36.817125 ], [ 127.108267, 36.817134 ], [ 127.108274, 36.817259 ], [ 127.108262, 36.817275 ], [ 127.108235, 36.817275 ], [ 127.108233, 36.817293 ], [ 127.108239, 36.817299 ], [ 127.108268, 36.8173 ], [ 127.108274, 36.817275 ], [ 127.108287, 36.817277 ], [ 127.108295, 36.81732 ], [ 127.108276, 36.817325 ], [ 127.108275, 36.817344 ], [ 127.108305, 36.817339 ], [ 127.10831, 36.817351 ], [ 127.108332, 36.817359 ], [ 127.108325, 36.817374 ], [ 127.108342, 36.817399 ], [ 127.108341, 36.817418 ], [ 127.108363, 36.817433 ], [ 127.108351, 36.817449 ], [ 127.108348, 36.817473 ], [ 127.108341, 36.817473 ], [ 127.108326, 36.817446 ], [ 127.108306, 36.817438 ], [ 127.108283, 36.817451 ], [ 127.108273, 36.817477 ], [ 127.108293, 36.81749 ], [ 127.108293, 36.817552 ], [ 127.108316, 36.817552 ], [ 127.108309, 36.817603 ], [ 127.10832, 36.817619 ], [ 127.108327, 36.817617 ], [ 127.108337, 36.817657 ], [ 127.108344, 36.817657 ], [ 127.108333, 36.817697 ], [ 127.108356, 36.817761 ], [ 127.108373, 36.817774 ], [ 127.108394, 36.817765 ], [ 127.108394, 36.817691 ], [ 127.108409, 36.817691 ], [ 127.108406, 36.817678 ], [ 127.108394, 36.817673 ], [ 127.108394, 36.817559 ], [ 127.108406, 36.817559 ], [ 127.108402, 36.81754 ], [ 127.108422, 36.817515 ], [ 127.108394, 36.817497 ], [ 127.108394, 36.817375 ], [ 127.108372, 36.817337 ] ] ] } },
{ "type": "Feature", "properties": { "id": 85369, "model": "road", "type": "2", "accuracy": "96.32", "area": "200.39", "address": "충청남도 천안시 서북구 성정동 111-98", "region_code": "4413310200", "memo": "" }, "geometry": { "type": "Polygon", "coordinates": [ [ [ 127.146691, 36.817234 ], [ 127.146746, 36.817161 ], [ 127.146755, 36.817165 ], [ 127.146788, 36.817118 ], [ 127.146801, 36.817111 ], [ 127.146797, 36.817096 ], [ 127.146836, 36.817094 ], [ 127.146836, 36.817071 ], [ 127.146859, 36.817047 ], [ 127.146898, 36.816972 ], [ 127.146911, 36.816966 ], [ 127.146911, 36.816946 ], [ 127.146891, 36.81692 ], [ 127.146868, 36.816928 ], [ 127.146856, 36.816969 ], [ 127.146799, 36.817038 ], [ 127.146788, 36.817082 ], [ 127.14675, 36.817125 ], [ 127.14675, 36.817146 ], [ 127.146721, 36.817159 ], [ 127.146659, 36.817234 ], [ 127.146691, 36.817234 ] ] ] } },
{ "type": "Feature", "properties": { "id": 85370, "model": "road", "type": "1", "accuracy": "94.08", "area": "360.03", "address": "충청남도 천안시 동남구 유량동 221-3", "region_code": "4413111200", "memo": "" }, "geometry": { "type": "Polygon", "coordinates": [ [ [ 127.170194, 36.816781 ], [ 127.170145, 36.816778 ], [ 127.170115, 36.816741 ], [ 127.170079, 36.816736 ], [ 127.17005, 36.816712 ], [ 127.170053, 36.816726 ], [ 127.170045, 36.816731 ], [ 127.170058, 36.81677 ], [ 127.17011, 36.816825 ], [ 127.170158, 36.816839 ], [ 127.170166, 36.816894 ], [ 127.170182, 36.816896 ], [ 127.170195, 36.816889 ], [ 127.170194, 36.816852 ], [ 127.170208, 36.816849 ], [ 127.170255, 36.816806 ], [ 127.170276, 36.8168 ], [ 127.17037, 36.816739 ], [ 127.170481, 36.816691 ], [ 127.170493, 36.816678 ], [ 127.170471, 36.816656 ], [ 127.170431, 36.816658 ], [ 127.17036, 36.816702 ], [ 127.170365, 36.816709 ], [ 127.170356, 36.816713 ], [ 127.170369, 36.816723 ], [ 127.170366, 36.81673 ], [ 127.170329, 36.816733 ], [ 127.170311, 36.816756 ], [ 127.170303, 36.816752 ], [ 127.170305, 36.816741 ], [ 127.170296, 36.81674 ], [ 127.170235, 36.816779 ], [ 127.170201, 36.816789 ], [ 127.170194, 36.816781 ] ] ] } },
{ "type": "Feature", "properties": { "id": 85372, "model": "road", "type": "1", "accuracy": "97.26", "area": "431.69", "address": "충청남도 천안시 동남구 유량동 234-5", "region_code": "4413111200", "memo": "" }, "geometry": { "type": "Polygon", "coordinates": [ [ [ 127.172775, 36.815915 ], [ 127.172899, 36.815767 ], [ 127.172968, 36.815707 ], [ 127.172965, 36.815695 ], [ 127.172925, 36.815684 ], [ 127.172829, 36.815632 ], [ 127.172822, 36.815578 ], [ 127.172848, 36.815538 ], [ 127.172795, 36.815538 ], [ 127.172774, 36.815557 ], [ 127.172774, 36.815606 ], [ 127.172766, 36.815612 ], [ 127.172727, 36.815609 ], [ 127.172722, 36.815617 ], [ 127.172719, 36.815649 ], [ 127.172759, 36.815669 ], [ 127.172774, 36.815685 ], [ 127.172831, 36.815711 ], [ 127.172851, 36.815744 ], [ 127.172851, 36.815761 ], [ 127.172838, 36.815784 ], [ 127.172788, 36.81585 ], [ 127.172774, 36.815855 ], [ 127.172775, 36.815915 ] ] ] } },
{ "type": "Feature", "properties": { "id": 85373, "model": "road", "type": "2", "accuracy": "96.43", "area": "445.68", "address": "충청남도 천안시 동남구 신부동 72-16", "region_code": "4413111800", "memo": "" }, "geometry": { "type": "Polygon", "coordinates": [ [ [ 127.159949, 36.815686 ], [ 127.160037, 36.815686 ], [ 127.160064, 36.815698 ], [ 127.160105, 36.815691 ], [ 127.160279, 36.815693 ], [ 127.160322, 36.815709 ], [ 127.160331, 36.815708 ], [ 127.160334, 36.8157 ], [ 127.160358, 36.8157 ], [ 127.160388, 36.815712 ], [ 127.160498, 36.815716 ], [ 127.160522, 36.815732 ], [ 127.160552, 36.815736 ], [ 127.160552, 36.815685 ], [ 127.160544, 36.815682 ], [ 127.160342, 36.815669 ], [ 127.160297, 36.815643 ], [ 127.160269, 36.815653 ], [ 127.160264, 36.815641 ], [ 127.160214, 36.815635 ], [ 127.160184, 36.815651 ], [ 127.160123, 36.815654 ], [ 127.160102, 36.815664 ], [ 127.160085, 36.81566 ], [ 127.160069, 36.815669 ], [ 127.160039, 36.815646 ], [ 127.160038, 36.815625 ], [ 127.160016, 36.815631 ], [ 127.160019, 36.815617 ], [ 127.160032, 36.815608 ], [ 127.160024, 36.8156 ], [ 127.159989, 36.815605 ], [ 127.159969, 36.815629 ], [ 127.159914, 36.815651 ], [ 127.15992, 36.815675 ], [ 127.159949, 36.815686 ] ] ] } },
{ "type": "Feature", "properties": { "id": 85374, "model": "road", "type": "1", "accuracy": "91.04", "area": "100.60", "address": "충청남도 천안시 서북구 성정동 779", "region_code": "4413310200", "memo": "" }, "geometry": { "type": "Polygon", "coordinates": [ [ [ 127.141788, 36.815652 ], [ 127.141883, 36.815612 ], [ 127.141878, 36.815599 ], [ 127.141855, 36.815591 ], [ 127.141853, 36.81558 ], [ 127.141835, 36.815564 ], [ 127.141813, 36.815564 ], [ 127.1418, 36.815573 ], [ 127.141813, 36.815597 ], [ 127.141808, 36.815615 ], [ 127.141773, 36.815625 ], [ 127.141736, 36.815622 ], [ 127.14172, 36.815613 ], [ 127.141702, 36.815635 ], [ 127.141708, 36.815648 ], [ 127.141734, 36.815642 ], [ 127.141753, 36.815647 ], [ 127.141757, 36.815656 ], [ 127.141788, 36.815652 ] ] ] } },
{ "type": "Feature", "properties": { "id": 85375, "model": "road", "type": "2", "accuracy": "95.94", "area": "81.65", "address": "충청남도 천안시 동남구 성황동 9-1", "region_code": "4413110200", "memo": "" }, "geometry": { "type": "Polygon", "coordinates": [ [ [ 127.150699, 36.81564 ], [ 127.150718, 36.815631 ], [ 127.150716, 36.81557 ], [ 127.150674, 36.815518 ], [ 127.150672, 36.815497 ], [ 127.15066, 36.815495 ], [ 127.150642, 36.815505 ], [ 127.150639, 36.815525 ], [ 127.15067, 36.815563 ], [ 127.150668, 36.815585 ], [ 127.150692, 36.815632 ], [ 127.150699, 36.81564 ] ] ] } },
{ "type": "Feature", "properties": { "id": 85376, "model": "road", "type": "2", "accuracy": "98.34", "area": "2878.42", "address": "충청남도 천안시 서북구 불당동 20", "region_code": "4413310800", "memo": "" }, "geometry": { "type": "Polygon", "coordinates": [ [ [ 127.110255, 36.815375 ], [ 127.110112, 36.81541 ], [ 127.110075, 36.815411 ], [ 127.109971, 36.815433 ], [ 127.109915, 36.815428 ], [ 127.109881, 36.815405 ], [ 127.109849, 36.815401 ], [ 127.109814, 36.815373 ], [ 127.109802, 36.815376 ], [ 127.1098, 36.815418 ], [ 127.109811, 36.815456 ], [ 127.109825, 36.815471 ], [ 127.109834, 36.815537 ], [ 127.109857, 36.815575 ], [ 127.109854, 36.815603 ], [ 127.109875, 36.815633 ], [ 127.109875, 36.815664 ], [ 127.109888, 36.815678 ], [ 127.109888, 36.815703 ], [ 127.109899, 36.815715 ], [ 127.109903, 36.815741 ], [ 127.109941, 36.815758 ], [ 127.109941, 36.815775 ], [ 127.10995, 36.815771 ], [ 127.109963, 36.815712 ], [ 127.109981, 36.815688 ], [ 127.110017, 36.815666 ], [ 127.110289, 36.815613 ], [ 127.110351, 36.815594 ], [ 127.110384, 36.815595 ], [ 127.110406, 36.815587 ], [ 127.110474, 36.815579 ], [ 127.110512, 36.815565 ], [ 127.110672, 36.815531 ], [ 127.110724, 36.815538 ], [ 127.110712, 36.815499 ], [ 127.11072, 36.815468 ], [ 127.110713, 36.815446 ], [ 127.110696, 36.815434 ], [ 127.110674, 36.815393 ], [ 127.110646, 36.815377 ], [ 127.110564, 36.815377 ], [ 127.110525, 36.81535 ], [ 127.110444, 36.815334 ], [ 127.11038, 36.815357 ], [ 127.110338, 36.815359 ], [ 127.110284, 36.815367 ], [ 127.11028, 36.815375 ], [ 127.110255, 36.815375 ] ], [ [ 127.110267, 36.815474 ], [ 127.11028, 36.815458 ], [ 127.110323, 36.815452 ], [ 127.110341, 36.815442 ], [ 127.110508, 36.815416 ], [ 127.110541, 36.815418 ], [ 127.110553, 36.815436 ], [ 127.110536, 36.815473 ], [ 127.110485, 36.815485 ], [ 127.110462, 36.8155 ], [ 127.110407, 36.815501 ], [ 127.110373, 36.815513 ], [ 127.110285, 36.815512 ], [ 127.110284, 36.815474 ], [ 127.110267, 36.815474 ] ] ] } },
{ "type": "Feature", "properties": { "id": 85377, "model": "road", "type": "2", "accuracy": "96.92", "area": "514.63", "address": "충청남도 천안시 동남구 신부동 72-16", "region_code": "4413111800", "memo": "" }, "geometry": { "type": "Polygon", "coordinates": [ [ [ 127.160175, 36.815478 ], [ 127.160179, 36.815462 ], [ 127.160192, 36.815454 ], [ 127.160239, 36.815462 ], [ 127.160269, 36.815453 ], [ 127.160302, 36.815427 ], [ 127.1603, 36.815417 ], [ 127.160187, 36.815418 ], [ 127.160193, 36.8154 ], [ 127.160176, 36.815375 ], [ 127.160199, 36.815356 ], [ 127.160202, 36.815141 ], [ 127.160117, 36.815141 ], [ 127.160112, 36.815169 ], [ 127.160119, 36.815216 ], [ 127.160099, 36.815244 ], [ 127.160095, 36.815343 ], [ 127.160111, 36.815354 ], [ 127.160105, 36.815386 ], [ 127.160134, 36.815402 ], [ 127.16014, 36.815418 ], [ 127.160067, 36.815418 ], [ 127.160064, 36.815424 ], [ 127.160091, 36.815444 ], [ 127.160121, 36.815442 ], [ 127.16015, 36.815479 ], [ 127.160175, 36.815478 ] ] ] } },
{ "type": "Feature", "properties": { "id": 85378, "model": "road", "type": "2", "accuracy": "96.56", "area": "125.33", "address": "충청남도 천안시 동남구 성황동 4", "region_code": "4413110200", "memo": "" }, "geometry": { "type": "Polygon", "coordinates": [ [ [ 127.153946, 36.815019 ], [ 127.154204, 36.815009 ], [ 127.154219, 36.815 ], [ 127.154219, 36.814991 ], [ 127.154196, 36.814982 ], [ 127.154097, 36.814989 ], [ 127.153967, 36.814987 ], [ 127.153921, 36.814993 ], [ 127.153909, 36.815003 ], [ 127.153916, 36.815014 ], [ 127.153946, 36.815019 ] ] ] } },
{ "type": "Feature", "properties": { "id": 85379, "model": "road", "type": "2", "accuracy": "93.24", "area": "91.31", "address": "충청남도 천안시 서북구 불당동 226-2", "region_code": "4413310800", "memo": "" }, "geometry": { "type": "Polygon", "coordinates": [ [ [ 127.112005, 36.814747 ], [ 127.112033, 36.814732 ], [ 127.11206, 36.814735 ], [ 127.112079, 36.814699 ], [ 127.112051, 36.81469 ], [ 127.112016, 36.814691 ], [ 127.112022, 36.814662 ], [ 127.112009, 36.814655 ], [ 127.111975, 36.814656 ], [ 127.111958, 36.814681 ], [ 127.111958, 36.814705 ], [ 127.111965, 36.814713 ], [ 127.112005, 36.814716 ], [ 127.112005, 36.814747 ] ] ] } },
{ "type": "Feature", "properties": { "id": 85380, "model": "road", "type": "1", "accuracy": "97.15", "area": "1000.76", "address": "충청남도 천안시 서북구 불당동 218-16", "region_code": "4413310800", "memo": "" }, "geometry": { "type": "Polygon", "coordinates": [ [ [ 127.110283, 36.814695 ], [ 127.110454, 36.814666 ], [ 127.110458, 36.814617 ], [ 127.110443, 36.814566 ], [ 127.110432, 36.814556 ], [ 127.110412, 36.814563 ], [ 127.110411, 36.814577 ], [ 127.110377, 36.814589 ], [ 127.110348, 36.814591 ], [ 127.110341, 36.814579 ], [ 127.110302, 36.81458 ], [ 127.110266, 36.814595 ], [ 127.110225, 36.8146 ], [ 127.110193, 36.814623 ], [ 127.110197, 36.814635 ], [ 127.110188, 36.814644 ], [ 127.110053, 36.814644 ], [ 127.110032, 36.814673 ], [ 127.110006, 36.814686 ], [ 127.109899, 36.814713 ], [ 127.109811, 36.814725 ], [ 127.109767, 36.814738 ], [ 127.109767, 36.814752 ], [ 127.109717, 36.814747 ], [ 127.109665, 36.814754 ], [ 127.109642, 36.814768 ], [ 127.109637, 36.814793 ], [ 127.109649, 36.814813 ], [ 127.109662, 36.814818 ], [ 127.109759, 36.814808 ], [ 127.109767, 36.814799 ], [ 127.109787, 36.814801 ], [ 127.109809, 36.814792 ], [ 127.109845, 36.814792 ], [ 127.109883, 36.814776 ], [ 127.109881, 36.814742 ], [ 127.109904, 36.81473 ], [ 127.109916, 36.814741 ], [ 127.109916, 36.814772 ], [ 127.109927, 36.814774 ], [ 127.109941, 36.814766 ], [ 127.110019, 36.81476 ], [ 127.110028, 36.814752 ], [ 127.110048, 36.814762 ], [ 127.110074, 36.814745 ], [ 127.110105, 36.814741 ], [ 127.110121, 36.814732 ], [ 127.110161, 36.814735 ], [ 127.110212, 36.814726 ], [ 127.110254, 36.81471 ], [ 127.11025, 36.814693 ], [ 127.110226, 36.814677 ], [ 127.11025, 36.814644 ], [ 127.110283, 36.814644 ], [ 127.110283, 36.814695 ] ] ] } },
{ "type": "Feature", "properties": { "id": 85381, "model": "road", "type": "1", "accuracy": "93.8", "area": "176.83", "address": "충청남도 천안시 서북구 불당동 236-18", "region_code": "4413310800", "memo": "" }, "geometry": { "type": "Polygon", "coordinates": [ [ [ 127.11581, 36.814238 ], [ 127.115866, 36.814405 ], [ 127.115875, 36.814398 ], [ 127.115879, 36.814377 ], [ 127.115865, 36.814317 ], [ 127.115869, 36.814276 ], [ 127.115851, 36.814262 ], [ 127.115846, 36.814238 ], [ 127.115872, 36.814234 ], [ 127.115877, 36.814223 ], [ 127.115841, 36.81422 ], [ 127.115825, 36.814172 ], [ 127.115845, 36.814154 ], [ 127.11584, 36.814145 ], [ 127.115814, 36.814141 ], [ 127.115801, 36.81409 ], [ 127.115776, 36.814061 ], [ 127.115767, 36.814074 ], [ 127.115775, 36.814135 ], [ 127.115803, 36.814203 ], [ 127.115803, 36.814223 ], [ 127.11582, 36.814223 ], [ 127.11581, 36.814238 ] ] ] } },
{ "type": "Feature", "properties": { "id": 85382, "model": "road", "type": "1", "accuracy": "95.15", "area": "118.40", "address": "충청남도 천안시 동남구 유량동 243-1", "region_code": "4413111200", "memo": "" }, "geometry": { "type": "Polygon", "coordinates": [ [ [ 127.169429, 36.814174 ], [ 127.169457, 36.814143 ], [ 127.169455, 36.814121 ], [ 127.169328, 36.814058 ], [ 127.169328, 36.814107 ], [ 127.169361, 36.814121 ], [ 127.169388, 36.814167 ], [ 127.169411, 36.81418 ], [ 127.169429, 36.814174 ] ] ] } },
{ "type": "Feature", "properties": { "id": 85383, "model": "road", "type": "2", "accuracy": "97.05", "area": "1047.23", "address": "충청남도 천안시 동남구 성황동 102-36", "region_code": "4413110200", "memo": "" }, "geometry": { "type": "Polygon", "coordinates": [ [ [ 127.156876, 36.81389 ], [ 127.156823, 36.813872 ], [ 127.156784, 36.813873 ], [ 127.156775, 36.813824 ], [ 127.156746, 36.813817 ], [ 127.156728, 36.813823 ], [ 127.156714, 36.813839 ], [ 127.156629, 36.81386 ], [ 127.156533, 36.813858 ], [ 127.156476, 36.813869 ], [ 127.156209, 36.813879 ], [ 127.156152, 36.813898 ], [ 127.15616, 36.813906 ], [ 127.156244, 36.81392 ], [ 127.156244, 36.813949 ], [ 127.156279, 36.813947 ], [ 127.156293, 36.813938 ], [ 127.156298, 36.813916 ], [ 127.156345, 36.813908 ], [ 127.156394, 36.813909 ], [ 127.156406, 36.813935 ], [ 127.156522, 36.813933 ], [ 127.156573, 36.813921 ], [ 127.156696, 36.81391 ], [ 127.156735, 36.813913 ], [ 127.156796, 36.813931 ], [ 127.156785, 36.813948 ], [ 127.156796, 36.813985 ], [ 127.156776, 36.814019 ], [ 127.156802, 36.814068 ], [ 127.156789, 36.814107 ], [ 127.156796, 36.814171 ], [ 127.156784, 36.814179 ], [ 127.156782, 36.814201 ], [ 127.156793, 36.81441 ], [ 127.156788, 36.814499 ], [ 127.156796, 36.814508 ], [ 127.156828, 36.814502 ], [ 127.156841, 36.814459 ], [ 127.156839, 36.814176 ], [ 127.156833, 36.814172 ], [ 127.15682, 36.814008 ], [ 127.156846, 36.813934 ], [ 127.156882, 36.813905 ], [ 127.156876, 36.81389 ] ] ] } },
{ "type": "Feature", "properties": { "id": 85384, "model": "road", "type": "2", "accuracy": "94.23", "area": "78.96", "address": "충청남도 천안시 서북구 불당동 1880", "region_code": "4413310800", "memo": "" }, "geometry": { "type": "Polygon", "coordinates": [ [ [ 127.107456, 36.814038 ], [ 127.107581, 36.814031 ], [ 127.107595, 36.814008 ], [ 127.10759, 36.813997 ], [ 127.107574, 36.813994 ], [ 127.107529, 36.814008 ], [ 127.107498, 36.813994 ], [ 127.107462, 36.813993 ], [ 127.107446, 36.814003 ], [ 127.107442, 36.814014 ], [ 127.107456, 36.814038 ] ] ] } },
{ "type": "Feature", "properties": { "id": 85385, "model": "road", "type": "2", "accuracy": "95.73", "area": "104.94", "address": "충청남도 천안시 동남구 성황동 2-235", "region_code": "4413110200", "memo": "" }, "geometry": { "type": "Polygon", "coordinates": [ [ [ 127.156061, 36.813905 ], [ 127.156091, 36.813927 ], [ 127.156123, 36.813919 ], [ 127.156121, 36.813906 ], [ 127.156094, 36.813886 ], [ 127.156072, 36.813857 ], [ 127.156075, 36.813803 ], [ 127.156061, 36.8138 ], [ 127.156059, 36.813762 ], [ 127.156017, 36.813762 ], [ 127.156033, 36.813842 ], [ 127.156061, 36.813905 ] ] ] } },
{ "type": "Feature", "properties": { "id": 85387, "model": "road", "type": "1", "accuracy": "94.91", "area": "422.69", "address": "충청남도 천안시 동남구 원성동 31-68", "region_code": "4413110700", "memo": "" }, "geometry": { "type": "Polygon", "coordinates": [ [ [ 127.162004, 36.813701 ], [ 127.161781, 36.813704 ], [ 127.16177, 36.81372 ], [ 127.161802, 36.813738 ], [ 127.161801, 36.813748 ], [ 127.161828, 36.813737 ], [ 127.16184, 36.813753 ], [ 127.16186, 36.813751 ], [ 127.16188, 36.813737 ], [ 127.161895, 36.813754 ], [ 127.162102, 36.813754 ], [ 127.162131, 36.81373 ], [ 127.16217, 36.813731 ], [ 127.162196, 36.813723 ], [ 127.162203, 36.813734 ], [ 127.162198, 36.813739 ], [ 127.162222, 36.813747 ], [ 127.162252, 36.813742 ], [ 127.162334, 36.813744 ], [ 127.162366, 36.813754 ], [ 127.162441, 36.813754 ], [ 127.162436, 36.813703 ], [ 127.162359, 36.813708 ], [ 127.162215, 36.813705 ], [ 127.162202, 36.813712 ], [ 127.162167, 36.813706 ], [ 127.162156, 36.813714 ], [ 127.162097, 36.813702 ], [ 127.162043, 36.813709 ], [ 127.162004, 36.813701 ] ] ] } },
{ "type": "Feature", "properties": { "id": 85388, "model": "road", "type": "2", "accuracy": "96.67", "area": "280.79", "address": "충청남도 천안시 동남구 성황동 2-22", "region_code": "4413110200", "memo": "" }, "geometry": { "type": "Polygon", "coordinates": [ [ [ 127.154507, 36.813764 ], [ 127.15444, 36.813537 ], [ 127.154406, 36.813476 ], [ 127.154384, 36.813468 ], [ 127.154374, 36.813502 ], [ 127.154377, 36.813538 ], [ 127.154405, 36.813604 ], [ 127.154403, 36.81365 ], [ 127.154418, 36.813671 ], [ 127.154408, 36.813691 ], [ 127.154431, 36.813764 ], [ 127.154507, 36.813764 ] ] ] } },
{ "type": "Feature", "properties": { "id": 85389, "model": "road", "type": "1", "accuracy": "94.61", "area": "193.36", "address": "충청남도 천안시 서북구 불당동 236-18", "region_code": "4413310800", "memo": "" }, "geometry": { "type": "Polygon", "coordinates": [ [ [ 127.115728, 36.81386 ], [ 127.115615, 36.813484 ], [ 127.115607, 36.813466 ], [ 127.115596, 36.813462 ], [ 127.115584, 36.813475 ], [ 127.11559, 36.813507 ], [ 127.115621, 36.813586 ], [ 127.115624, 36.813623 ], [ 127.115663, 36.813756 ], [ 127.115678, 36.813795 ], [ 127.115693, 36.813809 ], [ 127.115688, 36.813826 ], [ 127.115701, 36.813875 ], [ 127.115725, 36.813881 ], [ 127.115728, 36.81386 ] ] ] } },
{ "type": "Feature", "properties": { "id": 85390, "model": "road", "type": "1", "accuracy": "95.83", "area": "278.85", "address": "충청남도 천안시 동남구 유량동 243-26", "region_code": "4413111200", "memo": "" }, "geometry": { "type": "Polygon", "coordinates": [ [ [ 127.170108, 36.813502 ], [ 127.170137, 36.813554 ], [ 127.170151, 36.813599 ], [ 127.170194, 36.813606 ], [ 127.170219, 36.813555 ], [ 127.170219, 36.813531 ], [ 127.170199, 36.813498 ], [ 127.170177, 36.813425 ], [ 127.170149, 36.813403 ], [ 127.170151, 36.813388 ], [ 127.170128, 36.813365 ], [ 127.170098, 36.813374 ], [ 127.170082, 36.813399 ], [ 127.170106, 36.813468 ], [ 127.170108, 36.813502 ] ] ] } },
{ "type": "Feature", "properties": { "id": 85391, "model": "road", "type": "2", "accuracy": "97.31", "area": "1133.51", "address": "충청남도 천안시 동남구 성황동 2-13", "region_code": "4413110200", "memo": "" }, "geometry": { "type": "Polygon", "coordinates": [ [ [ 127.155895, 36.813209 ], [ 127.155893, 36.813184 ], [ 127.155877, 36.81316 ], [ 127.15587, 36.813121 ], [ 127.155846, 36.81307 ], [ 127.155798, 36.81307 ], [ 127.155876, 36.813347 ], [ 127.155902, 36.813347 ], [ 127.155907, 36.813365 ], [ 127.155899, 36.813381 ], [ 127.155902, 36.813473 ], [ 127.155894, 36.813488 ], [ 127.155852, 36.813499 ], [ 127.155777, 36.8135 ], [ 127.155618, 36.81352 ], [ 127.155556, 36.813516 ], [ 127.155341, 36.813541 ], [ 127.155232, 36.813544 ], [ 127.155205, 36.813522 ], [ 127.155199, 36.813486 ], [ 127.155185, 36.813486 ], [ 127.155178, 36.813476 ], [ 127.155153, 36.813477 ], [ 127.155143, 36.813486 ], [ 127.155127, 36.813489 ], [ 127.155146, 36.813543 ], [ 127.155142, 36.813608 ], [ 127.15516, 36.813643 ], [ 127.155177, 36.813645 ], [ 127.155247, 36.813593 ], [ 127.155336, 36.813581 ], [ 127.155591, 36.813571 ], [ 127.155727, 36.813555 ], [ 127.155751, 36.813558 ], [ 127.155848, 36.813541 ], [ 127.155909, 36.813544 ], [ 127.155957, 36.813571 ], [ 127.155961, 36.813557 ], [ 127.155946, 36.813518 ], [ 127.155954, 36.813502 ], [ 127.155972, 36.813508 ], [ 127.155983, 36.813501 ], [ 127.155969, 36.813442 ], [ 127.155952, 36.813409 ], [ 127.155958, 36.813347 ], [ 127.155942, 36.813346 ], [ 127.155911, 36.81329 ], [ 127.155914, 36.81325 ], [ 127.155895, 36.813209 ] ] ] } },
{ "type": "Feature", "properties": { "id": 85392, "model": "road", "type": "2", "accuracy": "97.65", "area": "1230.96", "address": "충청남도 천안시 동남구 원성동 31-70", "region_code": "4413110700", "memo": "" }, "geometry": { "type": "Polygon", "coordinates": [ [ [ 127.161885, 36.81339 ], [ 127.162061, 36.813495 ], [ 127.162096, 36.813498 ], [ 127.162102, 36.813511 ], [ 127.162126, 36.813515 ], [ 127.162145, 36.813505 ], [ 127.162154, 36.813523 ], [ 127.162184, 36.813526 ], [ 127.162203, 36.813509 ], [ 127.162205, 36.813477 ], [ 127.162259, 36.813483 ], [ 127.162298, 36.813483 ], [ 127.162309, 36.813477 ], [ 127.162441, 36.813477 ], [ 127.16244, 36.813338 ], [ 127.162514, 36.813336 ], [ 127.162491, 36.813322 ], [ 127.162465, 36.813323 ], [ 127.162435, 36.813336 ], [ 127.162392, 36.813335 ], [ 127.162342, 36.813308 ], [ 127.162321, 36.81328 ], [ 127.162302, 36.813276 ], [ 127.162288, 36.813284 ], [ 127.162295, 36.813294 ], [ 127.162287, 36.813318 ], [ 127.162265, 36.813314 ], [ 127.162214, 36.813328 ], [ 127.162187, 36.813328 ], [ 127.162167, 36.813357 ], [ 127.162096, 36.813331 ], [ 127.162096, 36.813398 ], [ 127.162038, 36.813398 ], [ 127.16202, 36.813395 ], [ 127.161999, 36.81338 ], [ 127.161975, 36.813337 ], [ 127.161979, 36.813305 ], [ 127.16197, 36.813296 ], [ 127.161955, 36.813289 ], [ 127.161898, 36.813293 ], [ 127.161889, 36.813304 ], [ 127.161902, 36.813333 ], [ 127.161884, 36.813359 ], [ 127.161885, 36.81339 ] ] ] } },
{ "type": "Feature", "properties": { "id": 85393, "model": "road", "type": "1", "accuracy": "91.14", "area": "87.31", "address": "충청남도 천안시 서북구 불당동 1883", "region_code": "4413310800", "memo": "" }, "geometry": { "type": "Polygon", "coordinates": [ [ [ 127.107152, 36.813479 ], [ 127.107184, 36.813472 ], [ 127.107192, 36.813449 ], [ 127.10717, 36.813422 ], [ 127.107175, 36.813394 ], [ 127.10716, 36.813346 ], [ 127.107141, 36.813334 ], [ 127.107112, 36.813346 ], [ 127.107109, 36.813375 ], [ 127.107124, 36.813385 ], [ 127.107131, 36.813413 ], [ 127.107156, 36.813429 ], [ 127.107152, 36.813479 ] ] ] } },
{ "type": "Feature", "properties": { "id": 85394, "model": "road", "type": "2", "accuracy": "95.32", "area": "741.87", "address": "충청남도 천안시 동남구 원성동 224-17", "region_code": "4413110700", "memo": "" }, "geometry": { "type": "Polygon", "coordinates": [ [ [ 127.161584, 36.813527 ], [ 127.161616, 36.813486 ], [ 127.161649, 36.813478 ], [ 127.161728, 36.813478 ], [ 127.16173, 36.813448 ], [ 127.16169, 36.813413 ], [ 127.161652, 36.813413 ], [ 127.161642, 36.813399 ], [ 127.16163, 36.813398 ], [ 127.161639, 36.813384 ], [ 127.161617, 36.813373 ], [ 127.161612, 36.813357 ], [ 127.161599, 36.813364 ], [ 127.161574, 36.81336 ], [ 127.161617, 36.813338 ], [ 127.161616, 36.813323 ], [ 127.161596, 36.813322 ], [ 127.161562, 36.813346 ], [ 127.16155, 36.813345 ], [ 127.16153, 36.813321 ], [ 127.161519, 36.813266 ], [ 127.161485, 36.813256 ], [ 127.161509, 36.813145 ], [ 127.16149, 36.8131 ], [ 127.161488, 36.813038 ], [ 127.161471, 36.812981 ], [ 127.161461, 36.812966 ], [ 127.161447, 36.812963 ], [ 127.161438, 36.81302 ], [ 127.161454, 36.813146 ], [ 127.16143, 36.813179 ], [ 127.161432, 36.813287 ], [ 127.161437, 36.8133 ], [ 127.161453, 36.813307 ], [ 127.161455, 36.813321 ], [ 127.161476, 36.813332 ], [ 127.161464, 36.813335 ], [ 127.161463, 36.813349 ], [ 127.161475, 36.813349 ], [ 127.16149, 36.813369 ], [ 127.16147, 36.813413 ], [ 127.161505, 36.81345 ], [ 127.161502, 36.813478 ], [ 127.16158, 36.813478 ], [ 127.161584, 36.813527 ] ] ] } },
{ "type": "Feature", "properties": { "id": 85395, "model": "road", "type": "1", "accuracy": "94.17", "area": "334.31", "address": "충청남도 천안시 동남구 유량동 243-26", "region_code": "4413111200", "memo": "" }, "geometry": { "type": "Polygon", "coordinates": [ [ [ 127.169829, 36.813297 ], [ 127.169873, 36.813306 ], [ 127.169891, 36.81329 ], [ 127.169903, 36.813305 ], [ 127.169916, 36.813308 ], [ 127.169938, 36.81329 ], [ 127.169945, 36.813321 ], [ 127.169963, 36.813326 ], [ 127.169959, 36.813295 ], [ 127.169969, 36.813294 ], [ 127.169988, 36.813312 ], [ 127.169986, 36.81332 ], [ 127.169974, 36.813321 ], [ 127.169989, 36.813327 ], [ 127.169988, 36.813336 ], [ 127.170024, 36.813335 ], [ 127.170021, 36.813328 ], [ 127.17009, 36.813328 ], [ 127.170022, 36.813269 ], [ 127.170002, 36.813262 ], [ 127.169967, 36.813264 ], [ 127.169916, 36.813254 ], [ 127.16988, 36.813238 ], [ 127.169864, 36.813222 ], [ 127.169842, 36.813217 ], [ 127.169806, 36.813217 ], [ 127.16979, 36.813207 ], [ 127.169709, 36.813207 ], [ 127.16969, 36.813198 ], [ 127.169677, 36.813201 ], [ 127.169671, 36.81321 ], [ 127.169709, 36.813227 ], [ 127.169752, 36.813283 ], [ 127.16976, 36.813272 ], [ 127.169803, 36.813277 ], [ 127.169823, 36.813286 ], [ 127.169829, 36.813297 ] ] ] } },
{ "type": "Feature", "properties": { "id": 85396, "model": "road", "type": "1", "accuracy": "94.67", "area": "185.29", "address": "충청남도 천안시 서북구 불당동 236-18", "region_code": "4413310800", "memo": "" }, "geometry": { "type": "Polygon", "coordinates": [ [ [ 127.115598, 36.813451 ], [ 127.1156, 36.813428 ], [ 127.11559, 36.813393 ], [ 127.115618, 36.813393 ], [ 127.115618, 36.81337 ], [ 127.115634, 36.813368 ], [ 127.115618, 36.813368 ], [ 127.115618, 36.813341 ], [ 127.115592, 36.813348 ], [ 127.115575, 36.813329 ], [ 127.115592, 36.813318 ], [ 127.115618, 36.813329 ], [ 127.115618, 36.813274 ], [ 127.115612, 36.813297 ], [ 127.115604, 36.813281 ], [ 127.11558, 36.813291 ], [ 127.115567, 36.813286 ], [ 127.115548, 36.813266 ], [ 127.115558, 36.813233 ], [ 127.115537, 36.813223 ], [ 127.115518, 36.813197 ], [ 127.115506, 36.813226 ], [ 127.115552, 36.813384 ], [ 127.115567, 36.813401 ], [ 127.115576, 36.813451 ], [ 127.115598, 36.813451 ] ] ] } },
{ "type": "Feature", "properties": { "id": 85397, "model": "road", "type": "2", "accuracy": "97.19", "area": "449.84", "address": "충청남도 천안시 동남구 성황동 107-4", "region_code": "4413110200", "memo": "" }, "geometry": { "type": "Polygon", "coordinates": [ [ [ 127.156458, 36.813078 ], [ 127.156408, 36.812931 ], [ 127.156362, 36.812931 ], [ 127.156373, 36.812978 ], [ 127.156405, 36.81305 ], [ 127.156415, 36.813039 ], [ 127.156415, 36.813098 ], [ 127.156435, 36.813117 ], [ 127.156442, 36.813146 ], [ 127.156523, 36.813314 ], [ 127.156543, 36.813414 ], [ 127.156593, 36.813485 ], [ 127.156631, 36.813485 ], [ 127.156634, 36.813468 ], [ 127.15662, 36.813454 ], [ 127.156597, 36.81336 ], [ 127.156544, 36.813262 ], [ 127.156511, 36.813158 ], [ 127.156458, 36.813078 ] ] ] } },
{ "type": "Feature", "properties": { "id": 85398, "model": "road", "type": "2", "accuracy": "95.08", "area": "88.74", "address": "충청남도 천안시 동남구 원성동 31-70", "region_code": "4413110700", "memo": "" }, "geometry": { "type": "Polygon", "coordinates": [ [ [ 127.162318, 36.813231 ], [ 127.162342, 36.813203 ], [ 127.162345, 36.813187 ], [ 127.162338, 36.813184 ], [ 127.162201, 36.813172 ], [ 127.162152, 36.813175 ], [ 127.162183, 36.813187 ], [ 127.162154, 36.813195 ], [ 127.162257, 36.813204 ], [ 127.162288, 36.813215 ], [ 127.162296, 36.813239 ], [ 127.162318, 36.813231 ] ] ] } },
{ "type": "Feature", "properties": { "id": 85399, "model": "road", "type": "2", "accuracy": "96.7", "area": "378.29", "address": "충청남도 천안시 동남구 성황동 104-89", "region_code": "4413110200", "memo": "" }, "geometry": { "type": "Polygon", "coordinates": [ [ [ 127.157219, 36.813051 ], [ 127.157442, 36.813034 ], [ 127.157448, 36.812989 ], [ 127.157313, 36.813001 ], [ 127.157274, 36.812988 ], [ 127.157169, 36.812985 ], [ 127.157146, 36.813006 ], [ 127.157133, 36.813008 ], [ 127.157122, 36.813049 ], [ 127.157124, 36.813109 ], [ 127.157112, 36.813148 ], [ 127.157133, 36.813247 ], [ 127.157144, 36.813246 ], [ 127.157164, 36.813206 ], [ 127.157156, 36.813155 ], [ 127.157168, 36.81307 ], [ 127.157219, 36.813051 ] ] ] } },
{ "type": "Feature", "properties": { "id": 85400, "model": "road", "type": "2", "accuracy": "96.24", "area": "95.88", "address": "충청남도 천안시 동남구 성황동 104-10", "region_code": "4413110200", "memo": "" }, "geometry": { "type": "Polygon", "coordinates": [ [ [ 127.156986, 36.812995 ], [ 127.156993, 36.812988 ], [ 127.156982, 36.812974 ], [ 127.156884, 36.812931 ], [ 127.156821, 36.812931 ], [ 127.156836, 36.812955 ], [ 127.156888, 36.812984 ], [ 127.156949, 36.813 ], [ 127.156986, 36.812995 ] ] ] } },
{ "type": "Feature", "properties": { "id": 85401, "model": "road", "type": "2", "accuracy": "96.08", "area": "103.71", "address": "충청남도 천안시 동남구 원성동 17-9", "region_code": "4413110700", "memo": "" }, "geometry": { "type": "Polygon", "coordinates": [ [ [ 127.168113, 36.812713 ], [ 127.168105, 36.81274 ], [ 127.168134, 36.812738 ], [ 127.168192, 36.812707 ], [ 127.168234, 36.812671 ], [ 127.168325, 36.812638 ], [ 127.168231, 36.812638 ], [ 127.16813, 36.812696 ], [ 127.168113, 36.812713 ] ] ] } },
{ "type": "Feature", "properties": { "id": 85402, "model": "road", "type": "1", "accuracy": "95.41", "area": "91.90", "address": "충청남도 천안시 동남구 성황동 107-4", "region_code": "4413110200", "memo": "" }, "geometry": { "type": "Polygon", "coordinates": [ [ [ 127.156269, 36.812714 ], [ 127.156304, 36.812692 ], [ 127.156305, 36.812676 ], [ 127.156274, 36.81259 ], [ 127.156259, 36.812583 ], [ 127.156234, 36.812599 ], [ 127.156231, 36.812629 ], [ 127.156249, 36.812683 ], [ 127.156262, 36.812693 ], [ 127.156265, 36.812708 ], [ 127.156273, 36.812708 ], [ 127.156269, 36.812714 ] ] ] } },
{ "type": "Feature", "properties": { "id": 85403, "model": "road", "type": "1", "accuracy": "93.01", "area": "203.75", "address": "충청남도 천안시 동남구 원성동 18-9", "region_code": "4413110700", "memo": "" }, "geometry": { "type": "Polygon", "coordinates": [ [ [ 127.167126, 36.812286 ], [ 127.167321, 36.812287 ], [ 127.16731, 36.812271 ], [ 127.16731, 36.812251 ], [ 127.16732, 36.812243 ], [ 127.167258, 36.812237 ], [ 127.167278, 36.812241 ], [ 127.167286, 36.812252 ], [ 127.167258, 36.812256 ], [ 127.167258, 36.81227 ], [ 127.167238, 36.812271 ], [ 127.167239, 36.812255 ], [ 127.167219, 36.812238 ], [ 127.167123, 36.812233 ], [ 127.167098, 36.812244 ], [ 127.167079, 36.812235 ], [ 127.167027, 36.812234 ], [ 127.167015, 36.81224 ], [ 127.167016, 36.812257 ], [ 127.166993, 36.812277 ], [ 127.167005, 36.812284 ], [ 127.167054, 36.812285 ], [ 127.167079, 36.812272 ], [ 127.167084, 36.812256 ], [ 127.167087, 36.812271 ], [ 127.167106, 36.812273 ], [ 127.167095, 36.81228 ], [ 127.167126, 36.812286 ] ] ] } },
{ "type": "Feature", "properties": { "id": 85404, "model": "road", "type": "1", "accuracy": "97.13", "area": "240.08", "address": "충청남도 천안시 동남구 원성동 18-9", "region_code": "4413110700", "memo": "" }, "geometry": { "type": "Polygon", "coordinates": [ [ [ 127.167362, 36.812288 ], [ 127.167631, 36.812275 ], [ 127.167657, 36.81227 ], [ 127.167659, 36.812258 ], [ 127.167629, 36.812239 ], [ 127.167624, 36.812224 ], [ 127.167365, 36.812234 ], [ 127.167329, 36.812268 ], [ 127.167362, 36.812288 ] ] ] } },
{ "type": "Feature", "properties": { "id": 85405, "model": "road", "type": "2", "accuracy": "95.1", "area": "84.51", "address": "충청남도 천안시 동남구 유량동 406-15", "region_code": "4413111200", "memo": "" }, "geometry": { "type": "Polygon", "coordinates": [ [ [ 127.172597, 36.812264 ], [ 127.172528, 36.812212 ], [ 127.172488, 36.812207 ], [ 127.172447, 36.812169 ], [ 127.172434, 36.81217 ], [ 127.172419, 36.812185 ], [ 127.172395, 36.812178 ], [ 127.172456, 36.812217 ], [ 127.172487, 36.812229 ], [ 127.172511, 36.812228 ], [ 127.172519, 36.812249 ], [ 127.172574, 36.812276 ], [ 127.172597, 36.812283 ], [ 127.172597, 36.812264 ] ] ] } },
{ "type": "Feature", "properties": { "id": 85406, "model": "road", "type": "2", "accuracy": "94.92", "area": "92.91", "address": "충청남도 천안시 서북구 불당동 679", "region_code": "4413310800", "memo": "" }, "geometry": { "type": "Polygon", "coordinates": [ [ [ 127.110632, 36.812291 ], [ 127.110638, 36.812273 ], [ 127.110658, 36.812274 ], [ 127.110666, 36.812268 ], [ 127.11066, 36.81224 ], [ 127.110632, 36.812244 ], [ 127.110632, 36.812251 ], [ 127.110607, 36.812258 ], [ 127.110576, 36.812255 ], [ 127.110514, 36.812265 ], [ 127.110453, 36.812281 ], [ 127.110452, 36.812291 ], [ 127.110632, 36.812291 ] ] ] } },
{ "type": "Feature", "properties": { "id": 85407, "model": "road", "type": "1", "accuracy": "89.67", "area": "94.41", "address": "충청남도 천안시 서북구 불당동 246-19", "region_code": "4413310800", "memo": "" }, "geometry": { "type": "Polygon", "coordinates": [ [ [ 127.115215, 36.81212 ], [ 127.115233, 36.812063 ], [ 127.115212, 36.812039 ], [ 127.115242, 36.812011 ], [ 127.115222, 36.811954 ], [ 127.115219, 36.811964 ], [ 127.115207, 36.811967 ], [ 127.115214, 36.811974 ], [ 127.115165, 36.811991 ], [ 127.115167, 36.812016 ], [ 127.115176, 36.812017 ], [ 127.115179, 36.812004 ], [ 127.115185, 36.812019 ], [ 127.115176, 36.812029 ], [ 127.115176, 36.812048 ], [ 127.115203, 36.812073 ], [ 127.115203, 36.812085 ], [ 127.115192, 36.812081 ], [ 127.115191, 36.812095 ], [ 127.115215, 36.81212 ] ] ] } },
{ "type": "Feature", "properties": { "id": 85408, "model": "road", "type": "2", "accuracy": "97.17", "area": "610.34", "address": "충청남도 천안시 동남구 원성동 218-37", "region_code": "4413110700", "memo": "" }, "geometry": { "type": "Polygon", "coordinates": [ [ [ 127.161881, 36.811999 ], [ 127.161871, 36.811966 ], [ 127.161812, 36.811923 ], [ 127.161805, 36.811897 ], [ 127.161769, 36.811874 ], [ 127.16177, 36.81186 ], [ 127.16179, 36.811838 ], [ 127.161797, 36.811785 ], [ 127.161812, 36.811772 ], [ 127.161833, 36.811729 ], [ 127.161865, 36.811701 ], [ 127.161892, 36.811698 ], [ 127.161892, 36.811711 ], [ 127.161941, 36.811714 ], [ 127.161954, 36.81173 ], [ 127.162036, 36.811723 ], [ 127.162055, 36.811709 ], [ 127.162031, 36.811678 ], [ 127.161903, 36.811678 ], [ 127.161861, 36.811699 ], [ 127.161838, 36.811693 ], [ 127.161828, 36.811678 ], [ 127.161701, 36.811678 ], [ 127.161697, 36.811708 ], [ 127.161705, 36.811722 ], [ 127.161697, 36.811735 ], [ 127.161697, 36.811789 ], [ 127.161671, 36.811828 ], [ 127.16168, 36.811846 ], [ 127.161699, 36.811859 ], [ 127.161707, 36.811896 ], [ 127.161725, 36.811902 ], [ 127.161762, 36.811946 ], [ 127.161832, 36.811994 ], [ 127.161873, 36.812014 ], [ 127.161881, 36.811999 ] ] ] } },
{ "type": "Feature", "properties": { "id": 85409, "model": "road", "type": "1", "accuracy": "93.12", "area": "133.87", "address": "충청남도 천안시 서북구 쌍용동 2108", "region_code": "4413310700", "memo": "" }, "geometry": { "type": "Polygon", "coordinates": [ [ [ 127.120987, 36.81187 ], [ 127.121062, 36.81188 ], [ 127.121072, 36.811871 ], [ 127.121072, 36.811852 ], [ 127.120924, 36.81178 ], [ 127.120901, 36.811784 ], [ 127.120906, 36.811805 ], [ 127.120891, 36.811819 ], [ 127.120899, 36.811833 ], [ 127.120945, 36.811847 ], [ 127.120987, 36.81187 ] ] ] } },
{ "type": "Feature", "properties": { "id": 85410, "model": "road", "type": "2", "accuracy": "94.95", "area": "108.31", "address": "충청남도 천안시 동남구 원성동 31-62", "region_code": "4413110700", "memo": "" }, "geometry": { "type": "Polygon", "coordinates": [ [ [ 127.162859, 36.811815 ], [ 127.162905, 36.811779 ], [ 127.162897, 36.811748 ], [ 127.162906, 36.811718 ], [ 127.162891, 36.81171 ], [ 127.162836, 36.811705 ], [ 127.162822, 36.81174 ], [ 127.162835, 36.811809 ], [ 127.162859, 36.811815 ] ] ] } },
{ "type": "Feature", "properties": { "id": 85411, "model": "road", "type": "1", "accuracy": "92.67", "area": "123.92", "address": "충청남도 천안시 동남구 봉명동 503", "region_code": "4413111300", "memo": "" }, "geometry": { "type": "Polygon", "coordinates": [ [ [ 127.131815, 36.811783 ], [ 127.13185, 36.811874 ], [ 127.131871, 36.811869 ], [ 127.131895, 36.811842 ], [ 127.131869, 36.811743 ], [ 127.131861, 36.811737 ], [ 127.131861, 36.811715 ], [ 127.131833, 36.811715 ], [ 127.131817, 36.811748 ], [ 127.131815, 36.811783 ] ] ] } },
{ "type": "Feature", "properties": { "id": 85412, "model": "road", "type": "2", "accuracy": "95.4", "area": "159.50", "address": "충청남도 천안시 동남구 원성동 31-70", "region_code": "4413110700", "memo": "" }, "geometry": { "type": "Polygon", "coordinates": [ [ [ 127.162302, 36.811734 ], [ 127.162339, 36.811725 ], [ 127.162332, 36.811697 ], [ 127.162321, 36.811697 ], [ 127.162321, 36.811687 ], [ 127.162308, 36.811678 ], [ 127.162227, 36.811678 ], [ 127.162214, 36.811672 ], [ 127.162173, 36.811699 ], [ 127.162142, 36.81169 ], [ 127.162119, 36.811695 ], [ 127.162107, 36.811708 ], [ 127.162093, 36.811706 ], [ 127.162093, 36.811728 ], [ 127.162106, 36.811719 ], [ 127.162126, 36.811725 ], [ 127.162167, 36.81172 ], [ 127.162191, 36.811734 ], [ 127.162302, 36.811734 ] ] ] } },
{ "type": "Feature", "properties": { "id": 85413, "model": "road", "type": "2", "accuracy": "95.89", "area": "310.39", "address": "충청남도 천안시 동남구 원성동 610", "region_code": "4413110700", "memo": "" }, "geometry": { "type": "Polygon", "coordinates": [ [ [ 127.162507, 36.811677 ], [ 127.162538, 36.811645 ], [ 127.162536, 36.811628 ], [ 127.162517, 36.811605 ], [ 127.162529, 36.811594 ], [ 127.162563, 36.81159 ], [ 127.162579, 36.811578 ], [ 127.162602, 36.81158 ], [ 127.162609, 36.811567 ], [ 127.162578, 36.811572 ], [ 127.16256, 36.81156 ], [ 127.162502, 36.81155 ], [ 127.162446, 36.811524 ], [ 127.162411, 36.811528 ], [ 127.162382, 36.811596 ], [ 127.16239, 36.811623 ], [ 127.162425, 36.811674 ], [ 127.162406, 36.811664 ], [ 127.162399, 36.811677 ], [ 127.162507, 36.811677 ] ] ] } },
{ "type": "Feature", "properties": { "id": 85414, "model": "road", "type": "1", "accuracy": "87.97", "area": "84.20", "address": "충청남도 천안시 서북구 쌍용동 2108", "region_code": "4413310700", "memo": "" }, "geometry": { "type": "Polygon", "coordinates": [ [ [ 127.120496, 36.811611 ], [ 127.12052, 36.811591 ], [ 127.120482, 36.81158 ], [ 127.120486, 36.811562 ], [ 127.120509, 36.811555 ], [ 127.120517, 36.811573 ], [ 127.120535, 36.811581 ], [ 127.120549, 36.811573 ], [ 127.120487, 36.81153 ], [ 127.120465, 36.811522 ], [ 127.120458, 36.811533 ], [ 127.120465, 36.811553 ], [ 127.120442, 36.811546 ], [ 127.120412, 36.811555 ], [ 127.120412, 36.811569 ], [ 127.120462, 36.811606 ], [ 127.120486, 36.811603 ], [ 127.120496, 36.811611 ] ] ] } },
{ "type": "Feature", "properties": { "id": 85415, "model": "road", "type": "1", "accuracy": "95", "area": "138.02", "address": "충청남도 천안시 동남구 봉명동 503", "region_code": "4413111300", "memo": "" }, "geometry": { "type": "Polygon", "coordinates": [ [ [ 127.131815, 36.811586 ], [ 127.131819, 36.811574 ], [ 127.131808, 36.811557 ], [ 127.131814, 36.811517 ], [ 127.131789, 36.811441 ], [ 127.131729, 36.811439 ], [ 127.131727, 36.811484 ], [ 127.131742, 36.811532 ], [ 127.13176, 36.811554 ], [ 127.131784, 36.811562 ], [ 127.131792, 36.81159 ], [ 127.131815, 36.811586 ] ] ] } },
{ "type": "Feature", "properties": { "id": 85416, "model": "road", "type": "1", "accuracy": "95.57", "area": "136.85", "address": "충청남도 천안시 서북구 쌍용동 2110", "region_code": "4413310700", "memo": "" }, "geometry": { "type": "Polygon", "coordinates": [ [ [ 127.122019, 36.811277 ], [ 127.12202, 36.811256 ], [ 127.121982, 36.811168 ], [ 127.121957, 36.811135 ], [ 127.121942, 36.81113 ], [ 127.121928, 36.811153 ], [ 127.121911, 36.811151 ], [ 127.12191, 36.811158 ], [ 127.121946, 36.811242 ], [ 127.121969, 36.81128 ], [ 127.121991, 36.811272 ], [ 127.121997, 36.811282 ], [ 127.122019, 36.811277 ] ] ] } },
{ "type": "Feature", "properties": { "id": 85417, "model": "road", "type": "1", "accuracy": "95.98", "area": "431.00", "address": "충청남도 천안시 동남구 유량동 385-3", "region_code": "4413111200", "memo": "" }, "geometry": { "type": "Polygon", "coordinates": [ [ [ 127.171714, 36.811104 ], [ 127.171691, 36.811083 ], [ 127.171676, 36.811084 ], [ 127.171668, 36.811069 ], [ 127.171641, 36.811051 ], [ 127.171618, 36.811049 ], [ 127.171615, 36.811043 ], [ 127.171639, 36.811047 ], [ 127.171661, 36.811036 ], [ 127.171647, 36.811021 ], [ 127.171634, 36.811025 ], [ 127.171607, 36.81102 ], [ 127.1716, 36.811028 ], [ 127.171608, 36.811045 ], [ 127.171596, 36.81105 ], [ 127.171583, 36.811043 ], [ 127.171564, 36.811047 ], [ 127.171568, 36.811067 ], [ 127.171549, 36.811108 ], [ 127.171515, 36.811117 ], [ 127.171496, 36.811143 ], [ 127.171543, 36.811176 ], [ 127.171731, 36.811229 ], [ 127.171731, 36.811104 ], [ 127.171714, 36.811104 ] ] ] } },
{ "type": "Feature", "properties": { "id": 85418, "model": "road", "type": "1", "accuracy": "95.35", "area": "90.04", "address": "충청남도 천안시 동남구 봉명동 102-16", "region_code": "4413111300", "memo": "" }, "geometry": { "type": "Polygon", "coordinates": [ [ [ 127.131141, 36.810825 ], [ 127.131163, 36.810807 ], [ 127.131164, 36.81076 ], [ 127.131138, 36.810683 ], [ 127.131113, 36.810648 ], [ 127.131097, 36.810655 ], [ 127.131099, 36.81068 ], [ 127.131141, 36.810825 ] ] ] } },
{ "type": "Feature", "properties": { "id": 85419, "model": "road", "type": "1", "accuracy": "97.5", "area": "389.24", "address": "충청남도 천안시 서북구 와촌동 55-13", "region_code": "4413310100", "memo": "" }, "geometry": { "type": "Polygon", "coordinates": [ [ [ 127.145751, 36.81059 ], [ 127.145714, 36.810413 ], [ 127.145675, 36.810416 ], [ 127.14566, 36.810433 ], [ 127.145662, 36.810453 ], [ 127.145596, 36.810454 ], [ 127.145642, 36.810666 ], [ 127.145678, 36.810656 ], [ 127.145697, 36.810636 ], [ 127.145727, 36.81063 ], [ 127.145733, 36.810605 ], [ 127.145751, 36.81059 ] ] ] } },
{ "type": "Feature", "properties": { "id": 85420, "model": "road", "type": "1", "accuracy": "92.48", "area": "78.24", "address": "충청남도 천안시 서북구 쌍용동 2108", "region_code": "4413310700", "memo": "" }, "geometry": { "type": "Polygon", "coordinates": [ [ [ 127.119165, 36.810452 ], [ 127.119179, 36.810427 ], [ 127.119195, 36.810422 ], [ 127.119196, 36.810414 ], [ 127.11915, 36.810361 ], [ 127.119138, 36.810356 ], [ 127.119121, 36.810377 ], [ 127.119094, 36.810382 ], [ 127.11909, 36.810398 ], [ 127.11911, 36.810415 ], [ 127.119125, 36.810416 ], [ 127.119135, 36.810402 ], [ 127.119138, 36.810413 ], [ 127.119127, 36.810423 ], [ 127.119133, 36.810436 ], [ 127.119165, 36.810452 ] ] ] } },
{ "type": "Feature", "properties": { "id": 85422, "model": "road", "type": "2", "accuracy": "96.79", "area": "474.53", "address": "충청남도 천안시 서북구 와촌동 106-85", "region_code": "4413310100", "memo": "" }, "geometry": { "type": "Polygon", "coordinates": [ [ [ 127.144466, 36.810029 ], [ 127.144531, 36.810017 ], [ 127.144539, 36.810008 ], [ 127.144604, 36.810004 ], [ 127.144621, 36.809995 ], [ 127.144736, 36.80999 ], [ 127.144788, 36.809974 ], [ 127.14482, 36.809978 ], [ 127.144835, 36.809972 ], [ 127.144837, 36.809964 ], [ 127.144818, 36.809956 ], [ 127.144791, 36.809967 ], [ 127.144772, 36.809966 ], [ 127.144749, 36.80996 ], [ 127.144734, 36.809941 ], [ 127.144683, 36.80995 ], [ 127.144663, 36.809924 ], [ 127.144598, 36.809922 ], [ 127.144585, 36.809932 ], [ 127.144539, 36.809941 ], [ 127.144507, 36.809956 ], [ 127.144465, 36.809936 ], [ 127.14436, 36.80995 ], [ 127.144336, 36.809958 ], [ 127.144313, 36.809981 ], [ 127.144312, 36.810011 ], [ 127.14432, 36.810019 ], [ 127.144435, 36.810016 ], [ 127.144431, 36.810028 ], [ 127.144466, 36.810029 ] ] ] } },
{ "type": "Feature", "properties": { "id": 85423, "model": "road", "type": "2", "accuracy": "97.23", "area": "175.27", "address": "충청남도 천안시 서북구 와촌동 187", "region_code": "4413310100", "memo": "" }, "geometry": { "type": "Polygon", "coordinates": [ [ [ 127.143922, 36.810021 ], [ 127.143948, 36.809997 ], [ 127.143946, 36.809952 ], [ 127.143937, 36.809933 ], [ 127.143922, 36.809921 ], [ 127.14387, 36.809915 ], [ 127.143836, 36.809925 ], [ 127.143824, 36.809944 ], [ 127.143821, 36.809978 ], [ 127.143839, 36.810017 ], [ 127.143848, 36.810011 ], [ 127.143887, 36.810024 ], [ 127.143922, 36.810021 ] ] ] } },
{ "type": "Feature", "properties": { "id": 85424, "model": "road", "type": "2", "accuracy": "96.44", "area": "313.48", "address": "충청남도 천안시 서북구 와촌동 106-83", "region_code": "4413310100", "memo": "" }, "geometry": { "type": "Polygon", "coordinates": [ [ [ 127.144835, 36.809952 ], [ 127.144978, 36.809934 ], [ 127.145044, 36.809909 ], [ 127.145062, 36.809913 ], [ 127.145152, 36.809897 ], [ 127.145169, 36.809881 ], [ 127.145142, 36.809868 ], [ 127.145108, 36.809872 ], [ 127.145097, 36.809858 ], [ 127.145049, 36.809843 ], [ 127.145045, 36.809877 ], [ 127.145017, 36.809847 ], [ 127.144975, 36.809831 ], [ 127.144936, 36.809859 ], [ 127.1449, 36.809862 ], [ 127.144874, 36.809875 ], [ 127.14487, 36.809914 ], [ 127.144828, 36.809931 ], [ 127.144815, 36.809946 ], [ 127.144835, 36.809952 ] ] ] } },
{ "type": "Feature", "properties": { "id": 85426, "model": "road", "type": "2", "accuracy": "95.86", "area": "79.80", "address": "충청남도 천안시 서북구 쌍용동 313", "region_code": "4413310700", "memo": "" }, "geometry": { "type": "Polygon", "coordinates": [ [ [ 127.126429, 36.809885 ], [ 127.126427, 36.809864 ], [ 127.126394, 36.809849 ], [ 127.126288, 36.809842 ], [ 127.126259, 36.80985 ], [ 127.126308, 36.809878 ], [ 127.126394, 36.809889 ], [ 127.126429, 36.809885 ] ] ] } },
{ "type": "Feature", "properties": { "id": 85427, "model": "road", "type": "2", "accuracy": "96.63", "area": "175.63", "address": "충청남도 천안시 서북구 쌍용동 313-13", "region_code": "4413310700", "memo": "" }, "geometry": { "type": "Polygon", "coordinates": [ [ [ 127.125976, 36.809926 ], [ 127.126013, 36.809887 ], [ 127.126125, 36.809869 ], [ 127.126167, 36.809855 ], [ 127.126172, 36.809836 ], [ 127.126191, 36.809828 ], [ 127.12617, 36.809784 ], [ 127.12613, 36.809785 ], [ 127.126122, 36.809827 ], [ 127.126035, 36.809844 ], [ 127.125977, 36.809871 ], [ 127.125935, 36.809914 ], [ 127.125946, 36.80993 ], [ 127.125976, 36.809926 ] ] ] } },
{ "type": "Feature", "properties": { "id": 85428, "model": "road", "type": "1", "accuracy": "96.45", "area": "367.23", "address": "충청남도 천안시 서북구 쌍용동 2136", "region_code": "4413310700", "memo": "" }, "geometry": { "type": "Polygon", "coordinates": [ [ [ 127.126463, 36.809641 ], [ 127.126759, 36.809645 ], [ 127.126773, 36.809638 ], [ 127.12679, 36.809645 ], [ 127.126806, 36.809637 ], [ 127.126836, 36.80964 ], [ 127.126894, 36.809627 ], [ 127.12688, 36.809616 ], [ 127.126878, 36.809602 ], [ 127.126853, 36.809599 ], [ 127.126834, 36.809602 ], [ 127.126829, 36.809611 ], [ 127.126843, 36.809619 ], [ 127.126821, 36.809626 ], [ 127.126801, 36.809624 ], [ 127.126801, 36.809566 ], [ 127.126781, 36.809569 ], [ 127.126782, 36.809586 ], [ 127.126771, 36.809586 ], [ 127.126766, 36.809576 ], [ 127.126761, 36.809591 ], [ 127.126728, 36.809588 ], [ 127.126707, 36.809577 ], [ 127.126566, 36.809583 ], [ 127.126457, 36.809571 ], [ 127.126457, 36.809638 ], [ 127.126463, 36.809641 ] ] ] } },
{ "type": "Feature", "properties": { "id": 85429, "model": "road", "type": "1", "accuracy": "93.7", "area": "182.73", "address": "충청남도 천안시 서북구 불당동 1794", "region_code": "4413310800", "memo": "" }, "geometry": { "type": "Polygon", "coordinates": [ [ [ 127.103189, 36.809632 ], [ 127.103276, 36.809615 ], [ 127.10331, 36.809614 ], [ 127.103353, 36.809598 ], [ 127.103356, 36.809585 ], [ 127.103373, 36.80959 ], [ 127.103482, 36.809585 ], [ 127.103529, 36.809573 ], [ 127.103563, 36.809545 ], [ 127.103563, 36.809531 ], [ 127.103486, 36.809541 ], [ 127.103352, 36.809573 ], [ 127.103239, 36.809586 ], [ 127.103186, 36.80962 ], [ 127.103189, 36.809632 ] ] ] } },
{ "type": "Feature", "properties": { "id": 85430, "model": "road", "type": "2", "accuracy": "95.27", "area": "108.38", "address": "충청남도 천안시 서북구 불당동 1643", "region_code": "4413310800", "memo": "" }, "geometry": { "type": "Polygon", "coordinates": [ [ [ 127.106786, 36.809659 ], [ 127.106742, 36.809579 ], [ 127.106714, 36.80955 ], [ 127.106685, 36.809464 ], [ 127.106664, 36.809436 ], [ 127.106649, 36.809425 ], [ 127.106637, 36.809426 ], [ 127.106657, 36.809489 ], [ 127.106714, 36.809596 ], [ 127.106768, 36.809655 ], [ 127.10678, 36.809662 ], [ 127.106786, 36.809659 ] ] ] } },
{ "type": "Feature", "properties": { "id": 85431, "model": "road", "type": "1", "accuracy": "97.44", "area": "1628.63", "address": "충청남도 천안시 서북구 쌍용동 310-43", "region_code": "4413310700", "memo": "" }, "geometry": { "type": "Polygon", "coordinates": [ [ [ 127.127746, 36.808614 ], [ 127.127717, 36.808772 ], [ 127.127698, 36.808819 ], [ 127.127706, 36.808826 ], [ 127.127703, 36.808837 ], [ 127.127672, 36.80887 ], [ 127.127666, 36.808899 ], [ 127.127643, 36.808926 ], [ 127.127573, 36.809071 ], [ 127.127553, 36.809087 ], [ 127.127499, 36.809167 ], [ 127.127439, 36.809236 ], [ 127.127395, 36.809272 ], [ 127.127251, 36.809371 ], [ 127.126935, 36.809547 ], [ 127.126941, 36.809591 ], [ 127.126991, 36.80963 ], [ 127.126999, 36.80963 ], [ 127.126997, 36.809621 ], [ 127.12702, 36.809604 ], [ 127.127039, 36.809555 ], [ 127.127055, 36.809553 ], [ 127.127204, 36.809471 ], [ 127.127365, 36.809367 ], [ 127.12738, 36.809367 ], [ 127.127395, 36.809349 ], [ 127.127415, 36.809341 ], [ 127.127467, 36.809344 ], [ 127.127486, 36.809336 ], [ 127.127488, 36.809315 ], [ 127.127478, 36.809303 ], [ 127.127483, 36.809277 ], [ 127.127508, 36.80926 ], [ 127.127596, 36.809158 ], [ 127.127673, 36.80904 ], [ 127.127705, 36.809016 ], [ 127.127775, 36.809001 ], [ 127.127778, 36.808988 ], [ 127.127744, 36.808959 ], [ 127.127742, 36.808932 ], [ 127.127725, 36.808915 ], [ 127.127738, 36.808889 ], [ 127.127725, 36.808848 ], [ 127.127756, 36.808823 ], [ 127.127757, 36.808813 ], [ 127.127744, 36.808811 ], [ 127.127776, 36.808728 ], [ 127.127786, 36.808539 ], [ 127.127797, 36.808558 ], [ 127.127808, 36.808549 ], [ 127.127779, 36.808516 ], [ 127.127764, 36.808398 ], [ 127.127732, 36.808322 ], [ 127.127727, 36.808287 ], [ 127.127712, 36.808275 ], [ 127.127694, 36.808289 ], [ 127.127743, 36.808529 ], [ 127.127746, 36.808614 ] ] ] } },
{ "type": "Feature", "properties": { "id": 85432, "model": "road", "type": "1", "accuracy": "96.28", "area": "268.07", "address": "충청남도 천안시 동남구 봉명동 205-1", "region_code": "4413111300", "memo": "" }, "geometry": { "type": "Polygon", "coordinates": [ [ [ 127.134508, 36.809105 ], [ 127.134546, 36.809094 ], [ 127.134546, 36.809071 ], [ 127.134535, 36.80906 ], [ 127.134484, 36.809023 ], [ 127.13445, 36.809015 ], [ 127.134438, 36.808993 ], [ 127.134415, 36.808984 ], [ 127.134401, 36.808959 ], [ 127.134333, 36.808911 ], [ 127.134294, 36.808902 ], [ 127.134287, 36.808914 ], [ 127.134309, 36.808941 ], [ 127.134304, 36.808956 ], [ 127.13431, 36.808968 ], [ 127.134318, 36.808963 ], [ 127.134321, 36.808971 ], [ 127.134344, 36.808971 ], [ 127.134362, 36.808987 ], [ 127.13436, 36.808997 ], [ 127.134339, 36.808999 ], [ 127.134335, 36.809006 ], [ 127.134356, 36.80903 ], [ 127.134418, 36.809072 ], [ 127.134442, 36.809062 ], [ 127.134508, 36.809105 ] ] ] } },
{ "type": "Feature", "properties": { "id": 85433, "model": "road", "type": "1", "accuracy": "94.89", "area": "78.63", "address": "충청남도 천안시 서북구 쌍용동 2110", "region_code": "4413310700", "memo": "" }, "geometry": { "type": "Polygon", "coordinates": [ [ [ 127.120365, 36.808743 ], [ 127.120354, 36.808716 ], [ 127.120358, 36.808688 ], [ 127.120313, 36.808668 ], [ 127.120266, 36.808632 ], [ 127.120258, 36.808633 ], [ 127.12026, 36.808662 ], [ 127.120322, 36.80873 ], [ 127.120349, 36.808751 ], [ 127.120365, 36.808743 ] ] ] } },
{ "type": "Feature", "properties": { "id": 85435, "model": "road", "type": "2", "accuracy": "96.15", "area": "127.60", "address": "충청남도 천안시 동남구 원성동 260", "region_code": "4413110700", "memo": "" }, "geometry": { "type": "Polygon", "coordinates": [ [ [ 127.154167, 36.808083 ], [ 127.154069, 36.808075 ], [ 127.154039, 36.80808 ], [ 127.154015, 36.808066 ], [ 127.153932, 36.808048 ], [ 127.153893, 36.808074 ], [ 127.153909, 36.808084 ], [ 127.154006, 36.808099 ], [ 127.154133, 36.808108 ], [ 127.154167, 36.808123 ], [ 127.154167, 36.808083 ] ] ] } },
{ "type": "Feature", "properties": { "id": 85436, "model": "road", "type": "1", "accuracy": "95.84", "area": "279.42", "address": "충청남도 천안시 서북구 쌍용동 308-43", "region_code": "4413310700", "memo": "" }, "geometry": { "type": "Polygon", "coordinates": [ [ [ 127.127811, 36.808121 ], [ 127.127831, 36.808103 ], [ 127.127831, 36.808049 ], [ 127.127819, 36.808045 ], [ 127.127814, 36.808034 ], [ 127.1278, 36.808039 ], [ 127.127771, 36.808023 ], [ 127.127745, 36.808031 ], [ 127.127717, 36.808024 ], [ 127.127697, 36.808027 ], [ 127.127694, 36.808046 ], [ 127.127672, 36.808058 ], [ 127.12764, 36.808063 ], [ 127.127628, 36.808079 ], [ 127.127632, 36.808121 ], [ 127.127664, 36.808121 ], [ 127.127698, 36.808147 ], [ 127.127753, 36.808139 ], [ 127.127784, 36.808121 ], [ 127.127811, 36.808121 ] ] ] } },
{ "type": "Feature", "properties": { "id": 85437, "model": "road", "type": "2", "accuracy": "96.44", "area": "149.87", "address": "충청남도 천안시 동남구 봉명동 225", "region_code": "4413111300", "memo": "" }, "geometry": { "type": "Polygon", "coordinates": [ [ [ 127.133255, 36.807399 ], [ 127.133286, 36.807385 ], [ 127.133304, 36.807397 ], [ 127.133331, 36.807397 ], [ 127.133349, 36.807381 ], [ 127.133415, 36.80738 ], [ 127.133447, 36.80737 ], [ 127.133473, 36.807347 ], [ 127.133366, 36.807355 ], [ 127.133276, 36.807348 ], [ 127.133209, 36.807362 ], [ 127.133166, 36.807364 ], [ 127.133166, 36.80738 ], [ 127.133178, 36.807386 ], [ 127.133206, 36.807389 ], [ 127.133222, 36.807401 ], [ 127.133255, 36.807399 ] ] ] } },
{ "type": "Feature", "properties": { "id": 85438, "model": "road", "type": "2", "accuracy": "97.62", "area": "368.28", "address": "충청남도 천안시 동남구 봉명동 225", "region_code": "4413111300", "memo": "" }, "geometry": { "type": "Polygon", "coordinates": [ [ [ 127.134145, 36.807352 ], [ 127.134174, 36.807342 ], [ 127.13417, 36.80732 ], [ 127.134125, 36.807318 ], [ 127.134102, 36.80731 ], [ 127.133992, 36.807324 ], [ 127.133916, 36.807318 ], [ 127.13368, 36.807332 ], [ 127.13358, 36.807341 ], [ 127.133569, 36.807354 ], [ 127.133559, 36.807353 ], [ 127.133555, 36.807342 ], [ 127.133498, 36.807347 ], [ 127.133522, 36.807365 ], [ 127.133564, 36.807357 ], [ 127.133583, 36.807378 ], [ 127.133737, 36.807367 ], [ 127.133837, 36.807368 ], [ 127.134027, 36.807351 ], [ 127.134145, 36.807352 ] ] ] } },
{ "type": "Feature", "properties": { "id": 85439, "model": "road", "type": "1", "accuracy": "94.65", "area": "113.45", "address": "충청남도 천안시 동남구 원성동 135-35", "region_code": "4413110700", "memo": "" }, "geometry": { "type": "Polygon", "coordinates": [ [ [ 127.158553, 36.80733 ], [ 127.158571, 36.807313 ], [ 127.158568, 36.807274 ], [ 127.158512, 36.807284 ], [ 127.158457, 36.807281 ], [ 127.15842, 36.807289 ], [ 127.158348, 36.807284 ], [ 127.158335, 36.807291 ], [ 127.158349, 36.807306 ], [ 127.158424, 36.807301 ], [ 127.158467, 36.807324 ], [ 127.158506, 36.807323 ], [ 127.158536, 36.807335 ], [ 127.158553, 36.80733 ] ] ] } },
{ "type": "Feature", "properties": { "id": 85440, "model": "road", "type": "2", "accuracy": "97.16", "area": "153.78", "address": "충청남도 천안시 동남구 봉명동 225", "region_code": "4413111300", "memo": "" }, "geometry": { "type": "Polygon", "coordinates": [ [ [ 127.134547, 36.807323 ], [ 127.134789, 36.807308 ], [ 127.134816, 36.807272 ], [ 127.134735, 36.807269 ], [ 127.1347, 36.807274 ], [ 127.134699, 36.807283 ], [ 127.134508, 36.807289 ], [ 127.13452, 36.807293 ], [ 127.134511, 36.8073 ], [ 127.134547, 36.807323 ] ] ] } },
{ "type": "Feature", "properties": { "id": 85441, "model": "road", "type": "2", "accuracy": "97.16", "area": "193.44", "address": "충청남도 천안시 동남구 봉명동 225", "region_code": "4413111300", "memo": "" }, "geometry": { "type": "Polygon", "coordinates": [ [ [ 127.13514, 36.807278 ], [ 127.135138, 36.807258 ], [ 127.135128, 36.807248 ], [ 127.134888, 36.807258 ], [ 127.134853, 36.807274 ], [ 127.134827, 36.80727 ], [ 127.134816, 36.807303 ], [ 127.135112, 36.80729 ], [ 127.13514, 36.807278 ] ] ] } },
{ "type": "Feature", "properties": { "id": 85442, "model": "road", "type": "2", "accuracy": "97.58", "area": "236.06", "address": "충청남도 천안시 동남구 봉명동 225", "region_code": "4413111300", "memo": "" }, "geometry": { "type": "Polygon", "coordinates": [ [ [ 127.135243, 36.807282 ], [ 127.135576, 36.80726 ], [ 127.135575, 36.807215 ], [ 127.135182, 36.807246 ], [ 127.135231, 36.807255 ], [ 127.135231, 36.807279 ], [ 127.135243, 36.807282 ] ] ] } },
{ "type": "Feature", "properties": { "id": 85443, "model": "road", "type": "1", "accuracy": "97.85", "area": "2974.74", "address": "충청남도 천안시 동남구 봉명동 207-23", "region_code": "4413111300", "memo": "" }, "geometry": { "type": "Polygon", "coordinates": [ [ [ 127.134033, 36.807243 ], [ 127.134212, 36.807225 ], [ 127.134239, 36.80723 ], [ 127.134389, 36.807218 ], [ 127.134412, 36.80721 ], [ 127.134432, 36.807189 ], [ 127.134434, 36.807153 ], [ 127.134368, 36.807085 ], [ 127.134321, 36.807101 ], [ 127.133978, 36.807125 ], [ 127.133932, 36.807118 ], [ 127.1339, 36.807089 ], [ 127.13387, 36.807081 ], [ 127.133849, 36.807085 ], [ 127.133804, 36.807129 ], [ 127.133589, 36.807146 ], [ 127.133569, 36.807191 ], [ 127.133556, 36.80718 ], [ 127.133554, 36.807164 ], [ 127.133534, 36.807163 ], [ 127.133521, 36.807152 ], [ 127.133496, 36.807161 ], [ 127.1335, 36.807175 ], [ 127.133491, 36.807182 ], [ 127.133472, 36.807146 ], [ 127.133453, 36.807129 ], [ 127.133437, 36.807129 ], [ 127.13341, 36.80715 ], [ 127.133391, 36.807156 ], [ 127.133288, 36.807168 ], [ 127.133162, 36.807169 ], [ 127.132907, 36.807189 ], [ 127.132842, 36.807178 ], [ 127.132838, 36.807192 ], [ 127.13285, 36.807218 ], [ 127.132846, 36.807224 ], [ 127.132828, 36.807222 ], [ 127.132844, 36.807257 ], [ 127.132891, 36.807288 ], [ 127.132971, 36.80731 ], [ 127.133129, 36.807294 ], [ 127.133423, 36.807282 ], [ 127.133478, 36.807266 ], [ 127.133499, 36.807227 ], [ 127.133527, 36.807231 ], [ 127.133544, 36.80722 ], [ 127.133554, 36.80723 ], [ 127.133522, 36.807243 ], [ 127.133523, 36.807257 ], [ 127.13354, 36.807267 ], [ 127.133848, 36.807257 ], [ 127.13401, 36.807237 ], [ 127.134033, 36.807243 ] ] ] } },
{ "type": "Feature", "properties": { "id": 85444, "model": "road", "type": "1", "accuracy": "97.6", "area": "2332.78", "address": "충청남도 천안시 동남구 봉명동 208-4", "region_code": "4413111300", "memo": "" }, "geometry": { "type": "Polygon", "coordinates": [ [ [ 127.135608, 36.807172 ], [ 127.135651, 36.807146 ], [ 127.135671, 36.807146 ], [ 127.135715, 36.807102 ], [ 127.13572, 36.807028 ], [ 127.135712, 36.806994 ], [ 127.135642, 36.807019 ], [ 127.135457, 36.80703 ], [ 127.135416, 36.80703 ], [ 127.135373, 36.806998 ], [ 127.135359, 36.806997 ], [ 127.135338, 36.807019 ], [ 127.135332, 36.807043 ], [ 127.135313, 36.807036 ], [ 127.135295, 36.807044 ], [ 127.135224, 36.807049 ], [ 127.135165, 36.80704 ], [ 127.135143, 36.807009 ], [ 127.135126, 36.807 ], [ 127.135108, 36.807008 ], [ 127.135091, 36.807035 ], [ 127.135064, 36.807052 ], [ 127.134893, 36.807066 ], [ 127.134797, 36.807064 ], [ 127.134764, 36.807029 ], [ 127.134752, 36.807025 ], [ 127.134715, 36.807071 ], [ 127.134701, 36.807075 ], [ 127.134522, 36.807084 ], [ 127.134485, 36.80708 ], [ 127.134478, 36.80709 ], [ 127.1345, 36.807156 ], [ 127.134517, 36.807183 ], [ 127.134536, 36.807192 ], [ 127.134584, 36.807189 ], [ 127.134603, 36.807204 ], [ 127.134756, 36.807204 ], [ 127.134794, 36.807195 ], [ 127.134843, 36.807199 ], [ 127.134888, 36.807186 ], [ 127.135004, 36.807188 ], [ 127.13504, 36.807179 ], [ 127.135083, 36.807179 ], [ 127.135099, 36.807185 ], [ 127.135138, 36.807179 ], [ 127.135152, 36.807162 ], [ 127.135074, 36.807159 ], [ 127.135032, 36.807144 ], [ 127.135156, 36.807144 ], [ 127.135164, 36.807132 ], [ 127.135201, 36.80713 ], [ 127.135231, 36.80714 ], [ 127.135224, 36.807134 ], [ 127.135231, 36.807126 ], [ 127.135285, 36.807127 ], [ 127.135329, 36.807114 ], [ 127.13537, 36.807123 ], [ 127.135431, 36.807113 ], [ 127.135575, 36.807109 ], [ 127.135575, 36.807132 ], [ 127.135411, 36.807144 ], [ 127.135317, 36.807141 ], [ 127.135275, 36.80715 ], [ 127.135281, 36.807171 ], [ 127.135352, 36.807173 ], [ 127.135487, 36.807159 ], [ 127.135515, 36.807166 ], [ 127.135518, 36.807181 ], [ 127.135549, 36.807186 ], [ 127.135573, 36.807178 ], [ 127.135575, 36.807163 ], [ 127.135596, 36.807162 ], [ 127.135608, 36.807172 ] ] ] } },
{ "type": "Feature", "properties": { "id": 85445, "model": "road", "type": "1", "accuracy": "92.09", "area": "230.13", "address": "충청남도 천안시 동남구 봉명동 62-316", "region_code": "4413111300", "memo": "" }, "geometry": { "type": "Polygon", "coordinates": [ [ [ 127.135911, 36.80709 ], [ 127.135919, 36.807065 ], [ 127.135913, 36.807019 ], [ 127.135925, 36.807004 ], [ 127.135913, 36.806988 ], [ 127.135964, 36.806991 ], [ 127.135952, 36.807008 ], [ 127.135969, 36.807019 ], [ 127.136007, 36.80701 ], [ 127.136015, 36.807021 ], [ 127.136062, 36.80703 ], [ 127.136091, 36.807013 ], [ 127.136091, 36.806967 ], [ 127.13605, 36.806982 ], [ 127.136044, 36.806972 ], [ 127.136028, 36.806968 ], [ 127.135939, 36.80697 ], [ 127.135904, 36.806961 ], [ 127.135871, 36.806941 ], [ 127.135851, 36.806946 ], [ 127.135855, 36.806972 ], [ 127.135878, 36.806994 ], [ 127.135844, 36.80703 ], [ 127.135858, 36.807036 ], [ 127.135862, 36.80706 ], [ 127.135879, 36.807071 ], [ 127.135883, 36.807085 ], [ 127.135901, 36.807094 ], [ 127.135911, 36.80709 ] ] ] } },
{ "type": "Feature", "properties": { "id": 85446, "model": "road", "type": "2", "accuracy": "95.81", "area": "242.82", "address": "충청남도 천안시 서북구 쌍용동 2128", "region_code": "4413310700", "memo": "" }, "geometry": { "type": "Polygon", "coordinates": [ [ [ 127.117674, 36.807022 ], [ 127.117675, 36.807052 ], [ 127.117733, 36.807093 ], [ 127.117755, 36.807075 ], [ 127.117753, 36.807065 ], [ 127.117714, 36.807028 ], [ 127.117674, 36.807012 ], [ 127.117674, 36.806997 ], [ 127.117596, 36.80699 ], [ 127.117559, 36.806964 ], [ 127.117502, 36.806969 ], [ 127.117445, 36.806991 ], [ 127.117389, 36.80699 ], [ 127.117355, 36.806978 ], [ 127.117332, 36.806978 ], [ 127.117292, 36.807001 ], [ 127.117248, 36.807003 ], [ 127.117238, 36.807009 ], [ 127.117265, 36.807016 ], [ 127.117291, 36.807003 ], [ 127.117308, 36.807015 ], [ 127.117346, 36.807011 ], [ 127.117428, 36.807022 ], [ 127.117484, 36.807007 ], [ 127.117523, 36.807006 ], [ 127.117547, 36.807015 ], [ 127.117585, 36.807008 ], [ 127.117638, 36.807024 ], [ 127.117674, 36.807022 ] ] ] } },
{ "type": "Feature", "properties": { "id": 85447, "model": "road", "type": "1", "accuracy": "93.97", "area": "183.64", "address": "충청남도 천안시 동남구 봉명동 59-13", "region_code": "4413111300", "memo": "" }, "geometry": { "type": "Polygon", "coordinates": [ [ [ 127.137974, 36.806986 ], [ 127.138002, 36.806974 ], [ 127.137996, 36.806964 ], [ 127.13802, 36.806959 ], [ 127.13802, 36.806971 ], [ 127.138047, 36.806984 ], [ 127.138137, 36.806982 ], [ 127.138157, 36.806962 ], [ 127.138191, 36.806948 ], [ 127.138231, 36.806951 ], [ 127.13827, 36.806934 ], [ 127.13826, 36.806926 ], [ 127.138231, 36.806925 ], [ 127.138037, 36.806935 ], [ 127.137923, 36.806948 ], [ 127.137922, 36.806961 ], [ 127.137938, 36.806973 ], [ 127.137958, 36.806972 ], [ 127.137974, 36.806986 ] ] ] } },
{ "type": "Feature", "properties": { "id": 85448, "model": "road", "type": "2", "accuracy": "95.68", "area": "174.06", "address": "충청남도 천안시 서북구 불당동 778", "region_code": "4413310800", "memo": "" }, "geometry": { "type": "Polygon", "coordinates": [ [ [ 127.116641, 36.806981 ], [ 127.116793, 36.806966 ], [ 127.116848, 36.806968 ], [ 127.116875, 36.806955 ], [ 127.116882, 36.806941 ], [ 127.116844, 36.806923 ], [ 127.116788, 36.806927 ], [ 127.116763, 36.806914 ], [ 127.116749, 36.806914 ], [ 127.116691, 36.806927 ], [ 127.116665, 36.806923 ], [ 127.116641, 36.806909 ], [ 127.116641, 36.806981 ] ] ] } },
{ "type": "Feature", "properties": { "id": 85449, "model": "road", "type": "1", "accuracy": "90.06", "area": "82.13", "address": "충청남도 천안시 동남구 봉명동 55-16", "region_code": "4413111300", "memo": "" }, "geometry": { "type": "Polygon", "coordinates": [ [ [ 127.139245, 36.806911 ], [ 127.139277, 36.806896 ], [ 127.139286, 36.806903 ], [ 127.139305, 36.806899 ], [ 127.139311, 36.806889 ], [ 127.139288, 36.806879 ], [ 127.139298, 36.806858 ], [ 127.139267, 36.806856 ], [ 127.139226, 36.806869 ], [ 127.139171, 36.806861 ], [ 127.139142, 36.806872 ], [ 127.139147, 36.806884 ], [ 127.139176, 36.806888 ], [ 127.139207, 36.806904 ], [ 127.139237, 36.806897 ], [ 127.139245, 36.806911 ] ] ] } },
{ "type": "Feature", "properties": { "id": 85450, "model": "road", "type": "1", "accuracy": "94.96", "area": "262.95", "address": "충청남도 천안시 동남구 봉명동 196-24", "region_code": "4413111300", "memo": "" }, "geometry": { "type": "Polygon", "coordinates": [ [ [ 127.139336, 36.80687 ], [ 127.139323, 36.806886 ], [ 127.139329, 36.806909 ], [ 127.139446, 36.806901 ], [ 127.13946, 36.806895 ], [ 127.139463, 36.806881 ], [ 127.139454, 36.806875 ], [ 127.139467, 36.806869 ], [ 127.139481, 36.806876 ], [ 127.139515, 36.806877 ], [ 127.139518, 36.806891 ], [ 127.139531, 36.806891 ], [ 127.139543, 36.806874 ], [ 127.139563, 36.806877 ], [ 127.139584, 36.806892 ], [ 127.139606, 36.806893 ], [ 127.139678, 36.806882 ], [ 127.139694, 36.806867 ], [ 127.139695, 36.806847 ], [ 127.13967, 36.806834 ], [ 127.139317, 36.806856 ], [ 127.139333, 36.806861 ], [ 127.139336, 36.80687 ] ] ] } },
{ "type": "Feature", "properties": { "id": 85451, "model": "road", "type": "1", "accuracy": "95.08", "area": "87.57", "address": "충청남도 천안시 동남구 봉명동 39-9", "region_code": "4413111300", "memo": "" }, "geometry": { "type": "Polygon", "coordinates": [ [ [ 127.139873, 36.806501 ], [ 127.139887, 36.806388 ], [ 127.139862, 36.806379 ], [ 127.139843, 36.80635 ], [ 127.139826, 36.806351 ], [ 127.139834, 36.806447 ], [ 127.139857, 36.806493 ], [ 127.139873, 36.806501 ] ] ] } },
{ "type": "Feature", "properties": { "id": 85452, "model": "road", "type": "1", "accuracy": "94.13", "area": "113.39", "address": "충청남도 천안시 동남구 봉명동 194-94", "region_code": "4413111300", "memo": "" }, "geometry": { "type": "Polygon", "coordinates": [ [ [ 127.142566, 36.805986 ], [ 127.142573, 36.805974 ], [ 127.142585, 36.805975 ], [ 127.142593, 36.805965 ], [ 127.142587, 36.805942 ], [ 127.14261, 36.805906 ], [ 127.142605, 36.80589 ], [ 127.142593, 36.805889 ], [ 127.142586, 36.805845 ], [ 127.142576, 36.805837 ], [ 127.1426, 36.805785 ], [ 127.142591, 36.805767 ], [ 127.142566, 36.805783 ], [ 127.142563, 36.805832 ], [ 127.142551, 36.805841 ], [ 127.142543, 36.805866 ], [ 127.142559, 36.805894 ], [ 127.142558, 36.805921 ], [ 127.142567, 36.805921 ], [ 127.142544, 36.805984 ], [ 127.14255, 36.80599 ], [ 127.142566, 36.805986 ] ] ] } },
{ "type": "Feature", "properties": { "id": 85453, "model": "road", "type": "1", "accuracy": "94.07", "area": "773.17", "address": "충청남도 천안시 동남구 봉명동 62-561", "region_code": "4413111300", "memo": "" }, "geometry": { "type": "Polygon", "coordinates": [ [ [ 127.136261, 36.80562 ], [ 127.136221, 36.805617 ], [ 127.136218, 36.805635 ], [ 127.136171, 36.805644 ], [ 127.136171, 36.805658 ], [ 127.136159, 36.805658 ], [ 127.136154, 36.80565 ], [ 127.136111, 36.805667 ], [ 127.136345, 36.805655 ], [ 127.136401, 36.805646 ], [ 127.13699, 36.80562 ], [ 127.137017, 36.8056 ], [ 127.137021, 36.805581 ], [ 127.137033, 36.805583 ], [ 127.137028, 36.805594 ], [ 127.137036, 36.8056 ], [ 127.137057, 36.805598 ], [ 127.137081, 36.805605 ], [ 127.137112, 36.805592 ], [ 127.137143, 36.805599 ], [ 127.137155, 36.805589 ], [ 127.137245, 36.805575 ], [ 127.137249, 36.805569 ], [ 127.137231, 36.805572 ], [ 127.137217, 36.805561 ], [ 127.137158, 36.805573 ], [ 127.137154, 36.805567 ], [ 127.13721, 36.805551 ], [ 127.137251, 36.805549 ], [ 127.137256, 36.805537 ], [ 127.137232, 36.805534 ], [ 127.137032, 36.805567 ], [ 127.136826, 36.805575 ], [ 127.136796, 36.805583 ], [ 127.136803, 36.805587 ], [ 127.136792, 36.805593 ], [ 127.136814, 36.805595 ], [ 127.136816, 36.805601 ], [ 127.136788, 36.805608 ], [ 127.136763, 36.805606 ], [ 127.13678, 36.80559 ], [ 127.136747, 36.805582 ], [ 127.13663, 36.805584 ], [ 127.136605, 36.80559 ], [ 127.136605, 36.80562 ], [ 127.136437, 36.80562 ], [ 127.136444, 36.805605 ], [ 127.136439, 36.805586 ], [ 127.1365, 36.805567 ], [ 127.136522, 36.805549 ], [ 127.13656, 36.805542 ], [ 127.136547, 36.805515 ], [ 127.136484, 36.805486 ], [ 127.136465, 36.805506 ], [ 127.136456, 36.805509 ], [ 127.136452, 36.805501 ], [ 127.136422, 36.805582 ], [ 127.136378, 36.8056 ], [ 127.136373, 36.805616 ], [ 127.136363, 36.805611 ], [ 127.136353, 36.80562 ], [ 127.136261, 36.80562 ] ] ] } },
{ "type": "Feature", "properties": { "id": 85454, "model": "road", "type": "1", "accuracy": "96.04", "area": "238.99", "address": "충청남도 천안시 동남구 봉명동 518", "region_code": "4413111300", "memo": "" }, "geometry": { "type": "Polygon", "coordinates": [ [ [ 127.13774, 36.805449 ], [ 127.137509, 36.805486 ], [ 127.137529, 36.805507 ], [ 127.137499, 36.80552 ], [ 127.137498, 36.805534 ], [ 127.137551, 36.805531 ], [ 127.137802, 36.805488 ], [ 127.137832, 36.805478 ], [ 127.137834, 36.805464 ], [ 127.137823, 36.805467 ], [ 127.137811, 36.805465 ], [ 127.137836, 36.805454 ], [ 127.137845, 36.805438 ], [ 127.137831, 36.805435 ], [ 127.137788, 36.805454 ], [ 127.13774, 36.805449 ] ] ] } },
{ "type": "Feature", "properties": { "id": 85455, "model": "road", "type": "1", "accuracy": "96.65", "area": "125.14", "address": "충청남도 천안시 동남구 봉명동 62-28", "region_code": "4413111300", "memo": "" }, "geometry": { "type": "Polygon", "coordinates": [ [ [ 127.136518, 36.805433 ], [ 127.136532, 36.80541 ], [ 127.136511, 36.805363 ], [ 127.136512, 36.805321 ], [ 127.136461, 36.805313 ], [ 127.136448, 36.805323 ], [ 127.136444, 36.805342 ], [ 127.136448, 36.805416 ], [ 127.136471, 36.805431 ], [ 127.136518, 36.805433 ] ] ] } },
{ "type": "Feature", "properties": { "id": 85456, "model": "road", "type": "1", "accuracy": "94.59", "area": "496.82", "address": "충청남도 천안시 동남구 봉명동 62-306", "region_code": "4413111300", "memo": "" }, "geometry": { "type": "Polygon", "coordinates": [ [ [ 127.138171, 36.805205 ], [ 127.138185, 36.805187 ], [ 127.138189, 36.805212 ], [ 127.13821, 36.805223 ], [ 127.138212, 36.805202 ], [ 127.138197, 36.805167 ], [ 127.13816, 36.805152 ], [ 127.138154, 36.805154 ], [ 127.138151, 36.805189 ], [ 127.138139, 36.805176 ], [ 127.138144, 36.805161 ], [ 127.138134, 36.805154 ], [ 127.138133, 36.805139 ], [ 127.138142, 36.805141 ], [ 127.138142, 36.805126 ], [ 127.1381, 36.80508 ], [ 127.138109, 36.805061 ], [ 127.138101, 36.805041 ], [ 127.13807, 36.80502 ], [ 127.138069, 36.805063 ], [ 127.138085, 36.805069 ], [ 127.138061, 36.80514 ], [ 127.138062, 36.805161 ], [ 127.138074, 36.805194 ], [ 127.1381, 36.805218 ], [ 127.138104, 36.805266 ], [ 127.138091, 36.805296 ], [ 127.138099, 36.805326 ], [ 127.138115, 36.805339 ], [ 127.138115, 36.805362 ], [ 127.138104, 36.805369 ], [ 127.138081, 36.805366 ], [ 127.138065, 36.805395 ], [ 127.138016, 36.805398 ], [ 127.137994, 36.805406 ], [ 127.137986, 36.805418 ], [ 127.137998, 36.805454 ], [ 127.138121, 36.805442 ], [ 127.138153, 36.805455 ], [ 127.138165, 36.805445 ], [ 127.138182, 36.805458 ], [ 127.138186, 36.805416 ], [ 127.138154, 36.805407 ], [ 127.138149, 36.805365 ], [ 127.13813, 36.805346 ], [ 127.138154, 36.805312 ], [ 127.138147, 36.805229 ], [ 127.138154, 36.805223 ], [ 127.138157, 36.805246 ], [ 127.138181, 36.805222 ], [ 127.138171, 36.805205 ] ] ] } },
{ "type": "Feature", "properties": { "id": 85458, "model": "road", "type": "1", "accuracy": "96.33", "area": "94.84", "address": "충청남도 천안시 서북구 불당동 740", "region_code": "4413310800", "memo": "" }, "geometry": { "type": "Polygon", "coordinates": [ [ [ 127.109888, 36.805232 ], [ 127.109823, 36.805116 ], [ 127.10981, 36.805106 ], [ 127.109794, 36.805135 ], [ 127.109813, 36.805207 ], [ 127.109807, 36.805232 ], [ 127.109888, 36.805232 ] ] ] } },
{ "type": "Feature", "properties": { "id": 85459, "model": "road", "type": "2", "accuracy": "93.92", "area": "85.46", "address": "충청남도 천안시 서북구 불당동 786", "region_code": "4413310800", "memo": "" }, "geometry": { "type": "Polygon", "coordinates": [ [ [ 127.11614, 36.804951 ], [ 127.116142, 36.804917 ], [ 127.116111, 36.804878 ], [ 127.116105, 36.804811 ], [ 127.116037, 36.804811 ], [ 127.116058, 36.804843 ], [ 127.116077, 36.804854 ], [ 127.116084, 36.80489 ], [ 127.116113, 36.804939 ], [ 127.116128, 36.804954 ], [ 127.11614, 36.804951 ] ] ] } },
{ "type": "Feature", "properties": { "id": 85461, "model": "road", "type": "1", "accuracy": "95.33", "area": "240.08", "address": "충청남도 천안시 동남구 봉명동 62-285", "region_code": "4413111300", "memo": "" }, "geometry": { "type": "Polygon", "coordinates": [ [ [ 127.135606, 36.804799 ], [ 127.135609, 36.804812 ], [ 127.135593, 36.804827 ], [ 127.13559, 36.804851 ], [ 127.135602, 36.804869 ], [ 127.13561, 36.804867 ], [ 127.13561, 36.804855 ], [ 127.135622, 36.804853 ], [ 127.135624, 36.804801 ], [ 127.135591, 36.804437 ], [ 127.135581, 36.804396 ], [ 127.13557, 36.804389 ], [ 127.135557, 36.804467 ], [ 127.135571, 36.804652 ], [ 127.135587, 36.804729 ], [ 127.135575, 36.804768 ], [ 127.135606, 36.804799 ] ] ] } },
{ "type": "Feature", "properties": { "id": 85463, "model": "road", "type": "1", "accuracy": "97.41", "area": "2158.21", "address": "충청남도 천안시 동남구 봉명동 40-154", "region_code": "4413111300", "memo": "" }, "geometry": { "type": "Polygon", "coordinates": [ [ [ 127.137844, 36.803957 ], [ 127.137825, 36.803892 ], [ 127.137841, 36.803882 ], [ 127.137841, 36.803869 ], [ 127.137814, 36.803852 ], [ 127.137816, 36.803803 ], [ 127.137807, 36.803796 ], [ 127.137807, 36.80374 ], [ 127.137777, 36.803737 ], [ 127.137776, 36.803707 ], [ 127.137742, 36.803727 ], [ 127.137754, 36.803751 ], [ 127.137741, 36.803766 ], [ 127.137721, 36.803776 ], [ 127.137685, 36.803767 ], [ 127.137668, 36.803782 ], [ 127.137705, 36.8038 ], [ 127.137748, 36.803855 ], [ 127.137743, 36.803871 ], [ 127.137752, 36.803876 ], [ 127.137752, 36.803901 ], [ 127.137764, 36.803912 ], [ 127.137753, 36.803953 ], [ 127.137764, 36.803958 ], [ 127.137766, 36.803987 ], [ 127.137778, 36.804002 ], [ 127.137789, 36.804051 ], [ 127.137809, 36.804074 ], [ 127.137801, 36.804112 ], [ 127.137821, 36.804195 ], [ 127.137819, 36.804229 ], [ 127.137821, 36.804234 ], [ 127.137856, 36.804234 ], [ 127.137856, 36.804275 ], [ 127.137847, 36.80429 ], [ 127.137851, 36.80433 ], [ 127.137864, 36.804356 ], [ 127.137867, 36.804401 ], [ 127.137882, 36.804422 ], [ 127.137889, 36.804493 ], [ 127.137925, 36.804599 ], [ 127.137931, 36.804662 ], [ 127.137954, 36.804748 ], [ 127.137938, 36.804788 ], [ 127.137884, 36.804817 ], [ 127.137876, 36.804845 ], [ 127.137842, 36.804843 ], [ 127.137814, 36.804858 ], [ 127.137795, 36.80488 ], [ 127.137783, 36.804918 ], [ 127.137798, 36.804944 ], [ 127.137946, 36.804932 ], [ 127.137989, 36.804946 ], [ 127.138026, 36.804974 ], [ 127.138066, 36.804986 ], [ 127.138094, 36.804934 ], [ 127.138094, 36.804874 ], [ 127.138063, 36.804788 ], [ 127.138037, 36.804788 ], [ 127.138048, 36.804743 ], [ 127.138049, 36.804662 ], [ 127.138042, 36.804643 ], [ 127.138022, 36.804624 ], [ 127.138024, 36.804573 ], [ 127.138001, 36.804546 ], [ 127.138001, 36.804521 ], [ 127.137976, 36.804496 ], [ 127.137978, 36.804441 ], [ 127.137956, 36.804406 ], [ 127.137959, 36.80435 ], [ 127.13794, 36.804319 ], [ 127.137942, 36.804283 ], [ 127.137954, 36.804257 ], [ 127.137949, 36.804234 ], [ 127.137921, 36.804234 ], [ 127.137925, 36.804218 ], [ 127.137914, 36.804208 ], [ 127.137913, 36.804192 ], [ 127.137899, 36.804186 ], [ 127.137904, 36.804137 ], [ 127.137881, 36.804095 ], [ 127.137888, 36.804024 ], [ 127.137872, 36.803995 ], [ 127.137865, 36.80396 ], [ 127.137844, 36.803957 ] ] ] } },
{ "type": "Feature", "properties": { "id": 85465, "model": "road", "type": "1", "accuracy": "93.48", "area": "100.35", "address": "충청남도 천안시 동남구 원성동 309-20", "region_code": "4413110700", "memo": "" }, "geometry": { "type": "Polygon", "coordinates": [ [ [ 127.155158, 36.804236 ], [ 127.155141, 36.804229 ], [ 127.155148, 36.804219 ], [ 127.155137, 36.804213 ], [ 127.15516, 36.80421 ], [ 127.155123, 36.804212 ], [ 127.155115, 36.804204 ], [ 127.155092, 36.804205 ], [ 127.15509, 36.804213 ], [ 127.155056, 36.804213 ], [ 127.155056, 36.80423 ], [ 127.155039, 36.804224 ], [ 127.155047, 36.80422 ], [ 127.15504, 36.804216 ], [ 127.154959, 36.804219 ], [ 127.154954, 36.804225 ], [ 127.154969, 36.804232 ], [ 127.154961, 36.804238 ], [ 127.154977, 36.804243 ], [ 127.155101, 36.804252 ], [ 127.155161, 36.804254 ], [ 127.155158, 36.804236 ] ] ] } },
{ "type": "Feature", "properties": { "id": 85466, "model": "road", "type": "1", "accuracy": "94.66", "area": "95.97", "address": "충청남도 천안시 동남구 봉명동 216-16", "region_code": "4413111300", "memo": "" }, "geometry": { "type": "Polygon", "coordinates": [ [ [ 127.135459, 36.804258 ], [ 127.135511, 36.804248 ], [ 127.135512, 36.804237 ], [ 127.135488, 36.804237 ], [ 127.135488, 36.804218 ], [ 127.135477, 36.804206 ], [ 127.135338, 36.804222 ], [ 127.135355, 36.804237 ], [ 127.135352, 36.804246 ], [ 127.135385, 36.804258 ], [ 127.135459, 36.804258 ] ] ] } },
{ "type": "Feature", "properties": { "id": 85468, "model": "road", "type": "2", "accuracy": "98.43", "area": "931.80", "address": "충청남도 천안시 서북구 불당동 831", "region_code": "4413310800", "memo": "" }, "geometry": { "type": "Polygon", "coordinates": [ [ [ 127.10926, 36.804154 ], [ 127.109191, 36.804169 ], [ 127.10918, 36.804154 ], [ 127.109162, 36.804153 ], [ 127.109041, 36.804178 ], [ 127.108894, 36.804195 ], [ 127.108892, 36.804351 ], [ 127.109056, 36.804303 ], [ 127.109236, 36.804275 ], [ 127.109236, 36.804264 ], [ 127.109408, 36.804263 ], [ 127.109408, 36.804248 ], [ 127.109394, 36.804229 ], [ 127.109377, 36.804229 ], [ 127.109342, 36.804211 ], [ 127.109359, 36.804193 ], [ 127.109343, 36.804151 ], [ 127.109305, 36.804158 ], [ 127.10926, 36.804154 ] ] ] } },
{ "type": "Feature", "properties": { "id": 85470, "model": "road", "type": "2", "accuracy": "96.42", "area": "129.74", "address": "충청남도 천안시 동남구 봉명동 216-15", "region_code": "4413111300", "memo": "" }, "geometry": { "type": "Polygon", "coordinates": [ [ [ 127.135683, 36.804131 ], [ 127.135785, 36.804108 ], [ 127.135877, 36.804107 ], [ 127.135907, 36.804087 ], [ 127.135905, 36.804068 ], [ 127.135893, 36.804058 ], [ 127.135876, 36.804057 ], [ 127.135625, 36.804121 ], [ 127.135631, 36.804135 ], [ 127.135683, 36.804131 ] ] ] } },
{ "type": "Feature", "properties": { "id": 85471, "model": "road", "type": "1", "accuracy": "96.14", "area": "110.89", "address": "충청남도 천안시 동남구 봉명동 216-15", "region_code": "4413111300", "memo": "" }, "geometry": { "type": "Polygon", "coordinates": [ [ [ 127.135519, 36.804099 ], [ 127.135557, 36.804094 ], [ 127.13557, 36.804083 ], [ 127.13557, 36.804042 ], [ 127.135554, 36.804018 ], [ 127.135548, 36.803986 ], [ 127.135535, 36.803969 ], [ 127.135523, 36.803967 ], [ 127.135496, 36.803974 ], [ 127.135494, 36.803998 ], [ 127.135512, 36.804084 ], [ 127.135519, 36.804099 ] ] ] } },
{ "type": "Feature", "properties": { "id": 85472, "model": "road", "type": "1", "accuracy": "96.96", "area": "2302.07", "address": "충청남도 천안시 동남구 봉명동 232", "region_code": "4413111300", "memo": "" }, "geometry": { "type": "Polygon", "coordinates": [ [ [ 127.136929, 36.803829 ], [ 127.136253, 36.804022 ], [ 127.135696, 36.804172 ], [ 127.135628, 36.804173 ], [ 127.135601, 36.804149 ], [ 127.13557, 36.804151 ], [ 127.13557, 36.804221 ], [ 127.13558, 36.804224 ], [ 127.135586, 36.804212 ], [ 127.13561, 36.804204 ], [ 127.135658, 36.804219 ], [ 127.135748, 36.80422 ], [ 127.135961, 36.804172 ], [ 127.136003, 36.804155 ], [ 127.13605, 36.80415 ], [ 127.136104, 36.804172 ], [ 127.136107, 36.804189 ], [ 127.136084, 36.804203 ], [ 127.136062, 36.804206 ], [ 127.136066, 36.804187 ], [ 127.136052, 36.804187 ], [ 127.136041, 36.804201 ], [ 127.136054, 36.804208 ], [ 127.136019, 36.804229 ], [ 127.136037, 36.804232 ], [ 127.136259, 36.804169 ], [ 127.136456, 36.804109 ], [ 127.13648, 36.804095 ], [ 127.136475, 36.804086 ], [ 127.136463, 36.804084 ], [ 127.136345, 36.804107 ], [ 127.13634, 36.8041 ], [ 127.136351, 36.80408 ], [ 127.136397, 36.804073 ], [ 127.136448, 36.804049 ], [ 127.136471, 36.80405 ], [ 127.136603, 36.804014 ], [ 127.136603, 36.804005 ], [ 127.136615, 36.804009 ], [ 127.136644, 36.804 ], [ 127.136656, 36.80398 ], [ 127.136693, 36.803986 ], [ 127.136726, 36.803972 ], [ 127.136772, 36.803964 ], [ 127.136783, 36.803955 ], [ 127.136824, 36.803949 ], [ 127.136836, 36.803934 ], [ 127.136894, 36.803903 ], [ 127.136913, 36.803903 ], [ 127.13698, 36.803872 ], [ 127.137088, 36.803846 ], [ 127.137119, 36.803832 ], [ 127.137119, 36.803861 ], [ 127.137133, 36.803866 ], [ 127.137119, 36.803871 ], [ 127.137119, 36.803887 ], [ 127.137074, 36.803922 ], [ 127.137077, 36.80393 ], [ 127.137117, 36.803923 ], [ 127.137119, 36.80389 ], [ 127.137154, 36.80389 ], [ 127.137179, 36.803853 ], [ 127.137217, 36.803821 ], [ 127.137213, 36.803753 ], [ 127.13718, 36.803755 ], [ 127.137128, 36.803773 ], [ 127.137105, 36.80377 ], [ 127.136929, 36.803829 ] ] ] } },
{ "type": "Feature", "properties": { "id": 85473, "model": "road", "type": "2", "accuracy": "97.22", "area": "306.79", "address": "충청남도 천안시 동남구 봉명동 40-206", "region_code": "4413111300", "memo": "" }, "geometry": { "type": "Polygon", "coordinates": [ [ [ 127.137187, 36.803948 ], [ 127.137253, 36.803926 ], [ 127.137272, 36.803911 ], [ 127.137314, 36.80391 ], [ 127.137394, 36.803893 ], [ 127.137533, 36.803846 ], [ 127.137612, 36.803828 ], [ 127.137651, 36.803805 ], [ 127.137656, 36.80379 ], [ 127.137628, 36.803786 ], [ 127.137557, 36.803803 ], [ 127.13746, 36.803836 ], [ 127.13723, 36.803892 ], [ 127.137119, 36.803931 ], [ 127.137119, 36.803958 ], [ 127.137181, 36.803958 ], [ 127.137187, 36.803948 ] ] ] } },
{ "type": "Feature", "properties": { "id": 85474, "model": "road", "type": "1", "accuracy": "96.5", "area": "681.69", "address": "충청남도 천안시 동남구 봉명동 216-15", "region_code": "4413111300", "memo": "" }, "geometry": { "type": "Polygon", "coordinates": [ [ [ 127.135672, 36.803921 ], [ 127.135956, 36.803883 ], [ 127.135961, 36.803821 ], [ 127.135938, 36.803821 ], [ 127.135892, 36.803764 ], [ 127.135907, 36.803741 ], [ 127.135916, 36.803699 ], [ 127.135866, 36.8037 ], [ 127.135759, 36.803719 ], [ 127.135751, 36.803734 ], [ 127.135764, 36.803765 ], [ 127.13575, 36.803803 ], [ 127.135732, 36.803821 ], [ 127.135627, 36.803822 ], [ 127.135648, 36.803906 ], [ 127.135672, 36.803921 ] ] ] } },
{ "type": "Feature", "properties": { "id": 85475, "model": "road", "type": "2", "accuracy": "94.51", "area": "139.10", "address": "충청남도 천안시 동남구 봉명동 216-1", "region_code": "4413111300", "memo": "" }, "geometry": { "type": "Polygon", "coordinates": [ [ [ 127.135017, 36.803767 ], [ 127.135091, 36.80374 ], [ 127.135144, 36.803708 ], [ 127.135183, 36.803674 ], [ 127.135183, 36.80366 ], [ 127.135173, 36.803657 ], [ 127.135057, 36.803725 ], [ 127.134972, 36.803739 ], [ 127.134898, 36.803739 ], [ 127.134888, 36.803746 ], [ 127.134892, 36.803756 ], [ 127.134921, 36.80377 ], [ 127.135017, 36.803767 ] ] ] } },
{ "type": "Feature", "properties": { "id": 85476, "model": "road", "type": "1", "accuracy": "97.29", "area": "1765.75", "address": "충청남도 천안시 동남구 봉명동 30-10", "region_code": "4413111300", "memo": "" }, "geometry": { "type": "Polygon", "coordinates": [ [ [ 127.136263, 36.803847 ], [ 127.136304, 36.803859 ], [ 127.136349, 36.803855 ], [ 127.136426, 36.803833 ], [ 127.136438, 36.803821 ], [ 127.136501, 36.803807 ], [ 127.136567, 36.803776 ], [ 127.136551, 36.803766 ], [ 127.136499, 36.80376 ], [ 127.136349, 36.803776 ], [ 127.136302, 36.80377 ], [ 127.136278, 36.803741 ], [ 127.136278, 36.803719 ], [ 127.136286, 36.803699 ], [ 127.13631, 36.803682 ], [ 127.136547, 36.803652 ], [ 127.136578, 36.803642 ], [ 127.136637, 36.803644 ], [ 127.136685, 36.803679 ], [ 127.136701, 36.803682 ], [ 127.136719, 36.803664 ], [ 127.136697, 36.803617 ], [ 127.136707, 36.803597 ], [ 127.136743, 36.803588 ], [ 127.136779, 36.80359 ], [ 127.136937, 36.80357 ], [ 127.136962, 36.803575 ], [ 127.136966, 36.803595 ], [ 127.13696, 36.803608 ], [ 127.136868, 36.803659 ], [ 127.136822, 36.803676 ], [ 127.136731, 36.80374 ], [ 127.136728, 36.803759 ], [ 127.136741, 36.803777 ], [ 127.136758, 36.803779 ], [ 127.136805, 36.803764 ], [ 127.136943, 36.803672 ], [ 127.136993, 36.803647 ], [ 127.137117, 36.803611 ], [ 127.137137, 36.803596 ], [ 127.137173, 36.803595 ], [ 127.137223, 36.80358 ], [ 127.137231, 36.803573 ], [ 127.137248, 36.803488 ], [ 127.137228, 36.803469 ], [ 127.137107, 36.803488 ], [ 127.137118, 36.803492 ], [ 127.137107, 36.803499 ], [ 127.137125, 36.803505 ], [ 127.137142, 36.803543 ], [ 127.137118, 36.803543 ], [ 127.137118, 36.803521 ], [ 127.137106, 36.803521 ], [ 127.137109, 36.803529 ], [ 127.137101, 36.803532 ], [ 127.137067, 36.803527 ], [ 127.13706, 36.803543 ], [ 127.13692, 36.803543 ], [ 127.136923, 36.803551 ], [ 127.136916, 36.803552 ], [ 127.136884, 36.80355 ], [ 127.136891, 36.803543 ], [ 127.136875, 36.803549 ], [ 127.136867, 36.803543 ], [ 127.136799, 36.803543 ], [ 127.136755, 36.803554 ], [ 127.136684, 36.803554 ], [ 127.136623, 36.803564 ], [ 127.136606, 36.80358 ], [ 127.136602, 36.803566 ], [ 127.136526, 36.803575 ], [ 127.136501, 36.803579 ], [ 127.136474, 36.803598 ], [ 127.136447, 36.803604 ], [ 127.136274, 36.803627 ], [ 127.136211, 36.803681 ], [ 127.136188, 36.80374 ], [ 127.136216, 36.803812 ], [ 127.136224, 36.803821 ], [ 127.136258, 36.803821 ], [ 127.136263, 36.803847 ] ] ] } },
{ "type": "Feature", "properties": { "id": 85477, "model": "road", "type": "2", "accuracy": "97.11", "area": "193.86", "address": "충청남도 천안시 동남구 봉명동 30-157", "region_code": "4413111300", "memo": "" }, "geometry": { "type": "Polygon", "coordinates": [ [ [ 127.137225, 36.803741 ], [ 127.13725, 36.803731 ], [ 127.137249, 36.803701 ], [ 127.137235, 36.803696 ], [ 127.137235, 36.80368 ], [ 127.137255, 36.803677 ], [ 127.137278, 36.803659 ], [ 127.137327, 36.803582 ], [ 127.137332, 36.803566 ], [ 127.137325, 36.803559 ], [ 127.137292, 36.803564 ], [ 127.137242, 36.803586 ], [ 127.137179, 36.803682 ], [ 127.137195, 36.803741 ], [ 127.137225, 36.803741 ] ] ] } },
{ "type": "Feature", "properties": { "id": 85478, "model": "road", "type": "1", "accuracy": "94.94", "area": "110.46", "address": "충청남도 천안시 서북구 불당동 1937", "region_code": "4413310800", "memo": "" }, "geometry": { "type": "Polygon", "coordinates": [ [ [ 127.10352, 36.803685 ], [ 127.103531, 36.803662 ], [ 127.103531, 36.803618 ], [ 127.103498, 36.803573 ], [ 127.103465, 36.803553 ], [ 127.103443, 36.803567 ], [ 127.103447, 36.803594 ], [ 127.10349, 36.80368 ], [ 127.103504, 36.803692 ], [ 127.10352, 36.803685 ] ] ] } },
{ "type": "Feature", "properties": { "id": 85479, "model": "road", "type": "1", "accuracy": "97.49", "area": "1114.33", "address": "충청남도 천안시 동남구 봉명동 30-39", "region_code": "4413111300", "memo": "" }, "geometry": { "type": "Polygon", "coordinates": [ [ [ 127.137621, 36.803418 ], [ 127.137536, 36.803396 ], [ 127.137453, 36.803398 ], [ 127.137437, 36.803406 ], [ 127.137368, 36.80351 ], [ 127.13736, 36.803543 ], [ 127.13738, 36.803543 ], [ 127.137478, 36.803512 ], [ 127.137531, 36.803518 ], [ 127.137563, 36.803534 ], [ 127.137585, 36.803563 ], [ 127.137581, 36.803618 ], [ 127.137553, 36.803651 ], [ 127.137479, 36.803677 ], [ 127.137292, 36.803726 ], [ 127.137303, 36.803744 ], [ 127.137327, 36.803744 ], [ 127.137343, 36.803755 ], [ 127.137347, 36.803774 ], [ 127.137377, 36.803787 ], [ 127.137487, 36.803774 ], [ 127.137504, 36.803759 ], [ 127.13757, 36.803739 ], [ 127.137592, 36.80374 ], [ 127.137598, 36.803733 ], [ 127.137636, 36.803733 ], [ 127.13765, 36.803723 ], [ 127.137659, 36.803696 ], [ 127.137606, 36.803693 ], [ 127.137596, 36.80364 ], [ 127.137609, 36.803629 ], [ 127.137637, 36.803625 ], [ 127.137652, 36.803611 ], [ 127.137672, 36.803542 ], [ 127.137762, 36.803539 ], [ 127.137757, 36.803526 ], [ 127.137734, 36.803515 ], [ 127.13773, 36.803523 ], [ 127.137718, 36.803521 ], [ 127.137726, 36.803509 ], [ 127.137699, 36.803468 ], [ 127.137664, 36.803439 ], [ 127.137621, 36.803418 ] ] ] } },
{ "type": "Feature", "properties": { "id": 85480, "model": "road", "type": "1", "accuracy": "95.58", "area": "121.07", "address": "충청남도 천안시 동남구 영성동 7-11", "region_code": "4413110500", "memo": "" }, "geometry": { "type": "Polygon", "coordinates": [ [ [ 127.152539, 36.80316 ], [ 127.152562, 36.803137 ], [ 127.152475, 36.803119 ], [ 127.152365, 36.803109 ], [ 127.152315, 36.803109 ], [ 127.152308, 36.803118 ], [ 127.152319, 36.803136 ], [ 127.152359, 36.803149 ], [ 127.152522, 36.803152 ], [ 127.152539, 36.80316 ] ] ] } },
{ "type": "Feature", "properties": { "id": 85481, "model": "road", "type": "2", "accuracy": "91.57", "area": "98.34", "address": "충청남도 천안시 동남구 봉명동 20-2", "region_code": "4413111300", "memo": "" }, "geometry": { "type": "Polygon", "coordinates": [ [ [ 127.138932, 36.802866 ], [ 127.138907, 36.802844 ], [ 127.138864, 36.802823 ], [ 127.138838, 36.802817 ], [ 127.138838, 36.802824 ], [ 127.138818, 36.802818 ], [ 127.138792, 36.802826 ], [ 127.138791, 36.802812 ], [ 127.138768, 36.802795 ], [ 127.138666, 36.802767 ], [ 127.13876, 36.802816 ], [ 127.138765, 36.80283 ], [ 127.138779, 36.802829 ], [ 127.138775, 36.802834 ], [ 127.138791, 36.802843 ], [ 127.138838, 36.802844 ], [ 127.138838, 36.802858 ], [ 127.138857, 36.802871 ], [ 127.138928, 36.802874 ], [ 127.138932, 36.802866 ] ] ] } },
{ "type": "Feature", "properties": { "id": 85482, "model": "road", "type": "2", "accuracy": "94.96", "area": "101.73", "address": "충청남도 천안시 동남구 봉명동 20-2", "region_code": "4413111300", "memo": "" }, "geometry": { "type": "Polygon", "coordinates": [ [ [ 127.138499, 36.802713 ], [ 127.138543, 36.802714 ], [ 127.138543, 36.802708 ], [ 127.138528, 36.802687 ], [ 127.138471, 36.802657 ], [ 127.138406, 36.802631 ], [ 127.138376, 36.802629 ], [ 127.138368, 36.80264 ], [ 127.138371, 36.802654 ], [ 127.138397, 36.80267 ], [ 127.138437, 36.802682 ], [ 127.138456, 36.802702 ], [ 127.138499, 36.802713 ] ] ] } },
{ "type": "Feature", "properties": { "id": 85483, "model": "road", "type": "1", "accuracy": "89.69", "area": "107.07", "address": "충청남도 천안시 서북구 불당동 1372", "region_code": "4413310800", "memo": "" }, "geometry": { "type": "Polygon", "coordinates": [ [ [ 127.107015, 36.801282 ], [ 127.107026, 36.801264 ], [ 127.107015, 36.801247 ], [ 127.106897, 36.801236 ], [ 127.106885, 36.801226 ], [ 127.106855, 36.801234 ], [ 127.106835, 36.801219 ], [ 127.106811, 36.801228 ], [ 127.106792, 36.801215 ], [ 127.106777, 36.801215 ], [ 127.106763, 36.801222 ], [ 127.106759, 36.801241 ], [ 127.106746, 36.801243 ], [ 127.106837, 36.801247 ], [ 127.106858, 36.801239 ], [ 127.106872, 36.801248 ], [ 127.106892, 36.801244 ], [ 127.106898, 36.801263 ], [ 127.106925, 36.801277 ], [ 127.106976, 36.801272 ], [ 127.107015, 36.801282 ] ] ] } },
{ "type": "Feature", "properties": { "id": 85484, "model": "road", "type": "2", "accuracy": "95.53", "area": "136.94", "address": "충청남도 천안시 동남구 다가동 555-1", "region_code": "4413111400", "memo": "" }, "geometry": { "type": "Polygon", "coordinates": [ [ [ 127.145453, 36.801167 ], [ 127.14552, 36.801068 ], [ 127.145547, 36.801044 ], [ 127.145543, 36.801031 ], [ 127.145589, 36.800976 ], [ 127.145586, 36.800964 ], [ 127.145595, 36.80095 ], [ 127.14559, 36.800943 ], [ 127.145575, 36.800951 ], [ 127.14551, 36.801042 ], [ 127.145489, 36.801051 ], [ 127.145401, 36.80116 ], [ 127.145408, 36.801168 ], [ 127.145453, 36.801167 ] ] ] } },
{ "type": "Feature", "properties": { "id": 85485, "model": "road", "type": "2", "accuracy": "96.41", "area": "616.96", "address": "충청남도 천안시 서북구 쌍용동 1178", "region_code": "4413310700", "memo": "" }, "geometry": { "type": "Polygon", "coordinates": [ [ [ 127.131368, 36.801051 ], [ 127.131344, 36.801016 ], [ 127.131349, 36.800995 ], [ 127.131336, 36.800964 ], [ 127.131342, 36.800937 ], [ 127.131327, 36.800931 ], [ 127.131326, 36.80092 ], [ 127.131267, 36.80092 ], [ 127.131268, 36.800966 ], [ 127.131282, 36.801003 ], [ 127.131281, 36.801058 ], [ 127.131298, 36.801089 ], [ 127.131301, 36.801112 ], [ 127.131265, 36.801148 ], [ 127.13124, 36.80116 ], [ 127.131214, 36.801159 ], [ 127.1312, 36.801145 ], [ 127.131203, 36.80113 ], [ 127.131172, 36.801117 ], [ 127.131172, 36.801024 ], [ 127.131163, 36.800995 ], [ 127.13117, 36.800984 ], [ 127.131188, 36.800979 ], [ 127.131174, 36.80097 ], [ 127.131186, 36.800956 ], [ 127.131174, 36.800943 ], [ 127.131142, 36.800943 ], [ 127.131131, 36.80092 ], [ 127.131089, 36.80092 ], [ 127.13109, 36.801042 ], [ 127.131103, 36.801061 ], [ 127.1311, 36.801082 ], [ 127.131117, 36.80115 ], [ 127.13109, 36.801162 ], [ 127.13109, 36.801195 ], [ 127.131172, 36.801191 ], [ 127.131226, 36.801171 ], [ 127.131255, 36.801179 ], [ 127.131322, 36.801168 ], [ 127.131347, 36.801147 ], [ 127.131342, 36.80109 ], [ 127.131347, 36.801083 ], [ 127.131352, 36.801091 ], [ 127.131368, 36.801051 ] ] ] } },
{ "type": "Feature", "properties": { "id": 85486, "model": "road", "type": "2", "accuracy": "96.09", "area": "123.38", "address": "충청남도 천안시 동남구 구성동 85-2", "region_code": "4413110800", "memo": "" }, "geometry": { "type": "Polygon", "coordinates": [ [ [ 127.171223, 36.800777 ], [ 127.171225, 36.800767 ], [ 127.171194, 36.800752 ], [ 127.171134, 36.800737 ], [ 127.171089, 36.800712 ], [ 127.171017, 36.800654 ], [ 127.170983, 36.800644 ], [ 127.170994, 36.800682 ], [ 127.17107, 36.800738 ], [ 127.17115, 36.800773 ], [ 127.171193, 36.800783 ], [ 127.171223, 36.800777 ] ] ] } },
{ "type": "Feature", "properties": { "id": 85487, "model": "road", "type": "1", "accuracy": "95.01", "area": "117.84", "address": "충청남도 천안시 서북구 쌍용동 1257", "region_code": "4413310700", "memo": "" }, "geometry": { "type": "Polygon", "coordinates": [ [ [ 127.131405, 36.800816 ], [ 127.131401, 36.800748 ], [ 127.131378, 36.800681 ], [ 127.131378, 36.800653 ], [ 127.13137, 36.800643 ], [ 127.131332, 36.800643 ], [ 127.13133, 36.800634 ], [ 127.131313, 36.800635 ], [ 127.131305, 36.800643 ], [ 127.131309, 36.800659 ], [ 127.131339, 36.800687 ], [ 127.131338, 36.80072 ], [ 127.131367, 36.80075 ], [ 127.131376, 36.800799 ], [ 127.131393, 36.800821 ], [ 127.131405, 36.800816 ] ] ] } },
{ "type": "Feature", "properties": { "id": 85488, "model": "road", "type": "1", "accuracy": "91.06", "area": "112.77", "address": "충청남도 천안시 서북구 불당동 1372", "region_code": "4413310800", "memo": "" }, "geometry": { "type": "Polygon", "coordinates": [ [ [ 127.10706, 36.800527 ], [ 127.107067, 36.800508 ], [ 127.107095, 36.800492 ], [ 127.106998, 36.800481 ], [ 127.106975, 36.800481 ], [ 127.106953, 36.800491 ], [ 127.106934, 36.800479 ], [ 127.106919, 36.800479 ], [ 127.106914, 36.800489 ], [ 127.106911, 36.800478 ], [ 127.106899, 36.800473 ], [ 127.106857, 36.800481 ], [ 127.10684, 36.800477 ], [ 127.106826, 36.800489 ], [ 127.106827, 36.8005 ], [ 127.106836, 36.80049 ], [ 127.106838, 36.800511 ], [ 127.106852, 36.800511 ], [ 127.106862, 36.800501 ], [ 127.10688, 36.800515 ], [ 127.106899, 36.800515 ], [ 127.106905, 36.800494 ], [ 127.106923, 36.800516 ], [ 127.106954, 36.800499 ], [ 127.107043, 36.800528 ], [ 127.10706, 36.800527 ] ] ] } },
{ "type": "Feature", "properties": { "id": 85489, "model": "road", "type": "2", "accuracy": "94.63", "area": "76.57", "address": "충청남도 천안시 서북구 불당동 1442", "region_code": "4413310800", "memo": "" }, "geometry": { "type": "Polygon", "coordinates": [ [ [ 127.110982, 36.800106 ], [ 127.110958, 36.800082 ], [ 127.110958, 36.800065 ], [ 127.110937, 36.800063 ], [ 127.110901, 36.800042 ], [ 127.110871, 36.799998 ], [ 127.110836, 36.799979 ], [ 127.110814, 36.799987 ], [ 127.110838, 36.800019 ], [ 127.110886, 36.800048 ], [ 127.110955, 36.800109 ], [ 127.110985, 36.80012 ], [ 127.110982, 36.800106 ] ] ] } },
{ "type": "Feature", "properties": { "id": 85490, "model": "road", "type": "2", "accuracy": "96.01", "area": "86.01", "address": "충청남도 천안시 서북구 불당동 1442", "region_code": "4413310800", "memo": "" }, "geometry": { "type": "Polygon", "coordinates": [ [ [ 127.110744, 36.79991 ], [ 127.110719, 36.799871 ], [ 127.110665, 36.799834 ], [ 127.1106, 36.799834 ], [ 127.110653, 36.799881 ], [ 127.110686, 36.799892 ], [ 127.110687, 36.799902 ], [ 127.110714, 36.799924 ], [ 127.110744, 36.799929 ], [ 127.110744, 36.79991 ] ] ] } },
{ "type": "Feature", "properties": { "id": 85491, "model": "road", "type": "1", "accuracy": "93.53", "area": "79.62", "address": "충청남도 천안시 서북구 불당동 1411", "region_code": "4413310800", "memo": "" }, "geometry": { "type": "Polygon", "coordinates": [ [ [ 127.106921, 36.799862 ], [ 127.106937, 36.799847 ], [ 127.106919, 36.799825 ], [ 127.106886, 36.799811 ], [ 127.10682, 36.799806 ], [ 127.10682, 36.799837 ], [ 127.106809, 36.799837 ], [ 127.106806, 36.799849 ], [ 127.106859, 36.799859 ], [ 127.106876, 36.799855 ], [ 127.106897, 36.799865 ], [ 127.106921, 36.799862 ] ] ] } },
{ "type": "Feature", "properties": { "id": 85492, "model": "road", "type": "2", "accuracy": "95.91", "area": "162.34", "address": "충청남도 천안시 서북구 불당동 1442", "region_code": "4413310800", "memo": "" }, "geometry": { "type": "Polygon", "coordinates": [ [ [ 127.11055, 36.799776 ], [ 127.110558, 36.799765 ], [ 127.110513, 36.79971 ], [ 127.11048, 36.799677 ], [ 127.110449, 36.79968 ], [ 127.110441, 36.799668 ], [ 127.110447, 36.799644 ], [ 127.110379, 36.799572 ], [ 127.110356, 36.79956 ], [ 127.11034, 36.799582 ], [ 127.110406, 36.799667 ], [ 127.110445, 36.799696 ], [ 127.110507, 36.799763 ], [ 127.110532, 36.799781 ], [ 127.11055, 36.799776 ] ] ] } },
{ "type": "Feature", "properties": { "id": 85493, "model": "road", "type": "1", "accuracy": "92.92", "area": "113.44", "address": "충청남도 천안시 서북구 쌍용동 1901", "region_code": "4413310700", "memo": "" }, "geometry": { "type": "Polygon", "coordinates": [ [ [ 127.119896, 36.799409 ], [ 127.119988, 36.799409 ], [ 127.120072, 36.799391 ], [ 127.120128, 36.799387 ], [ 127.120138, 36.799381 ], [ 127.120142, 36.799359 ], [ 127.1201, 36.799353 ], [ 127.120072, 36.799359 ], [ 127.120072, 36.799366 ], [ 127.119951, 36.799375 ], [ 127.119904, 36.799395 ], [ 127.119896, 36.799409 ] ] ] } },
{ "type": "Feature", "properties": { "id": 85494, "model": "road", "type": "2", "accuracy": "94.94", "area": "103.79", "address": "충청남도 아산시 배방읍 장재리 2016", "region_code": "4420025331", "memo": "" }, "geometry": { "type": "Polygon", "coordinates": [ [ [ 127.104355, 36.799469 ], [ 127.104408, 36.79927 ], [ 127.1044, 36.799243 ], [ 127.104383, 36.799259 ], [ 127.104368, 36.79929 ], [ 127.104357, 36.799365 ], [ 127.104336, 36.79942 ], [ 127.10433, 36.799491 ], [ 127.104345, 36.799487 ], [ 127.104355, 36.799469 ] ] ] } },
{ "type": "Feature", "properties": { "id": 85495, "model": "road", "type": "1", "accuracy": "94.4", "area": "77.29", "address": "충청남도 천안시 서북구 쌍용동 1901", "region_code": "4413310700", "memo": "" }, "geometry": { "type": "Polygon", "coordinates": [ [ [ 127.120287, 36.799373 ], [ 127.120319, 36.799355 ], [ 127.120316, 36.799332 ], [ 127.120306, 36.799322 ], [ 127.12026, 36.799321 ], [ 127.120224, 36.799332 ], [ 127.120199, 36.799367 ], [ 127.120203, 36.799374 ], [ 127.120225, 36.79937 ], [ 127.120242, 36.799379 ], [ 127.120287, 36.799373 ] ] ] } },
{ "type": "Feature", "properties": { "id": 85496, "model": "road", "type": "2", "accuracy": "95.97", "area": "299.32", "address": "충청남도 천안시 서북구 불당동 1442", "region_code": "4413310800", "memo": "" }, "geometry": { "type": "Polygon", "coordinates": [ [ [ 127.109921, 36.798911 ], [ 127.109949, 36.79894 ], [ 127.109981, 36.799019 ], [ 127.110089, 36.799192 ], [ 127.110116, 36.799212 ], [ 127.110127, 36.799175 ], [ 127.110115, 36.79916 ], [ 127.1101, 36.799156 ], [ 127.110104, 36.799144 ], [ 127.110077, 36.799091 ], [ 127.110049, 36.799064 ], [ 127.110044, 36.799037 ], [ 127.110023, 36.799001 ], [ 127.109939, 36.798882 ], [ 127.109937, 36.798865 ], [ 127.109927, 36.798865 ], [ 127.109915, 36.79883 ], [ 127.109904, 36.798819 ], [ 127.109884, 36.798819 ], [ 127.109876, 36.798811 ], [ 127.109883, 36.798791 ], [ 127.109867, 36.79877 ], [ 127.109852, 36.798766 ], [ 127.109858, 36.798739 ], [ 127.10984, 36.798706 ], [ 127.109811, 36.798677 ], [ 127.10979, 36.798675 ], [ 127.109809, 36.798726 ], [ 127.10986, 36.798789 ], [ 127.109861, 36.798809 ], [ 127.10988, 36.798843 ], [ 127.109903, 36.798864 ], [ 127.109916, 36.798865 ], [ 127.109921, 36.798911 ] ] ] } },
{ "type": "Feature", "properties": { "id": 85498, "model": "road", "type": "1", "accuracy": "92.27", "area": "357.46", "address": "충청남도 천안시 서북구 쌍용동 210-57", "region_code": "4413310700", "memo": "" }, "geometry": { "type": "Polygon", "coordinates": [ [ [ 127.129198, 36.798131 ], [ 127.129252, 36.798175 ], [ 127.129275, 36.798205 ], [ 127.129305, 36.798199 ], [ 127.129319, 36.79821 ], [ 127.129341, 36.798203 ], [ 127.129385, 36.79824 ], [ 127.129404, 36.798245 ], [ 127.129415, 36.798239 ], [ 127.129418, 36.798227 ], [ 127.129329, 36.798154 ], [ 127.129257, 36.798154 ], [ 127.129261, 36.798143 ], [ 127.129244, 36.798118 ], [ 127.129252, 36.7981 ], [ 127.129236, 36.798078 ], [ 127.129077, 36.797947 ], [ 127.129043, 36.797931 ], [ 127.129035, 36.797952 ], [ 127.129045, 36.797968 ], [ 127.129033, 36.797983 ], [ 127.129041, 36.798006 ], [ 127.129076, 36.798025 ], [ 127.12909, 36.798018 ], [ 127.129099, 36.798021 ], [ 127.129085, 36.798049 ], [ 127.129101, 36.798061 ], [ 127.129119, 36.798058 ], [ 127.129128, 36.798083 ], [ 127.129167, 36.798096 ], [ 127.129177, 36.798113 ], [ 127.129195, 36.798097 ], [ 127.129198, 36.798084 ], [ 127.129206, 36.798086 ], [ 127.129213, 36.798101 ], [ 127.129225, 36.798105 ], [ 127.129198, 36.798131 ] ] ] } },
{ "type": "Feature", "properties": { "id": 85499, "model": "road", "type": "1", "accuracy": "94.47", "area": "83.00", "address": "충청남도 천안시 동남구 청수동 219-25", "region_code": "4413110900", "memo": "" }, "geometry": { "type": "Polygon", "coordinates": [ [ [ 127.153286, 36.797858 ], [ 127.153267, 36.797867 ], [ 127.153273, 36.797885 ], [ 127.153244, 36.797882 ], [ 127.153228, 36.797892 ], [ 127.153218, 36.797924 ], [ 127.153234, 36.797953 ], [ 127.153262, 36.797958 ], [ 127.153269, 36.797987 ], [ 127.153286, 36.797987 ], [ 127.153286, 36.797858 ] ] ] } },
{ "type": "Feature", "properties": { "id": 85500, "model": "road", "type": "1", "accuracy": "97.45", "area": "514.21", "address": "충청남도 천안시 동남구 사직동 289-28", "region_code": "4413110400", "memo": "" }, "geometry": { "type": "Polygon", "coordinates": [ [ [ 127.148044, 36.797499 ], [ 127.147824, 36.797484 ], [ 127.147767, 36.797471 ], [ 127.147737, 36.797475 ], [ 127.147711, 36.797463 ], [ 127.147692, 36.797477 ], [ 127.147699, 36.797487 ], [ 127.147686, 36.797515 ], [ 127.147693, 36.797526 ], [ 127.147724, 36.797524 ], [ 127.147743, 36.797531 ], [ 127.147752, 36.797578 ], [ 127.147786, 36.797573 ], [ 127.147817, 36.797531 ], [ 127.148285, 36.797562 ], [ 127.148368, 36.797561 ], [ 127.14836, 36.79754 ], [ 127.148302, 36.797518 ], [ 127.148168, 36.797512 ], [ 127.148106, 36.797499 ], [ 127.148075, 36.797509 ], [ 127.148044, 36.797499 ] ] ] } },
{ "type": "Feature", "properties": { "id": 85501, "model": "road", "type": "1", "accuracy": "96.42", "area": "132.07", "address": "충청남도 천안시 동남구 다가동 460-22", "region_code": "4413111400", "memo": "" }, "geometry": { "type": "Polygon", "coordinates": [ [ [ 127.135533, 36.796811 ], [ 127.135556, 36.796759 ], [ 127.135556, 36.796734 ], [ 127.135546, 36.796724 ], [ 127.135478, 36.796729 ], [ 127.135445, 36.796757 ], [ 127.135409, 36.796763 ], [ 127.135398, 36.79678 ], [ 127.135401, 36.796791 ], [ 127.135419, 36.796796 ], [ 127.135491, 36.796795 ], [ 127.135513, 36.796798 ], [ 127.135533, 36.796811 ] ] ] } },
{ "type": "Feature", "properties": { "id": 85502, "model": "road", "type": "1", "accuracy": "97.76", "area": "907.49", "address": "충청남도 천안시 서북구 쌍용동 380-23", "region_code": "4413310700", "memo": "" }, "geometry": { "type": "Polygon", "coordinates": [ [ [ 127.134121, 36.796715 ], [ 127.134132, 36.796702 ], [ 127.134251, 36.796704 ], [ 127.134531, 36.796728 ], [ 127.134558, 36.796737 ], [ 127.134598, 36.796734 ], [ 127.134629, 36.796742 ], [ 127.134664, 36.796741 ], [ 127.134649, 36.796723 ], [ 127.134679, 36.796717 ], [ 127.134696, 36.79672 ], [ 127.134696, 36.796751 ], [ 127.134815, 36.796761 ], [ 127.134873, 36.79676 ], [ 127.134894, 36.796749 ], [ 127.134902, 36.796735 ], [ 127.134901, 36.796715 ], [ 127.134886, 36.796702 ], [ 127.13424, 36.796642 ], [ 127.134196, 36.796631 ], [ 127.134005, 36.796617 ], [ 127.133962, 36.796623 ], [ 127.133966, 36.796642 ], [ 127.134007, 36.796652 ], [ 127.134008, 36.796662 ], [ 127.133996, 36.796667 ], [ 127.133988, 36.796662 ], [ 127.133962, 36.796673 ], [ 127.133985, 36.796678 ], [ 127.134004, 36.796677 ], [ 127.133999, 36.79667 ], [ 127.134008, 36.79667 ], [ 127.134008, 36.796709 ], [ 127.134019, 36.796706 ], [ 127.134027, 36.796689 ], [ 127.134087, 36.796696 ], [ 127.134086, 36.796716 ], [ 127.134121, 36.796715 ] ] ] } },
{ "type": "Feature", "properties": { "id": 85503, "model": "road", "type": "1", "accuracy": "91.65", "area": "109.85", "address": "충청남도 천안시 동남구 다가동 579", "region_code": "4413111400", "memo": "" }, "geometry": { "type": "Polygon", "coordinates": [ [ [ 127.141282, 36.796686 ], [ 127.141289, 36.796651 ], [ 127.141275, 36.796658 ], [ 127.141279, 36.79664 ], [ 127.141289, 36.796641 ], [ 127.141277, 36.796632 ], [ 127.141287, 36.796626 ], [ 127.141263, 36.796627 ], [ 127.141258, 36.796616 ], [ 127.141266, 36.796611 ], [ 127.141278, 36.796619 ], [ 127.141286, 36.796611 ], [ 127.14128, 36.796556 ], [ 127.14126, 36.796543 ], [ 127.141248, 36.796546 ], [ 127.141235, 36.796566 ], [ 127.141208, 36.796554 ], [ 127.14119, 36.796555 ], [ 127.141185, 36.796565 ], [ 127.141205, 36.796574 ], [ 127.14122, 36.796599 ], [ 127.141228, 36.796651 ], [ 127.141255, 36.796661 ], [ 127.141266, 36.796654 ], [ 127.141271, 36.796685 ], [ 127.141282, 36.796686 ] ] ] } },
{ "type": "Feature", "properties": { "id": 85504, "model": "road", "type": "1", "accuracy": "96.51", "area": "442.73", "address": "충청남도 천안시 동남구 용곡동 462-90", "region_code": "4413111500", "memo": "" }, "geometry": { "type": "Polygon", "coordinates": [ [ [ 127.133843, 36.796421 ], [ 127.133853, 36.796368 ], [ 127.133861, 36.796369 ], [ 127.133878, 36.796322 ], [ 127.133862, 36.79625 ], [ 127.133819, 36.796198 ], [ 127.133648, 36.796067 ], [ 127.133637, 36.79608 ], [ 127.133653, 36.796101 ], [ 127.133651, 36.796111 ], [ 127.133612, 36.796107 ], [ 127.133616, 36.796128 ], [ 127.133605, 36.796133 ], [ 127.133636, 36.796138 ], [ 127.133657, 36.796151 ], [ 127.133741, 36.796225 ], [ 127.133769, 36.796285 ], [ 127.133781, 36.796348 ], [ 127.133815, 36.796358 ], [ 127.133815, 36.796401 ], [ 127.133825, 36.796418 ], [ 127.133843, 36.796421 ] ] ] } },
{ "type": "Feature", "properties": { "id": 85505, "model": "road", "type": "2", "accuracy": "95.93", "area": "436.57", "address": "충청남도 천안시 동남구 구성동 503", "region_code": "4413110800", "memo": "" }, "geometry": { "type": "Polygon", "coordinates": [ [ [ 127.161322, 36.796182 ], [ 127.161332, 36.796144 ], [ 127.161349, 36.796133 ], [ 127.161342, 36.796128 ], [ 127.161346, 36.796111 ], [ 127.16141, 36.796078 ], [ 127.161406, 36.796067 ], [ 127.161421, 36.796056 ], [ 127.161412, 36.796038 ], [ 127.161371, 36.796038 ], [ 127.161303, 36.79605 ], [ 127.161295, 36.796058 ], [ 127.161249, 36.796049 ], [ 127.161217, 36.79606 ], [ 127.16116, 36.796045 ], [ 127.161114, 36.796051 ], [ 127.161087, 36.79604 ], [ 127.161027, 36.796039 ], [ 127.161027, 36.796005 ], [ 127.161005, 36.796001 ], [ 127.161, 36.796056 ], [ 127.160971, 36.796079 ], [ 127.160977, 36.796097 ], [ 127.160969, 36.796103 ], [ 127.160988, 36.796104 ], [ 127.161027, 36.796088 ], [ 127.161027, 36.796098 ], [ 127.161148, 36.796099 ], [ 127.161248, 36.796109 ], [ 127.161288, 36.796134 ], [ 127.161298, 36.796183 ], [ 127.161322, 36.796182 ] ] ] } },
{ "type": "Feature", "properties": { "id": 85506, "model": "road", "type": "1", "accuracy": "95.44", "area": "321.96", "address": "충청남도 천안시 동남구 다가동 9-26", "region_code": "4413111400", "memo": "" }, "geometry": { "type": "Polygon", "coordinates": [ [ [ 127.147854, 36.796086 ], [ 127.14786, 36.796143 ], [ 127.147852, 36.796164 ], [ 127.147869, 36.796179 ], [ 127.147847, 36.796186 ], [ 127.147837, 36.7962 ], [ 127.147832, 36.796268 ], [ 127.147862, 36.796276 ], [ 127.14788, 36.796264 ], [ 127.147891, 36.796233 ], [ 127.1479, 36.796118 ], [ 127.147912, 36.796093 ], [ 127.147908, 36.796065 ], [ 127.14792, 36.79602 ], [ 127.147925, 36.795932 ], [ 127.147905, 36.795899 ], [ 127.14791, 36.795842 ], [ 127.147894, 36.795846 ], [ 127.147886, 36.795888 ], [ 127.147877, 36.795884 ], [ 127.147876, 36.795918 ], [ 127.147862, 36.795918 ], [ 127.147854, 36.796086 ] ] ] } },
{ "type": "Feature", "properties": { "id": 85508, "model": "road", "type": "1", "accuracy": "96.12", "area": "684.42", "address": "충청남도 천안시 동남구 용곡동 산 47", "region_code": "4413111500", "memo": "" }, "geometry": { "type": "Polygon", "coordinates": [ [ [ 127.133037, 36.796062 ], [ 127.133047, 36.79607 ], [ 127.133052, 36.796059 ], [ 127.133055, 36.796067 ], [ 127.133134, 36.79607 ], [ 127.133146, 36.796065 ], [ 127.13316, 36.796071 ], [ 127.133183, 36.796065 ], [ 127.133184, 36.796073 ], [ 127.133224, 36.796073 ], [ 127.133214, 36.796057 ], [ 127.133185, 36.796057 ], [ 127.133196, 36.79603 ], [ 127.13317, 36.796018 ], [ 127.133146, 36.796017 ], [ 127.133146, 36.796034 ], [ 127.133107, 36.796026 ], [ 127.133098, 36.796035 ], [ 127.133097, 36.796057 ], [ 127.133074, 36.796058 ], [ 127.133078, 36.796011 ], [ 127.133031, 36.795995 ], [ 127.132942, 36.795907 ], [ 127.132861, 36.795848 ], [ 127.132849, 36.795773 ], [ 127.132776, 36.795766 ], [ 127.132738, 36.795723 ], [ 127.13273, 36.795669 ], [ 127.132707, 36.795659 ], [ 127.132674, 36.795659 ], [ 127.132666, 36.795715 ], [ 127.132656, 36.795717 ], [ 127.132664, 36.795744 ], [ 127.132963, 36.796027 ], [ 127.132993, 36.796048 ], [ 127.133021, 36.796056 ], [ 127.133029, 36.796074 ], [ 127.133037, 36.796062 ] ] ] } },
{ "type": "Feature", "properties": { "id": 85509, "model": "road", "type": "2", "accuracy": "94.69", "area": "83.46", "address": "충청남도 천안시 동남구 영성동 152-1", "region_code": "4413110500", "memo": "" }, "geometry": { "type": "Polygon", "coordinates": [ [ [ 127.150837, 36.795529 ], [ 127.15084, 36.795516 ], [ 127.150825, 36.795499 ], [ 127.150709, 36.795449 ], [ 127.15069, 36.795448 ], [ 127.150688, 36.795471 ], [ 127.150725, 36.795497 ], [ 127.150815, 36.795532 ], [ 127.150837, 36.795529 ] ] ] } },
{ "type": "Feature", "properties": { "id": 85510, "model": "road", "type": "1", "accuracy": "96.2", "area": "335.35", "address": "충청남도 천안시 동남구 용곡동 15-17", "region_code": "4413111500", "memo": "" }, "geometry": { "type": "Polygon", "coordinates": [ [ [ 127.147309, 36.795613 ], [ 127.147292, 36.795119 ], [ 127.147297, 36.795088 ], [ 127.147261, 36.795088 ], [ 127.147273, 36.795585 ], [ 127.147292, 36.795807 ], [ 127.147304, 36.795796 ], [ 127.147309, 36.795613 ] ] ] } },
{ "type": "Feature", "properties": { "id": 85511, "model": "road", "type": "2", "accuracy": "95.5", "area": "80.92", "address": "충청남도 천안시 동남구 다가동 460-12", "region_code": "4413111400", "memo": "" }, "geometry": { "type": "Polygon", "coordinates": [ [ [ 127.137593, 36.795329 ], [ 127.137659, 36.795302 ], [ 127.137691, 36.79528 ], [ 127.137711, 36.795253 ], [ 127.137711, 36.795238 ], [ 127.137676, 36.795238 ], [ 127.137647, 36.795269 ], [ 127.137585, 36.795297 ], [ 127.137567, 36.795316 ], [ 127.137567, 36.795329 ], [ 127.137593, 36.795329 ] ] ] } },
{ "type": "Feature", "properties": { "id": 85512, "model": "road", "type": "1", "accuracy": "94.42", "area": "317.25", "address": "충청남도 천안시 서북구 쌍용동 412-22", "region_code": "4413310700", "memo": "" }, "geometry": { "type": "Polygon", "coordinates": [ [ [ 127.122805, 36.795213 ], [ 127.122839, 36.7952 ], [ 127.122856, 36.79515 ], [ 127.12285, 36.795122 ], [ 127.122824, 36.795119 ], [ 127.122799, 36.795126 ], [ 127.122647, 36.795094 ], [ 127.122645, 36.795087 ], [ 127.12257, 36.795063 ], [ 127.122488, 36.795007 ], [ 127.122457, 36.794995 ], [ 127.122458, 36.795017 ], [ 127.122438, 36.795033 ], [ 127.122457, 36.795039 ], [ 127.122461, 36.795052 ], [ 127.122478, 36.795049 ], [ 127.122473, 36.795037 ], [ 127.122456, 36.795029 ], [ 127.122472, 36.795023 ], [ 127.122488, 36.79505 ], [ 127.122538, 36.795069 ], [ 127.122575, 36.795096 ], [ 127.122577, 36.795116 ], [ 127.122593, 36.795116 ], [ 127.122602, 36.795128 ], [ 127.122626, 36.795136 ], [ 127.122647, 36.795132 ], [ 127.122647, 36.795145 ], [ 127.122678, 36.795146 ], [ 127.122699, 36.795159 ], [ 127.122778, 36.795182 ], [ 127.122792, 36.795184 ], [ 127.122796, 36.795175 ], [ 127.1228, 36.795193 ], [ 127.122792, 36.795202 ], [ 127.122805, 36.795213 ] ] ] } },
{ "type": "Feature", "properties": { "id": 85513, "model": "road", "type": "2", "accuracy": "96.83", "area": "108.25", "address": "충청남도 천안시 동남구 다가동 27-27", "region_code": "4413111400", "memo": "" }, "geometry": { "type": "Polygon", "coordinates": [ [ [ 127.150972, 36.795044 ], [ 127.151012, 36.795017 ], [ 127.151063, 36.795023 ], [ 127.151078, 36.795017 ], [ 127.151081, 36.795006 ], [ 127.151069, 36.794994 ], [ 127.151009, 36.794971 ], [ 127.150937, 36.794985 ], [ 127.150926, 36.794994 ], [ 127.150941, 36.795015 ], [ 127.150931, 36.79504 ], [ 127.150941, 36.795049 ], [ 127.150972, 36.795044 ] ] ] } },
{ "type": "Feature", "properties": { "id": 85514, "model": "road", "type": "1", "accuracy": "95.3", "area": "198.00", "address": "충청남도 천안시 서북구 쌍용동 413-29", "region_code": "4413310700", "memo": "" }, "geometry": { "type": "Polygon", "coordinates": [ [ [ 127.122303, 36.794933 ], [ 127.122324, 36.794925 ], [ 127.122318, 36.794956 ], [ 127.122353, 36.794976 ], [ 127.122373, 36.794978 ], [ 127.122392, 36.795003 ], [ 127.122412, 36.79501 ], [ 127.122422, 36.794983 ], [ 127.12241, 36.794957 ], [ 127.122403, 36.794947 ], [ 127.122368, 36.794933 ], [ 127.122364, 36.794917 ], [ 127.12233, 36.794902 ], [ 127.12232, 36.794923 ], [ 127.122324, 36.794893 ], [ 127.122244, 36.794842 ], [ 127.122231, 36.794849 ], [ 127.122228, 36.794868 ], [ 127.122211, 36.794839 ], [ 127.122176, 36.794839 ], [ 127.12217, 36.79486 ], [ 127.122194, 36.794883 ], [ 127.122224, 36.794892 ], [ 127.122268, 36.794925 ], [ 127.122303, 36.794933 ] ] ] } },
{ "type": "Feature", "properties": { "id": 85515, "model": "road", "type": "2", "accuracy": "97.49", "area": "797.28", "address": "충청남도 천안시 동남구 다가동 27-1", "region_code": "4413111400", "memo": "" }, "geometry": { "type": "Polygon", "coordinates": [ [ [ 127.149922, 36.794387 ], [ 127.149918, 36.794373 ], [ 127.149967, 36.794343 ], [ 127.149965, 36.794324 ], [ 127.14994, 36.794322 ], [ 127.149881, 36.794335 ], [ 127.149772, 36.794186 ], [ 127.149729, 36.794142 ], [ 127.149717, 36.794142 ], [ 127.149713, 36.794157 ], [ 127.149792, 36.794254 ], [ 127.149841, 36.794334 ], [ 127.149949, 36.794456 ], [ 127.149977, 36.794478 ], [ 127.149981, 36.794495 ], [ 127.150139, 36.794676 ], [ 127.150168, 36.794704 ], [ 127.150182, 36.794703 ], [ 127.150183, 36.794722 ], [ 127.150387, 36.794943 ], [ 127.150393, 36.794962 ], [ 127.150527, 36.795115 ], [ 127.150742, 36.795347 ], [ 127.150846, 36.795434 ], [ 127.150944, 36.795489 ], [ 127.150944, 36.795466 ], [ 127.150866, 36.795416 ], [ 127.150767, 36.795334 ], [ 127.150666, 36.795223 ], [ 127.150655, 36.795222 ], [ 127.150653, 36.79521 ], [ 127.150569, 36.795115 ], [ 127.150539, 36.795086 ], [ 127.150527, 36.795091 ], [ 127.15052, 36.795059 ], [ 127.150283, 36.794792 ], [ 127.150267, 36.794783 ], [ 127.150182, 36.794674 ], [ 127.150159, 36.79466 ], [ 127.150065, 36.794542 ], [ 127.149922, 36.794387 ] ] ] } },
{ "type": "Feature", "properties": { "id": 85516, "model": "road", "type": "1", "accuracy": "96.54", "area": "247.02", "address": "충청남도 천안시 동남구 용곡동 21-3", "region_code": "4413111500", "memo": "" }, "geometry": { "type": "Polygon", "coordinates": [ [ [ 127.147218, 36.794354 ], [ 127.147239, 36.794647 ], [ 127.147244, 36.794656 ], [ 127.147261, 36.794649 ], [ 127.147268, 36.794619 ], [ 127.147256, 36.794389 ], [ 127.147243, 36.794353 ], [ 127.147247, 36.794257 ], [ 127.14718, 36.794258 ], [ 127.147176, 36.794346 ], [ 127.147218, 36.794354 ] ] ] } },
{ "type": "Feature", "properties": { "id": 85517, "model": "road", "type": "2", "accuracy": "96.28", "area": "88.29", "address": "충청남도 천안시 동남구 다가동 462-127", "region_code": "4413111400", "memo": "" }, "geometry": { "type": "Polygon", "coordinates": [ [ [ 127.149416, 36.79427 ], [ 127.149268, 36.794152 ], [ 127.149232, 36.794135 ], [ 127.149219, 36.794139 ], [ 127.149218, 36.79415 ], [ 127.149331, 36.794236 ], [ 127.149403, 36.79428 ], [ 127.149417, 36.79428 ], [ 127.149416, 36.79427 ] ] ] } },
{ "type": "Feature", "properties": { "id": 85518, "model": "road", "type": "1", "accuracy": "93.16", "area": "159.88", "address": "충청남도 천안시 동남구 다가동 5-57", "region_code": "4413111400", "memo": "" }, "geometry": { "type": "Polygon", "coordinates": [ [ [ 127.14905, 36.794229 ], [ 127.149027, 36.794208 ], [ 127.148952, 36.794174 ], [ 127.148925, 36.79417 ], [ 127.148904, 36.794154 ], [ 127.148809, 36.794126 ], [ 127.148766, 36.794104 ], [ 127.148749, 36.794103 ], [ 127.14873, 36.794118 ], [ 127.148762, 36.794143 ], [ 127.148831, 36.794171 ], [ 127.148887, 36.794183 ], [ 127.148925, 36.794175 ], [ 127.148933, 36.79419 ], [ 127.148928, 36.794199 ], [ 127.148956, 36.794215 ], [ 127.148975, 36.794216 ], [ 127.148976, 36.794228 ], [ 127.148994, 36.79423 ], [ 127.148994, 36.794243 ], [ 127.149003, 36.79424 ], [ 127.148996, 36.794237 ], [ 127.149, 36.79423 ], [ 127.149046, 36.794244 ], [ 127.14905, 36.794229 ] ] ] } },
{ "type": "Feature", "properties": { "id": 85519, "model": "road", "type": "1", "accuracy": "91.75", "area": "84.08", "address": "충청남도 천안시 동남구 다가동 462-83", "region_code": "4413111400", "memo": "" }, "geometry": { "type": "Polygon", "coordinates": [ [ [ 127.148446, 36.794113 ], [ 127.14846, 36.794101 ], [ 127.148449, 36.794093 ], [ 127.148472, 36.794086 ], [ 127.148492, 36.794062 ], [ 127.148504, 36.794069 ], [ 127.148516, 36.794063 ], [ 127.148516, 36.794087 ], [ 127.14855, 36.794091 ], [ 127.148573, 36.794086 ], [ 127.14859, 36.79406 ], [ 127.14857, 36.794049 ], [ 127.148543, 36.794059 ], [ 127.148512, 36.794049 ], [ 127.148437, 36.794044 ], [ 127.148421, 36.794065 ], [ 127.148425, 36.794079 ], [ 127.148445, 36.794093 ], [ 127.148444, 36.794108 ], [ 127.148432, 36.794112 ], [ 127.148446, 36.794113 ] ] ] } },
{ "type": "Feature", "properties": { "id": 85520, "model": "road", "type": "1", "accuracy": "96.41", "area": "116.41", "address": "충청남도 천안시 동남구 용곡동 462-75", "region_code": "4413111500", "memo": "" }, "geometry": { "type": "Polygon", "coordinates": [ [ [ 127.139683, 36.794068 ], [ 127.139575, 36.794054 ], [ 127.139527, 36.79404 ], [ 127.13947, 36.79399 ], [ 127.1394, 36.79399 ], [ 127.139454, 36.794032 ], [ 127.139502, 36.794056 ], [ 127.139595, 36.794081 ], [ 127.139683, 36.794088 ], [ 127.139683, 36.794068 ] ] ] } },
{ "type": "Feature", "properties": { "id": 85521, "model": "road", "type": "2", "accuracy": "96.62", "area": "85.38", "address": "충청남도 천안시 동남구 다가동 462-127", "region_code": "4413111400", "memo": "" }, "geometry": { "type": "Polygon", "coordinates": [ [ [ 127.149314, 36.793799 ], [ 127.149321, 36.793789 ], [ 127.149299, 36.793764 ], [ 127.149274, 36.79375 ], [ 127.149254, 36.793749 ], [ 127.149228, 36.79376 ], [ 127.149147, 36.793752 ], [ 127.149149, 36.793779 ], [ 127.149213, 36.793792 ], [ 127.149259, 36.793783 ], [ 127.149291, 36.793801 ], [ 127.149314, 36.793799 ] ] ] } },
{ "type": "Feature", "properties": { "id": 85522, "model": "road", "type": "2", "accuracy": "93.44", "area": "113.46", "address": "충청남도 천안시 동남구 다가동 462-127", "region_code": "4413111400", "memo": "" }, "geometry": { "type": "Polygon", "coordinates": [ [ [ 127.147873, 36.793841 ], [ 127.147877, 36.793584 ], [ 127.147868, 36.793564 ], [ 127.147852, 36.793575 ], [ 127.147858, 36.793598 ], [ 127.147842, 36.793622 ], [ 127.147838, 36.793662 ], [ 127.147841, 36.793717 ], [ 127.147855, 36.793753 ], [ 127.147853, 36.793841 ], [ 127.147873, 36.793841 ] ] ] } },
{ "type": "Feature", "properties": { "id": 85523, "model": "road", "type": "2", "accuracy": "95.81", "area": "116.45", "address": "충청남도 천안시 동남구 신방동 875", "region_code": "4413111600", "memo": "" }, "geometry": { "type": "Polygon", "coordinates": [ [ [ 127.131404, 36.79357 ], [ 127.1314, 36.793584 ], [ 127.131593, 36.793584 ], [ 127.131593, 36.793534 ], [ 127.131551, 36.793533 ], [ 127.131471, 36.793545 ], [ 127.131404, 36.79357 ] ] ] } },
{ "type": "Feature", "properties": { "id": 85524, "model": "road", "type": "2", "accuracy": "94.26", "area": "137.81", "address": "충청남도 천안시 동남구 신방동 899", "region_code": "4413111600", "memo": "" }, "geometry": { "type": "Polygon", "coordinates": [ [ [ 127.133001, 36.7935 ], [ 127.133142, 36.793494 ], [ 127.133142, 36.793462 ], [ 127.13306, 36.793462 ], [ 127.132919, 36.793477 ], [ 127.132847, 36.793473 ], [ 127.132821, 36.793477 ], [ 127.132807, 36.793487 ], [ 127.132821, 36.793499 ], [ 127.132873, 36.793502 ], [ 127.132923, 36.793488 ], [ 127.133001, 36.7935 ] ] ] } },
{ "type": "Feature", "properties": { "id": 85525, "model": "road", "type": "1", "accuracy": "94.98", "area": "201.04", "address": "충청남도 천안시 동남구 용곡동 462-16", "region_code": "4413111500", "memo": "" }, "geometry": { "type": "Polygon", "coordinates": [ [ [ 127.1388, 36.793559 ], [ 127.138786, 36.793528 ], [ 127.138701, 36.793493 ], [ 127.138438, 36.793438 ], [ 127.138305, 36.793421 ], [ 127.138305, 36.79345 ], [ 127.138431, 36.793463 ], [ 127.138594, 36.793503 ], [ 127.138677, 36.793509 ], [ 127.138745, 36.793529 ], [ 127.1388, 36.793559 ] ] ] } },
{ "type": "Feature", "properties": { "id": 85526, "model": "road", "type": "1", "accuracy": "96.36", "area": "91.68", "address": "충청남도 천안시 동남구 용곡동 462-16", "region_code": "4413111500", "memo": "" }, "geometry": { "type": "Polygon", "coordinates": [ [ [ 127.137974, 36.793443 ], [ 127.138162, 36.793437 ], [ 127.13817, 36.793425 ], [ 127.138166, 36.793416 ], [ 127.138149, 36.793411 ], [ 127.137986, 36.793411 ], [ 127.137966, 36.793416 ], [ 127.137952, 36.793435 ], [ 127.137974, 36.793443 ] ] ] } },
{ "type": "Feature", "properties": { "id": 85527, "model": "road", "type": "2", "accuracy": "90.96", "area": "197.26", "address": "충청남도 천안시 동남구 다가동 34-6", "region_code": "4413111400", "memo": "" }, "geometry": { "type": "Polygon", "coordinates": [ [ [ 127.147872, 36.793531 ], [ 127.147887, 36.793495 ], [ 127.147887, 36.793279 ], [ 127.147884, 36.793295 ], [ 127.147873, 36.793301 ], [ 127.147876, 36.793288 ], [ 127.14786, 36.793269 ], [ 127.147862, 36.79322 ], [ 127.147852, 36.793207 ], [ 127.147849, 36.793214 ], [ 127.147841, 36.79321 ], [ 127.147839, 36.793486 ], [ 127.147847, 36.793532 ], [ 127.147872, 36.793531 ] ] ] } },
{ "type": "Feature", "properties": { "id": 85528, "model": "road", "type": "1", "accuracy": "92.51", "area": "156.22", "address": "충청남도 천안시 동남구 용곡동 315-1", "region_code": "4413111500", "memo": "" }, "geometry": { "type": "Polygon", "coordinates": [ [ [ 127.141703, 36.793157 ], [ 127.141707, 36.793134 ], [ 127.141684, 36.793116 ], [ 127.141624, 36.7931 ], [ 127.141606, 36.793065 ], [ 127.141577, 36.793037 ], [ 127.141527, 36.793031 ], [ 127.141516, 36.793038 ], [ 127.141534, 36.793051 ], [ 127.141556, 36.793095 ], [ 127.141608, 36.793157 ], [ 127.141703, 36.793157 ] ] ] } },
{ "type": "Feature", "properties": { "id": 85529, "model": "road", "type": "2", "accuracy": "95.4", "area": "349.29", "address": "충청남도 천안시 동남구 구성동 388-71", "region_code": "4413110800", "memo": "" }, "geometry": { "type": "Polygon", "coordinates": [ [ [ 127.158369, 36.793023 ], [ 127.158583, 36.793036 ], [ 127.1587, 36.793026 ], [ 127.158739, 36.793037 ], [ 127.158796, 36.793031 ], [ 127.158871, 36.793036 ], [ 127.158956, 36.793027 ], [ 127.158955, 36.792997 ], [ 127.158902, 36.792998 ], [ 127.158887, 36.793004 ], [ 127.158755, 36.792998 ], [ 127.158696, 36.793006 ], [ 127.158684, 36.792999 ], [ 127.158633, 36.792997 ], [ 127.158427, 36.792998 ], [ 127.158411, 36.792991 ], [ 127.158313, 36.792986 ], [ 127.158275, 36.793 ], [ 127.158267, 36.793013 ], [ 127.158303, 36.793027 ], [ 127.158369, 36.793023 ] ] ] } },
{ "type": "Feature", "properties": { "id": 85530, "model": "road", "type": "1", "accuracy": "93.93", "area": "132.52", "address": "충청남도 천안시 동남구 용곡동 576", "region_code": "4413111500", "memo": "" }, "geometry": { "type": "Polygon", "coordinates": [ [ [ 127.135588, 36.793043 ], [ 127.135618, 36.793037 ], [ 127.135622, 36.793026 ], [ 127.135541, 36.792983 ], [ 127.135439, 36.792897 ], [ 127.135413, 36.792885 ], [ 127.135402, 36.792891 ], [ 127.1354, 36.792908 ], [ 127.135408, 36.79292 ], [ 127.135475, 36.792977 ], [ 127.135544, 36.793026 ], [ 127.135575, 36.793026 ], [ 127.135576, 36.793037 ], [ 127.135588, 36.793043 ] ] ] } },
{ "type": "Feature", "properties": { "id": 85531, "model": "road", "type": "2", "accuracy": "97", "area": "91.48", "address": "충청남도 천안시 동남구 용곡동 474-50", "region_code": "4413111500", "memo": "" }, "geometry": { "type": "Polygon", "coordinates": [ [ [ 127.133349, 36.792965 ], [ 127.133406, 36.79294 ], [ 127.133481, 36.792882 ], [ 127.133504, 36.792858 ], [ 127.1335, 36.792847 ], [ 127.133449, 36.79286 ], [ 127.133416, 36.79289 ], [ 127.133353, 36.792928 ], [ 127.133343, 36.79296 ], [ 127.133349, 36.792965 ] ] ] } },
{ "type": "Feature", "properties": { "id": 85532, "model": "road", "type": "1", "accuracy": "95.02", "area": "343.10", "address": "충청남도 아산시 배방읍 장재리 273-9", "region_code": "4420025331", "memo": "" }, "geometry": { "type": "Polygon", "coordinates": [ [ [ 127.105462, 36.792781 ], [ 127.10544, 36.792802 ], [ 127.105448, 36.792828 ], [ 127.105443, 36.792859 ], [ 127.105423, 36.792897 ], [ 127.105425, 36.792943 ], [ 127.105411, 36.792956 ], [ 127.105412, 36.792986 ], [ 127.105388, 36.793031 ], [ 127.105395, 36.793056 ], [ 127.105356, 36.793056 ], [ 127.105366, 36.793068 ], [ 127.105387, 36.793069 ], [ 127.105373, 36.793138 ], [ 127.105353, 36.793151 ], [ 127.105371, 36.793192 ], [ 127.105388, 36.793171 ], [ 127.105401, 36.793129 ], [ 127.105491, 36.792774 ], [ 127.105502, 36.792699 ], [ 127.105491, 36.792673 ], [ 127.10553, 36.792594 ], [ 127.105524, 36.792539 ], [ 127.105512, 36.792524 ], [ 127.105487, 36.792517 ], [ 127.105467, 36.79252 ], [ 127.10548, 36.792575 ], [ 127.105471, 36.792641 ], [ 127.105453, 36.792641 ], [ 127.105472, 36.792647 ], [ 127.105476, 36.792667 ], [ 127.105465, 36.79269 ], [ 127.105484, 36.792698 ], [ 127.105486, 36.792706 ], [ 127.105474, 36.79274 ], [ 127.105451, 36.792754 ], [ 127.105462, 36.792781 ] ] ] } },
{ "type": "Feature", "properties": { "id": 85533, "model": "road", "type": "2", "accuracy": "94.92", "area": "152.67", "address": "충청남도 천안시 서북구 쌍용동 1564", "region_code": "4413310700", "memo": "" }, "geometry": { "type": "Polygon", "coordinates": [ [ [ 127.11855, 36.792767 ], [ 127.118673, 36.79278 ], [ 127.118679, 36.792771 ], [ 127.118702, 36.792767 ], [ 127.118701, 36.792773 ], [ 127.118721, 36.792787 ], [ 127.118775, 36.792792 ], [ 127.118783, 36.792786 ], [ 127.11878, 36.792778 ], [ 127.118753, 36.792767 ], [ 127.118729, 36.792767 ], [ 127.118725, 36.792757 ], [ 127.118706, 36.792758 ], [ 127.118668, 36.792738 ], [ 127.118512, 36.792708 ], [ 127.118513, 36.792754 ], [ 127.118539, 36.792758 ], [ 127.11855, 36.792767 ] ] ] } },
{ "type": "Feature", "properties": { "id": 85534, "model": "road", "type": "2", "accuracy": "94.44", "area": "210.07", "address": "충청남도 천안시 서북구 쌍용동 1568-1", "region_code": "4413310700", "memo": "" }, "geometry": { "type": "Polygon", "coordinates": [ [ [ 127.115602, 36.792698 ], [ 127.115647, 36.792683 ], [ 127.115661, 36.792691 ], [ 127.11579, 36.79269 ], [ 127.115924, 36.79266 ], [ 127.115973, 36.792667 ], [ 127.116022, 36.792663 ], [ 127.11604, 36.792659 ], [ 127.116047, 36.792649 ], [ 127.11603, 36.792636 ], [ 127.116009, 36.792633 ], [ 127.11595, 36.792641 ], [ 127.115931, 36.792652 ], [ 127.115903, 36.792645 ], [ 127.115877, 36.792652 ], [ 127.115853, 36.792643 ], [ 127.115802, 36.792644 ], [ 127.115709, 36.792654 ], [ 127.115671, 36.79267 ], [ 127.1156, 36.792666 ], [ 127.115567, 36.792678 ], [ 127.115568, 36.792699 ], [ 127.115602, 36.792698 ] ] ] } },
{ "type": "Feature", "properties": { "id": 85535, "model": "road", "type": "2", "accuracy": "96.33", "area": "218.94", "address": "충청남도 천안시 서북구 쌍용동 1564", "region_code": "4413310700", "memo": "" }, "geometry": { "type": "Polygon", "coordinates": [ [ [ 127.117613, 36.792649 ], [ 127.117641, 36.792636 ], [ 127.11778, 36.792646 ], [ 127.117785, 36.792618 ], [ 127.117804, 36.792614 ], [ 127.117669, 36.792592 ], [ 127.117634, 36.7926 ], [ 127.117602, 36.792587 ], [ 127.117568, 36.792592 ], [ 127.11748, 36.792586 ], [ 127.11748, 36.792643 ], [ 127.117582, 36.792639 ], [ 127.117613, 36.792649 ] ] ] } },
{ "type": "Feature", "properties": { "id": 85536, "model": "road", "type": "1", "accuracy": "97.07", "area": "673.60", "address": "충청남도 천안시 동남구 다가동 582", "region_code": "4413111400", "memo": "" }, "geometry": { "type": "Polygon", "coordinates": [ [ [ 127.148566, 36.792546 ], [ 127.148575, 36.792517 ], [ 127.148603, 36.792499 ], [ 127.148591, 36.79245 ], [ 127.148608, 36.792434 ], [ 127.148629, 36.792435 ], [ 127.148629, 36.792483 ], [ 127.148678, 36.792473 ], [ 127.148726, 36.792494 ], [ 127.148731, 36.79248 ], [ 127.148661, 36.792414 ], [ 127.148611, 36.792395 ], [ 127.148573, 36.792366 ], [ 127.148494, 36.792351 ], [ 127.148467, 36.792356 ], [ 127.148429, 36.792348 ], [ 127.148395, 36.792356 ], [ 127.148361, 36.792354 ], [ 127.148345, 36.792376 ], [ 127.148345, 36.792408 ], [ 127.148321, 36.792416 ], [ 127.148314, 36.792463 ], [ 127.148329, 36.79247 ], [ 127.148443, 36.792478 ], [ 127.148486, 36.7925 ], [ 127.148543, 36.792547 ], [ 127.148555, 36.792552 ], [ 127.148566, 36.792546 ] ] ] } },
{ "type": "Feature", "properties": { "id": 85537, "model": "road", "type": "2", "accuracy": "96.59", "area": "179.56", "address": "충청남도 천안시 동남구 용곡동 474-63", "region_code": "4413111500", "memo": "" }, "geometry": { "type": "Polygon", "coordinates": [ [ [ 127.133356, 36.792299 ], [ 127.133483, 36.792233 ], [ 127.133547, 36.792214 ], [ 127.133556, 36.792197 ], [ 127.133483, 36.792194 ], [ 127.133421, 36.792216 ], [ 127.133403, 36.792232 ], [ 127.133351, 36.792243 ], [ 127.133315, 36.79223 ], [ 127.133289, 36.792241 ], [ 127.133278, 36.792262 ], [ 127.133292, 36.792277 ], [ 127.13334, 36.792301 ], [ 127.133356, 36.792299 ] ] ] } },
{ "type": "Feature", "properties": { "id": 85538, "model": "road", "type": "1", "accuracy": "96.29", "area": "159.44", "address": "충청남도 천안시 동남구 다가동 30-1", "region_code": "4413111400", "memo": "" }, "geometry": { "type": "Polygon", "coordinates": [ [ [ 127.149719, 36.791984 ], [ 127.149581, 36.791792 ], [ 127.14956, 36.79178 ], [ 127.149539, 36.791782 ], [ 127.149608, 36.791901 ], [ 127.149627, 36.791916 ], [ 127.14969, 36.792013 ], [ 127.149709, 36.792024 ], [ 127.149724, 36.792013 ], [ 127.149719, 36.791984 ] ] ] } },
{ "type": "Feature", "properties": { "id": 85539, "model": "road", "type": "1", "accuracy": "97.05", "area": "1555.64", "address": "충청남도 천안시 동남구 다가동 583", "region_code": "4413111400", "memo": "" }, "geometry": { "type": "Polygon", "coordinates": [ [ [ 127.147795, 36.790808 ], [ 127.147946, 36.791728 ], [ 127.147947, 36.791992 ], [ 127.147952, 36.792133 ], [ 127.147961, 36.79218 ], [ 127.147969, 36.792525 ], [ 127.147985, 36.792556 ], [ 127.148004, 36.792561 ], [ 127.148014, 36.792506 ], [ 127.148034, 36.792483 ], [ 127.148081, 36.79247 ], [ 127.148245, 36.792464 ], [ 127.148255, 36.792435 ], [ 127.148251, 36.792366 ], [ 127.14824, 36.792352 ], [ 127.148049, 36.792346 ], [ 127.148019, 36.792332 ], [ 127.147999, 36.792301 ], [ 127.147976, 36.79168 ], [ 127.147828, 36.790774 ], [ 127.147819, 36.790722 ], [ 127.147809, 36.790716 ], [ 127.147792, 36.790733 ], [ 127.147801, 36.790775 ], [ 127.147795, 36.790808 ] ] ] } },
{ "type": "Feature", "properties": { "id": 85540, "model": "road", "type": "1", "accuracy": "93.07", "area": "94.41", "address": "충청남도 천안시 동남구 신방동 899", "region_code": "4413111600", "memo": "" }, "geometry": { "type": "Polygon", "coordinates": [ [ [ 127.131841, 36.791619 ], [ 127.131904, 36.791619 ], [ 127.132103, 36.791611 ], [ 127.132106, 36.791588 ], [ 127.131851, 36.791595 ], [ 127.131844, 36.7916 ], [ 127.13186, 36.791614 ], [ 127.131841, 36.791619 ] ] ] } },
{ "type": "Feature", "properties": { "id": 85541, "model": "road", "type": "1", "accuracy": "97.07", "area": "586.03", "address": "충청남도 천안시 동남구 다가동 582", "region_code": "4413111400", "memo": "" }, "geometry": { "type": "Polygon", "coordinates": [ [ [ 127.148928, 36.791487 ], [ 127.148935, 36.791476 ], [ 127.148974, 36.79147 ], [ 127.148974, 36.791487 ], [ 127.149018, 36.79149 ], [ 127.149028, 36.791536 ], [ 127.149042, 36.791548 ], [ 127.149081, 36.791544 ], [ 127.149106, 36.79155 ], [ 127.149128, 36.791567 ], [ 127.149161, 36.791577 ], [ 127.149174, 36.791575 ], [ 127.149186, 36.791562 ], [ 127.149165, 36.79152 ], [ 127.149159, 36.791464 ], [ 127.149143, 36.791426 ], [ 127.149097, 36.791381 ], [ 127.149078, 36.791381 ], [ 127.148961, 36.791434 ], [ 127.148886, 36.791451 ], [ 127.148842, 36.791444 ], [ 127.1488, 36.791423 ], [ 127.148734, 36.791373 ], [ 127.148706, 36.791337 ], [ 127.148633, 36.791338 ], [ 127.148637, 36.791353 ], [ 127.148684, 36.791375 ], [ 127.148793, 36.791458 ], [ 127.148861, 36.791479 ], [ 127.148861, 36.791487 ], [ 127.148928, 36.791487 ] ] ] } },
{ "type": "Feature", "properties": { "id": 85542, "model": "road", "type": "1", "accuracy": "97.05", "area": "243.37", "address": "충청남도 천안시 동남구 다가동 54-1", "region_code": "4413111400", "memo": "" }, "geometry": { "type": "Polygon", "coordinates": [ [ [ 127.149276, 36.791435 ], [ 127.149357, 36.791514 ], [ 127.149377, 36.791507 ], [ 127.149276, 36.791348 ], [ 127.14926, 36.79134 ], [ 127.149236, 36.791348 ], [ 127.149195, 36.791348 ], [ 127.149179, 36.79134 ], [ 127.149143, 36.791348 ], [ 127.149143, 36.791375 ], [ 127.149187, 36.791431 ], [ 127.149276, 36.791435 ] ] ] } },
{ "type": "Feature", "properties": { "id": 85543, "model": "road", "type": "2", "accuracy": "96.13", "area": "148.04", "address": "충청남도 천안시 서북구 쌍용동 2043", "region_code": "4413310700", "memo": "" }, "geometry": { "type": "Polygon", "coordinates": [ [ [ 127.1245, 36.79145 ], [ 127.124577, 36.791429 ], [ 127.124628, 36.791394 ], [ 127.124691, 36.791367 ], [ 127.124718, 36.791342 ], [ 127.124706, 36.791335 ], [ 127.124685, 36.791339 ], [ 127.124601, 36.791369 ], [ 127.124515, 36.79141 ], [ 127.12444, 36.79143 ], [ 127.124426, 36.791443 ], [ 127.124461, 36.791451 ], [ 127.1245, 36.79145 ] ] ] } },
{ "type": "Feature", "properties": { "id": 85545, "model": "road", "type": "1", "accuracy": "94.52", "area": "89.29", "address": "충청남도 천안시 동남구 다가동 56-15", "region_code": "4413111400", "memo": "" }, "geometry": { "type": "Polygon", "coordinates": [ [ [ 127.148494, 36.790425 ], [ 127.148594, 36.79042 ], [ 127.1486, 36.790404 ], [ 127.148576, 36.790376 ], [ 127.148561, 36.790377 ], [ 127.148553, 36.790367 ], [ 127.148531, 36.790377 ], [ 127.14852, 36.790367 ], [ 127.148494, 36.790362 ], [ 127.148471, 36.790366 ], [ 127.148478, 36.790383 ], [ 127.148471, 36.790397 ], [ 127.148492, 36.790407 ], [ 127.148494, 36.790425 ] ] ] } },
{ "type": "Feature", "properties": { "id": 85546, "model": "road", "type": "2", "accuracy": "96.69", "area": "327.58", "address": "충청남도 천안시 동남구 용곡동 476-54", "region_code": "4413111500", "memo": "" }, "geometry": { "type": "Polygon", "coordinates": [ [ [ 127.133618, 36.790199 ], [ 127.133652, 36.790196 ], [ 127.133652, 36.79016 ], [ 127.133624, 36.79015 ], [ 127.133383, 36.790143 ], [ 127.133359, 36.790131 ], [ 127.133322, 36.790126 ], [ 127.133194, 36.790128 ], [ 127.133143, 36.790144 ], [ 127.133146, 36.790156 ], [ 127.133167, 36.790174 ], [ 127.133191, 36.790178 ], [ 127.133357, 36.790173 ], [ 127.133417, 36.790183 ], [ 127.133501, 36.79018 ], [ 127.133618, 36.790199 ] ] ] } },
{ "type": "Feature", "properties": { "id": 85548, "model": "road", "type": "1", "accuracy": "94.6", "area": "154.00", "address": "충청남도 천안시 동남구 삼룡동 240-67", "region_code": "4413111000", "memo": "" }, "geometry": { "type": "Polygon", "coordinates": [ [ [ 127.165143, 36.78943 ], [ 127.165096, 36.789452 ], [ 127.165094, 36.789477 ], [ 127.165076, 36.789488 ], [ 127.16506, 36.789483 ], [ 127.165041, 36.789461 ], [ 127.165024, 36.789454 ], [ 127.165002, 36.789456 ], [ 127.164978, 36.789486 ], [ 127.164978, 36.789515 ], [ 127.165002, 36.78951 ], [ 127.165111, 36.789516 ], [ 127.165143, 36.789527 ], [ 127.165143, 36.789502 ], [ 127.165194, 36.789494 ], [ 127.165186, 36.789481 ], [ 127.165143, 36.789464 ], [ 127.165143, 36.78943 ] ] ] } },
{ "type": "Feature", "properties": { "id": 85549, "model": "road", "type": "1", "accuracy": "96.32", "area": "280.70", "address": "충청남도 천안시 동남구 청당동 604", "region_code": "4413111100", "memo": "" }, "geometry": { "type": "Polygon", "coordinates": [ [ [ 127.158497, 36.788492 ], [ 127.158586, 36.788471 ], [ 127.158597, 36.78845 ], [ 127.158588, 36.788423 ], [ 127.158595, 36.788392 ], [ 127.158569, 36.788369 ], [ 127.158517, 36.788342 ], [ 127.15845, 36.788274 ], [ 127.158432, 36.788267 ], [ 127.15843, 36.788331 ], [ 127.15845, 36.788329 ], [ 127.158466, 36.78834 ], [ 127.158467, 36.788349 ], [ 127.158454, 36.788351 ], [ 127.158451, 36.788359 ], [ 127.15849, 36.788409 ], [ 127.158492, 36.788421 ], [ 127.158473, 36.788439 ], [ 127.158476, 36.788466 ], [ 127.158497, 36.788492 ] ] ] } },
{ "type": "Feature", "properties": { "id": 85550, "model": "road", "type": "1", "accuracy": "94.12", "area": "315.23", "address": "충청남도 천안시 동남구 삼룡동 241-24", "region_code": "4413111000", "memo": "" }, "geometry": { "type": "Polygon", "coordinates": [ [ [ 127.165492, 36.788377 ], [ 127.165543, 36.788308 ], [ 127.165559, 36.788302 ], [ 127.165657, 36.788203 ], [ 127.165657, 36.788136 ], [ 127.165649, 36.788143 ], [ 127.165626, 36.788143 ], [ 127.165606, 36.788159 ], [ 127.165584, 36.78821 ], [ 127.165513, 36.788285 ], [ 127.165515, 36.788296 ], [ 127.165536, 36.7883 ], [ 127.165536, 36.788307 ], [ 127.165521, 36.788322 ], [ 127.165503, 36.788321 ], [ 127.165499, 36.788342 ], [ 127.165478, 36.788346 ], [ 127.165419, 36.788389 ], [ 127.165407, 36.788422 ], [ 127.165351, 36.788463 ], [ 127.165338, 36.788505 ], [ 127.165304, 36.788521 ], [ 127.165303, 36.788544 ], [ 127.165289, 36.788559 ], [ 127.165322, 36.788559 ], [ 127.165338, 36.788534 ], [ 127.165378, 36.788501 ], [ 127.165492, 36.788377 ] ] ] } },
{ "type": "Feature", "properties": { "id": 85551, "model": "road", "type": "2", "accuracy": "92.68", "area": "92.99", "address": "충청남도 천안시 동남구 청수동 243-1", "region_code": "4413110900", "memo": "" }, "geometry": { "type": "Polygon", "coordinates": [ [ [ 127.151792, 36.788383 ], [ 127.151864, 36.788373 ], [ 127.151866, 36.788357 ], [ 127.151796, 36.788322 ], [ 127.151754, 36.788313 ], [ 127.151714, 36.788317 ], [ 127.15172, 36.788334 ], [ 127.151756, 36.788351 ], [ 127.151767, 36.788374 ], [ 127.151792, 36.788383 ] ] ] } },
{ "type": "Feature", "properties": { "id": 85552, "model": "road", "type": "1", "accuracy": "97.98", "area": "1576.31", "address": "충청남도 천안시 동남구 삼룡동 277-3", "region_code": "4413111000", "memo": "" }, "geometry": { "type": "Polygon", "coordinates": [ [ [ 127.166403, 36.788029 ], [ 127.166514, 36.788005 ], [ 127.166559, 36.788003 ], [ 127.166589, 36.787995 ], [ 127.166627, 36.787996 ], [ 127.166657, 36.788013 ], [ 127.16669, 36.788017 ], [ 127.166689, 36.788029 ], [ 127.166711, 36.788052 ], [ 127.166744, 36.788064 ], [ 127.167011, 36.788241 ], [ 127.167034, 36.788277 ], [ 127.167086, 36.78829 ], [ 127.167141, 36.788323 ], [ 127.167199, 36.788345 ], [ 127.167219, 36.788371 ], [ 127.167354, 36.788374 ], [ 127.167441, 36.788389 ], [ 127.167517, 36.788378 ], [ 127.16755, 36.788364 ], [ 127.16755, 36.788269 ], [ 127.167471, 36.788284 ], [ 127.167409, 36.788283 ], [ 127.167393, 36.788301 ], [ 127.167338, 36.7883 ], [ 127.167253, 36.788279 ], [ 127.167242, 36.788266 ], [ 127.167202, 36.788247 ], [ 127.167151, 36.788194 ], [ 127.167093, 36.788157 ], [ 127.167074, 36.788103 ], [ 127.167033, 36.788093 ], [ 127.167033, 36.788113 ], [ 127.16704, 36.788116 ], [ 127.167033, 36.788148 ], [ 127.166996, 36.788153 ], [ 127.166898, 36.788079 ], [ 127.166825, 36.788046 ], [ 127.166755, 36.788003 ], [ 127.166628, 36.787954 ], [ 127.166505, 36.787892 ], [ 127.166474, 36.787901 ], [ 127.166493, 36.787919 ], [ 127.166478, 36.787959 ], [ 127.166412, 36.78798 ], [ 127.166408, 36.787998 ], [ 127.166396, 36.788005 ], [ 127.166403, 36.788029 ] ] ] } },
{ "type": "Feature", "properties": { "id": 85553, "model": "road", "type": "2", "accuracy": "97.22", "area": "165.61", "address": "충청남도 천안시 동남구 삼룡동 276-8", "region_code": "4413111000", "memo": "" }, "geometry": { "type": "Polygon", "coordinates": [ [ [ 127.165892, 36.788017 ], [ 127.166168, 36.788181 ], [ 127.166197, 36.788185 ], [ 127.166192, 36.788169 ], [ 127.166162, 36.788143 ], [ 127.166149, 36.788142 ], [ 127.166142, 36.788131 ], [ 127.166053, 36.788074 ], [ 127.166001, 36.788052 ], [ 127.165958, 36.788018 ], [ 127.165956, 36.788004 ], [ 127.165932, 36.788004 ], [ 127.165908, 36.78799 ], [ 127.165884, 36.787995 ], [ 127.165882, 36.788008 ], [ 127.165892, 36.788017 ] ] ] } },
{ "type": "Feature", "properties": { "id": 85554, "model": "road", "type": "2", "accuracy": "94.57", "area": "127.52", "address": "충청남도 아산시 배방읍 장재리 1995", "region_code": "4420025331", "memo": "" }, "geometry": { "type": "Polygon", "coordinates": [ [ [ 127.101985, 36.788142 ], [ 127.101828, 36.788113 ], [ 127.101779, 36.788114 ], [ 127.101765, 36.788121 ], [ 127.101785, 36.78815 ], [ 127.101985, 36.788178 ], [ 127.101985, 36.788142 ] ] ] } },
{ "type": "Feature", "properties": { "id": 85555, "model": "road", "type": "1", "accuracy": "96.49", "area": "567.47", "address": "충청남도 천안시 동남구 삼룡동 227-12", "region_code": "4413111000", "memo": "" }, "geometry": { "type": "Polygon", "coordinates": [ [ [ 127.167835, 36.788156 ], [ 127.167884, 36.788076 ], [ 127.167925, 36.788048 ], [ 127.167941, 36.788002 ], [ 127.167954, 36.788001 ], [ 127.167969, 36.787988 ], [ 127.167978, 36.787963 ], [ 127.167971, 36.787965 ], [ 127.167959, 36.787953 ], [ 127.167966, 36.787943 ], [ 127.167986, 36.78793 ], [ 127.168004, 36.787939 ], [ 127.168016, 36.787925 ], [ 127.168012, 36.787913 ], [ 127.167998, 36.787913 ], [ 127.167994, 36.787901 ], [ 127.167986, 36.787901 ], [ 127.167974, 36.787879 ], [ 127.167952, 36.787884 ], [ 127.167939, 36.787877 ], [ 127.167914, 36.787904 ], [ 127.167888, 36.787917 ], [ 127.167868, 36.787965 ], [ 127.167829, 36.788009 ], [ 127.167797, 36.788022 ], [ 127.167791, 36.788045 ], [ 127.167763, 36.788071 ], [ 127.167747, 36.788108 ], [ 127.16772, 36.788122 ], [ 127.16771, 36.788154 ], [ 127.167718, 36.788174 ], [ 127.167725, 36.788174 ], [ 127.167718, 36.788182 ], [ 127.16773, 36.788192 ], [ 127.167751, 36.78819 ], [ 127.16773, 36.788228 ], [ 127.167741, 36.788233 ], [ 127.167735, 36.788238 ], [ 127.167773, 36.788218 ], [ 127.167835, 36.788156 ] ] ] } },
{ "type": "Feature", "properties": { "id": 85556, "model": "road", "type": "2", "accuracy": "96.51", "area": "157.95", "address": "충청남도 아산시 배방읍 장재리 1995", "region_code": "4420025331", "memo": "" }, "geometry": { "type": "Polygon", "coordinates": [ [ [ 127.101375, 36.788077 ], [ 127.101429, 36.788065 ], [ 127.101431, 36.788052 ], [ 127.10139, 36.788038 ], [ 127.101151, 36.787999 ], [ 127.101125, 36.788008 ], [ 127.101131, 36.788024 ], [ 127.101149, 36.788025 ], [ 127.101184, 36.788042 ], [ 127.101283, 36.788055 ], [ 127.101375, 36.788077 ] ] ] } },
{ "type": "Feature", "properties": { "id": 85557, "model": "road", "type": "1", "accuracy": "96.72", "area": "541.66", "address": "충청남도 천안시 동남구 삼룡동 276-18", "region_code": "4413111000", "memo": "" }, "geometry": { "type": "Polygon", "coordinates": [ [ [ 127.166134, 36.788119 ], [ 127.166215, 36.788092 ], [ 127.166236, 36.788075 ], [ 127.166236, 36.788058 ], [ 127.166214, 36.788049 ], [ 127.166137, 36.788047 ], [ 127.166106, 36.788039 ], [ 127.166068, 36.788021 ], [ 127.166045, 36.788001 ], [ 127.165991, 36.787978 ], [ 127.165974, 36.787958 ], [ 127.165969, 36.787902 ], [ 127.166, 36.787865 ], [ 127.166, 36.78785 ], [ 127.166041, 36.787824 ], [ 127.166079, 36.787774 ], [ 127.166063, 36.787761 ], [ 127.166023, 36.787759 ], [ 127.166, 36.787766 ], [ 127.165977, 36.787797 ], [ 127.165899, 36.787849 ], [ 127.165882, 36.787885 ], [ 127.165883, 36.787919 ], [ 127.165866, 36.787937 ], [ 127.165866, 36.787949 ], [ 127.165898, 36.787977 ], [ 127.165959, 36.788004 ], [ 127.165974, 36.788004 ], [ 127.165982, 36.788017 ], [ 127.166001, 36.788026 ], [ 127.166001, 36.788036 ], [ 127.16611, 36.788087 ], [ 127.166127, 36.7881 ], [ 127.166134, 36.788119 ] ] ] } },
{ "type": "Feature", "properties": { "id": 85558, "model": "road", "type": "2", "accuracy": "96.54", "area": "304.07", "address": "충청남도 아산시 배방읍 장재리 2035", "region_code": "4420025331", "memo": "" }, "geometry": { "type": "Polygon", "coordinates": [ [ [ 127.111429, 36.787933 ], [ 127.11145, 36.787926 ], [ 127.111449, 36.787844 ], [ 127.111366, 36.787844 ], [ 127.111264, 36.787827 ], [ 127.111152, 36.787829 ], [ 127.111143, 36.787824 ], [ 127.111069, 36.787842 ], [ 127.111073, 36.787861 ], [ 127.111169, 36.78787 ], [ 127.111206, 36.787882 ], [ 127.111345, 36.787882 ], [ 127.11137, 36.787894 ], [ 127.111382, 36.78792 ], [ 127.111429, 36.787933 ] ] ] } },
{ "type": "Feature", "properties": { "id": 85559, "model": "road", "type": "1", "accuracy": "92.81", "area": "108.03", "address": "충청남도 천안시 동남구 신방동 917", "region_code": "4413111600", "memo": "" }, "geometry": { "type": "Polygon", "coordinates": [ [ [ 127.124188, 36.787773 ], [ 127.124171, 36.787705 ], [ 127.124111, 36.787684 ], [ 127.124096, 36.787706 ], [ 127.124099, 36.787727 ], [ 127.12412, 36.787758 ], [ 127.124143, 36.787763 ], [ 127.124149, 36.787786 ], [ 127.124184, 36.787798 ], [ 127.124184, 36.787821 ], [ 127.124193, 36.787822 ], [ 127.124212, 36.787805 ], [ 127.1242, 36.787777 ], [ 127.124188, 36.787773 ] ] ] } },
{ "type": "Feature", "properties": { "id": 85560, "model": "road", "type": "2", "accuracy": "96.07", "area": "154.82", "address": "충청남도 천안시 동남구 신방동 87-12", "region_code": "4413111600", "memo": "" }, "geometry": { "type": "Polygon", "coordinates": [ [ [ 127.123701, 36.787588 ], [ 127.123867, 36.787519 ], [ 127.123912, 36.787508 ], [ 127.123933, 36.787493 ], [ 127.123928, 36.787488 ], [ 127.123885, 36.787488 ], [ 127.123816, 36.787516 ], [ 127.12376, 36.787514 ], [ 127.123682, 36.787532 ], [ 127.123667, 36.787541 ], [ 127.123667, 36.787568 ], [ 127.123652, 36.787574 ], [ 127.12365, 36.787583 ], [ 127.123667, 36.78759 ], [ 127.123701, 36.787588 ] ] ] } },
{ "type": "Feature", "properties": { "id": 85561, "model": "road", "type": "1", "accuracy": "93.81", "area": "196.75", "address": "충청남도 천안시 동남구 삼룡동 218-39", "region_code": "4413111000", "memo": "" }, "geometry": { "type": "Polygon", "coordinates": [ [ [ 127.168453, 36.787436 ], [ 127.16858, 36.787296 ], [ 127.16858, 36.787261 ], [ 127.168563, 36.787244 ], [ 127.168547, 36.787244 ], [ 127.1685, 36.787268 ], [ 127.16848, 36.7873 ], [ 127.168482, 36.787329 ], [ 127.168465, 36.787339 ], [ 127.168455, 36.78736 ], [ 127.168449, 36.787358 ], [ 127.168419, 36.787397 ], [ 127.168423, 36.787403 ], [ 127.168454, 36.78738 ], [ 127.168434, 36.787411 ], [ 127.168435, 36.787437 ], [ 127.168453, 36.787436 ] ] ] } },
{ "type": "Feature", "properties": { "id": 85562, "model": "road", "type": "1", "accuracy": "96.01", "area": "270.61", "address": "충청남도 천안시 동남구 신방동 784-9", "region_code": "4413111600", "memo": "" }, "geometry": { "type": "Polygon", "coordinates": [ [ [ 127.119929, 36.787371 ], [ 127.119943, 36.787333 ], [ 127.119965, 36.787304 ], [ 127.119936, 36.787229 ], [ 127.119945, 36.787159 ], [ 127.119936, 36.787085 ], [ 127.119954, 36.787033 ], [ 127.119914, 36.786964 ], [ 127.119917, 36.786944 ], [ 127.119908, 36.786939 ], [ 127.119892, 36.786949 ], [ 127.119891, 36.786965 ], [ 127.119898, 36.786988 ], [ 127.119907, 36.786988 ], [ 127.11989, 36.787013 ], [ 127.119898, 36.787088 ], [ 127.119894, 36.787209 ], [ 127.119906, 36.787229 ], [ 127.119909, 36.787349 ], [ 127.119929, 36.787371 ] ] ] } },
{ "type": "Feature", "properties": { "id": 85563, "model": "road", "type": "1", "accuracy": "95.41", "area": "368.47", "address": "충청남도 천안시 동남구 삼룡동 270-2", "region_code": "4413111000", "memo": "" }, "geometry": { "type": "Polygon", "coordinates": [ [ [ 127.165846, 36.786828 ], [ 127.165833, 36.786961 ], [ 127.16584, 36.786945 ], [ 127.165865, 36.786946 ], [ 127.165856, 36.786963 ], [ 127.165837, 36.78697 ], [ 127.165836, 36.786984 ], [ 127.165828, 36.786971 ], [ 127.165821, 36.786991 ], [ 127.165818, 36.787012 ], [ 127.165837, 36.787032 ], [ 127.165835, 36.78706 ], [ 127.165845, 36.787065 ], [ 127.165855, 36.787053 ], [ 127.165878, 36.787045 ], [ 127.165895, 36.787023 ], [ 127.165899, 36.786985 ], [ 127.16588, 36.786973 ], [ 127.165895, 36.78697 ], [ 127.165898, 36.786953 ], [ 127.165919, 36.786929 ], [ 127.165926, 36.786912 ], [ 127.165919, 36.786892 ], [ 127.165923, 36.786847 ], [ 127.165948, 36.786818 ], [ 127.165947, 36.786805 ], [ 127.165924, 36.786811 ], [ 127.165912, 36.786797 ], [ 127.165948, 36.786759 ], [ 127.165936, 36.786662 ], [ 127.165932, 36.786676 ], [ 127.165924, 36.786666 ], [ 127.165921, 36.786678 ], [ 127.165923, 36.786759 ], [ 127.165843, 36.786759 ], [ 127.165846, 36.786828 ] ] ] } },
{ "type": "Feature", "properties": { "id": 85565, "model": "road", "type": "1", "accuracy": "96.05", "area": "143.71", "address": "충청남도 아산시 배방읍 장재리 1738", "region_code": "4420025331", "memo": "" }, "geometry": { "type": "Polygon", "coordinates": [ [ [ 127.102046, 36.786554 ], [ 127.102041, 36.786529 ], [ 127.102068, 36.786513 ], [ 127.102005, 36.786493 ], [ 127.101974, 36.786501 ], [ 127.101955, 36.786518 ], [ 127.101915, 36.786515 ], [ 127.101902, 36.786538 ], [ 127.101902, 36.786554 ], [ 127.101916, 36.78656 ], [ 127.101928, 36.786587 ], [ 127.101952, 36.786597 ], [ 127.101976, 36.786594 ], [ 127.101983, 36.786566 ], [ 127.101995, 36.786554 ], [ 127.102046, 36.786554 ] ] ] } },
{ "type": "Feature", "properties": { "id": 85566, "model": "road", "type": "1", "accuracy": "95", "area": "101.39", "address": "충청남도 아산시 배방읍 장재리 1738", "region_code": "4420025331", "memo": "" }, "geometry": { "type": "Polygon", "coordinates": [ [ [ 127.101612, 36.78653 ], [ 127.101666, 36.786479 ], [ 127.101687, 36.786464 ], [ 127.101707, 36.786461 ], [ 127.101709, 36.78645 ], [ 127.101611, 36.786428 ], [ 127.101594, 36.786431 ], [ 127.1016, 36.78645 ], [ 127.101586, 36.786513 ], [ 127.101591, 36.786523 ], [ 127.101612, 36.78653 ] ] ] } },
{ "type": "Feature", "properties": { "id": 85567, "model": "road", "type": "1", "accuracy": "96.94", "area": "106.30", "address": "충청남도 천안시 동남구 삼룡동 284-1", "region_code": "4413111000", "memo": "" }, "geometry": { "type": "Polygon", "coordinates": [ [ [ 127.168181, 36.78615 ], [ 127.168234, 36.78614 ], [ 127.168233, 36.786063 ], [ 127.1682, 36.786063 ], [ 127.168181, 36.786071 ], [ 127.168168, 36.786088 ], [ 127.168142, 36.786088 ], [ 127.168122, 36.786107 ], [ 127.168126, 36.786119 ], [ 127.16816, 36.786141 ], [ 127.168181, 36.78615 ] ] ] } },
{ "type": "Feature", "properties": { "id": 85568, "model": "road", "type": "1", "accuracy": "93.19", "area": "98.87", "address": "충청남도 천안시 동남구 청당동 952", "region_code": "4413111100", "memo": "" }, "geometry": { "type": "Polygon", "coordinates": [ [ [ 127.156936, 36.78566 ], [ 127.156936, 36.785647 ], [ 127.156735, 36.785568 ], [ 127.156733, 36.785579 ], [ 127.156764, 36.785605 ], [ 127.156785, 36.785613 ], [ 127.156812, 36.785641 ], [ 127.156846, 36.785652 ], [ 127.156846, 36.785658 ], [ 127.156863, 36.785664 ], [ 127.156936, 36.78566 ] ] ] } },
{ "type": "Feature", "properties": { "id": 85569, "model": "road", "type": "2", "accuracy": "94.63", "area": "85.97", "address": "충청남도 천안시 동남구 용곡동 497", "region_code": "4413111500", "memo": "" }, "geometry": { "type": "Polygon", "coordinates": [ [ [ 127.131345, 36.785466 ], [ 127.13138, 36.785405 ], [ 127.131404, 36.78539 ], [ 127.131407, 36.785369 ], [ 127.131388, 36.785372 ], [ 127.131369, 36.785387 ], [ 127.13133, 36.785393 ], [ 127.131309, 36.785422 ], [ 127.131285, 36.785417 ], [ 127.131273, 36.785423 ], [ 127.131296, 36.785455 ], [ 127.131313, 36.785457 ], [ 127.131329, 36.785471 ], [ 127.131345, 36.785466 ] ] ] } },
{ "type": "Feature", "properties": { "id": 85570, "model": "road", "type": "1", "accuracy": "98.37", "area": "9838.06", "address": "충청남도 천안시 동남구 용곡동 154-24", "region_code": "4413111500", "memo": "" }, "geometry": { "type": "Polygon", "coordinates": [ [ [ 127.135559, 36.785492 ], [ 127.135572, 36.78548 ], [ 127.135686, 36.785486 ], [ 127.136115, 36.785562 ], [ 127.136446, 36.785594 ], [ 127.136548, 36.785592 ], [ 127.13657, 36.785586 ], [ 127.13657, 36.785564 ], [ 127.136574, 36.785575 ], [ 127.136585, 36.785575 ], [ 127.136581, 36.785569 ], [ 127.136593, 36.785565 ], [ 127.136653, 36.785585 ], [ 127.136829, 36.785572 ], [ 127.136989, 36.785545 ], [ 127.137164, 36.785498 ], [ 127.13738, 36.785423 ], [ 127.1376, 36.785307 ], [ 127.137649, 36.785272 ], [ 127.137662, 36.785272 ], [ 127.137807, 36.785164 ], [ 127.138131, 36.784886 ], [ 127.13817, 36.784856 ], [ 127.138183, 36.784856 ], [ 127.138192, 36.784836 ], [ 127.138425, 36.784643 ], [ 127.13852, 36.784577 ], [ 127.138673, 36.784502 ], [ 127.138705, 36.784497 ], [ 127.138715, 36.784482 ], [ 127.138666, 36.784484 ], [ 127.138531, 36.784528 ], [ 127.138407, 36.784554 ], [ 127.138325, 36.78459 ], [ 127.138286, 36.784589 ], [ 127.138239, 36.784608 ], [ 127.138115, 36.784633 ], [ 127.138073, 36.784655 ], [ 127.138013, 36.784716 ], [ 127.137976, 36.78474 ], [ 127.137877, 36.784834 ], [ 127.137805, 36.784887 ], [ 127.137784, 36.784914 ], [ 127.137525, 36.785116 ], [ 127.137397, 36.785194 ], [ 127.137258, 36.785262 ], [ 127.137031, 36.78534 ], [ 127.136876, 36.785376 ], [ 127.13677, 36.785392 ], [ 127.136602, 36.785406 ], [ 127.136482, 36.785409 ], [ 127.136228, 36.785387 ], [ 127.13604, 36.785359 ], [ 127.135968, 36.785342 ], [ 127.135909, 36.785338 ], [ 127.135732, 36.785301 ], [ 127.135671, 36.785299 ], [ 127.135498, 36.785344 ], [ 127.13546, 36.785367 ], [ 127.135408, 36.78537 ], [ 127.135143, 36.785444 ], [ 127.135111, 36.785443 ], [ 127.135088, 36.78543 ], [ 127.135021, 36.785441 ], [ 127.135021, 36.785483 ], [ 127.135244, 36.785457 ], [ 127.135299, 36.785459 ], [ 127.135301, 36.785471 ], [ 127.135313, 36.785478 ], [ 127.135362, 36.785472 ], [ 127.13537, 36.785462 ], [ 127.135388, 36.78546 ], [ 127.135452, 36.785469 ], [ 127.135458, 36.78548 ], [ 127.135478, 36.785486 ], [ 127.135559, 36.785492 ] ], [ [ 127.13718, 36.785422 ], [ 127.137043, 36.785449 ], [ 127.137029, 36.785441 ], [ 127.137258, 36.785366 ], [ 127.137258, 36.785399 ], [ 127.137212, 36.785391 ], [ 127.137195, 36.785397 ], [ 127.13718, 36.785422 ] ] ] } },
{ "type": "Feature", "properties": { "id": 85571, "model": "road", "type": "1", "accuracy": "93.56", "area": "126.40", "address": "충청남도 천안시 동남구 청당동 956", "region_code": "4413111100", "memo": "" }, "geometry": { "type": "Polygon", "coordinates": [ [ [ 127.156407, 36.78525 ], [ 127.156435, 36.785242 ], [ 127.156429, 36.785183 ], [ 127.156446, 36.785175 ], [ 127.156468, 36.785186 ], [ 127.156467, 36.785194 ], [ 127.156474, 36.785191 ], [ 127.156519, 36.78511 ], [ 127.156457, 36.785111 ], [ 127.15646, 36.785139 ], [ 127.156448, 36.785156 ], [ 127.156435, 36.785155 ], [ 127.156431, 36.785141 ], [ 127.156412, 36.785127 ], [ 127.156385, 36.785156 ], [ 127.156376, 36.78518 ], [ 127.156396, 36.785203 ], [ 127.156407, 36.78525 ] ] ] } },
{ "type": "Feature", "properties": { "id": 85572, "model": "road", "type": "2", "accuracy": "91.36", "area": "116.31", "address": "충청남도 천안시 동남구 용곡동 497-22", "region_code": "4413111500", "memo": "" }, "geometry": { "type": "Polygon", "coordinates": [ [ [ 127.131358, 36.785208 ], [ 127.131376, 36.785198 ], [ 127.131396, 36.7852 ], [ 127.131397, 36.785191 ], [ 127.131334, 36.785154 ], [ 127.131314, 36.785157 ], [ 127.131301, 36.78518 ], [ 127.13127, 36.785182 ], [ 127.131258, 36.785172 ], [ 127.131282, 36.785177 ], [ 127.131291, 36.78517 ], [ 127.131288, 36.78516 ], [ 127.131259, 36.785159 ], [ 127.131231, 36.785142 ], [ 127.131186, 36.785187 ], [ 127.131202, 36.785204 ], [ 127.131212, 36.785198 ], [ 127.131241, 36.785202 ], [ 127.131264, 36.785191 ], [ 127.131326, 36.78521 ], [ 127.131358, 36.785208 ] ] ] } },
{ "type": "Feature", "properties": { "id": 85573, "model": "road", "type": "2", "accuracy": "96", "area": "202.18", "address": "충청남도 천안시 동남구 용곡동 497-22", "region_code": "4413111500", "memo": "" }, "geometry": { "type": "Polygon", "coordinates": [ [ [ 127.131026, 36.785168 ], [ 127.131063, 36.785166 ], [ 127.131064, 36.785175 ], [ 127.131079, 36.785137 ], [ 127.131103, 36.785116 ], [ 127.131135, 36.785113 ], [ 127.131131, 36.785083 ], [ 127.131122, 36.785074 ], [ 127.131107, 36.78508 ], [ 127.131088, 36.785068 ], [ 127.131074, 36.785069 ], [ 127.131064, 36.785055 ], [ 127.131057, 36.785082 ], [ 127.131045, 36.785056 ], [ 127.131021, 36.785053 ], [ 127.130991, 36.785095 ], [ 127.130958, 36.785124 ], [ 127.130947, 36.78516 ], [ 127.130956, 36.785169 ], [ 127.130997, 36.785156 ], [ 127.131026, 36.785168 ] ] ] } },
{ "type": "Feature", "properties": { "id": 85574, "model": "road", "type": "2", "accuracy": "95.49", "area": "137.78", "address": "충청남도 천안시 동남구 용곡동 497-24", "region_code": "4413111500", "memo": "" }, "geometry": { "type": "Polygon", "coordinates": [ [ [ 127.130665, 36.78517 ], [ 127.130677, 36.785155 ], [ 127.130732, 36.785146 ], [ 127.130741, 36.785095 ], [ 127.130763, 36.785068 ], [ 127.130755, 36.785046 ], [ 127.130701, 36.785038 ], [ 127.130671, 36.785058 ], [ 127.130671, 36.785089 ], [ 127.130646, 36.785162 ], [ 127.130665, 36.78517 ] ] ] } },
{ "type": "Feature", "properties": { "id": 85575, "model": "road", "type": "1", "accuracy": "97.39", "area": "1019.52", "address": "충청남도 천안시 동남구 삼룡동 270-16", "region_code": "4413111000", "memo": "" }, "geometry": { "type": "Polygon", "coordinates": [ [ [ 127.167344, 36.784845 ], [ 127.167318, 36.784702 ], [ 127.16732, 36.784681 ], [ 127.167198, 36.784681 ], [ 127.167202, 36.784847 ], [ 127.16722, 36.784926 ], [ 127.167243, 36.784961 ], [ 127.167265, 36.784978 ], [ 127.167269, 36.784968 ], [ 127.167281, 36.784968 ], [ 127.167298, 36.784981 ], [ 127.167291, 36.784987 ], [ 127.167302, 36.78499 ], [ 127.167283, 36.784989 ], [ 127.16729, 36.784996 ], [ 127.167357, 36.785022 ], [ 127.167542, 36.785022 ], [ 127.167543, 36.784985 ], [ 127.167482, 36.784973 ], [ 127.167488, 36.784967 ], [ 127.16748, 36.784965 ], [ 127.167478, 36.784935 ], [ 127.167463, 36.784932 ], [ 127.167462, 36.78492 ], [ 127.167451, 36.784915 ], [ 127.167543, 36.784911 ], [ 127.167543, 36.784846 ], [ 127.167509, 36.784863 ], [ 127.167469, 36.784862 ], [ 127.167465, 36.784871 ], [ 127.167434, 36.784863 ], [ 127.167383, 36.784871 ], [ 127.167344, 36.784845 ] ] ] } },
{ "type": "Feature", "properties": { "id": 85576, "model": "road", "type": "1", "accuracy": "92.83", "area": "111.71", "address": "충청남도 천안시 동남구 삼룡동 270-19", "region_code": "4413111000", "memo": "" }, "geometry": { "type": "Polygon", "coordinates": [ [ [ 127.16777, 36.784796 ], [ 127.167747, 36.784777 ], [ 127.167728, 36.784744 ], [ 127.1677, 36.784731 ], [ 127.167683, 36.784702 ], [ 127.167662, 36.784695 ], [ 127.167654, 36.784709 ], [ 127.167671, 36.784729 ], [ 127.167678, 36.784818 ], [ 127.167768, 36.784818 ], [ 127.16777, 36.784796 ] ] ] } },
{ "type": "Feature", "properties": { "id": 85577, "model": "road", "type": "2", "accuracy": "98.04", "area": "12482.66", "address": "충청남도 천안시 동남구 용곡동 183-8", "region_code": "4413111500", "memo": "" }, "geometry": { "type": "Polygon", "coordinates": [ [ [ 127.136041, 36.782783 ], [ 127.135983, 36.782673 ], [ 127.135993, 36.782648 ], [ 127.135973, 36.782619 ], [ 127.135958, 36.782616 ], [ 127.135966, 36.782602 ], [ 127.135941, 36.782551 ], [ 127.135922, 36.782545 ], [ 127.135933, 36.782517 ], [ 127.135914, 36.782503 ], [ 127.135927, 36.782494 ], [ 127.135911, 36.782494 ], [ 127.135896, 36.782484 ], [ 127.135888, 36.782456 ], [ 127.135877, 36.782451 ], [ 127.13585, 36.782465 ], [ 127.135849, 36.782475 ], [ 127.13586, 36.782504 ], [ 127.135894, 36.78254 ], [ 127.135883, 36.782557 ], [ 127.1359, 36.782585 ], [ 127.135899, 36.782605 ], [ 127.135941, 36.782701 ], [ 127.135989, 36.782776 ], [ 127.136, 36.782812 ], [ 127.136022, 36.782827 ], [ 127.136027, 36.78285 ], [ 127.136064, 36.782896 ], [ 127.136072, 36.782919 ], [ 127.136113, 36.782962 ], [ 127.13615, 36.78305 ], [ 127.136166, 36.783059 ], [ 127.136167, 36.783076 ], [ 127.136201, 36.783121 ], [ 127.136211, 36.783128 ], [ 127.136221, 36.783124 ], [ 127.136223, 36.783166 ], [ 127.136415, 36.783453 ], [ 127.136541, 36.783656 ], [ 127.136568, 36.783715 ], [ 127.136653, 36.783832 ], [ 127.136685, 36.783889 ], [ 127.136686, 36.783906 ], [ 127.136711, 36.78393 ], [ 127.136719, 36.783952 ], [ 127.136739, 36.783959 ], [ 127.13674, 36.783977 ], [ 127.136847, 36.784138 ], [ 127.136864, 36.78415 ], [ 127.13687, 36.784181 ], [ 127.136887, 36.784188 ], [ 127.136882, 36.784198 ], [ 127.136905, 36.784213 ], [ 127.137077, 36.784455 ], [ 127.137084, 36.784476 ], [ 127.137215, 36.784581 ], [ 127.137256, 36.784605 ], [ 127.137318, 36.784625 ], [ 127.137328, 36.784635 ], [ 127.13732, 36.784656 ], [ 127.137344, 36.784663 ], [ 127.137415, 36.784667 ], [ 127.137443, 36.784661 ], [ 127.137584, 36.784627 ], [ 127.137661, 36.784597 ], [ 127.137711, 36.784598 ], [ 127.137724, 36.784605 ], [ 127.137684, 36.784619 ], [ 127.137649, 36.784648 ], [ 127.13758, 36.784669 ], [ 127.137579, 36.784681 ], [ 127.137562, 36.784682 ], [ 127.137546, 36.784659 ], [ 127.137505, 36.78466 ], [ 127.137464, 36.784687 ], [ 127.137419, 36.784694 ], [ 127.137363, 36.784694 ], [ 127.13725, 36.784675 ], [ 127.137203, 36.784677 ], [ 127.137179, 36.784689 ], [ 127.137084, 36.784704 ], [ 127.137085, 36.784711 ], [ 127.137046, 36.784722 ], [ 127.136962, 36.784738 ], [ 127.136923, 36.784755 ], [ 127.136817, 36.784777 ], [ 127.136742, 36.784802 ], [ 127.136741, 36.784814 ], [ 127.136711, 36.784813 ], [ 127.13663, 36.784832 ], [ 127.136597, 36.784845 ], [ 127.136589, 36.784858 ], [ 127.136515, 36.784863 ], [ 127.136405, 36.784904 ], [ 127.136352, 36.784943 ], [ 127.136305, 36.784961 ], [ 127.136293, 36.784958 ], [ 127.136311, 36.784936 ], [ 127.136313, 36.784917 ], [ 127.136296, 36.784894 ], [ 127.136249, 36.784906 ], [ 127.136219, 36.784933 ], [ 127.13622, 36.784943 ], [ 127.136196, 36.784954 ], [ 127.136159, 36.784962 ], [ 127.13612, 36.784958 ], [ 127.13611, 36.784938 ], [ 127.136114, 36.78492 ], [ 127.136201, 36.784841 ], [ 127.136277, 36.784794 ], [ 127.136279, 36.784777 ], [ 127.136295, 36.78477 ], [ 127.136278, 36.784726 ], [ 127.136307, 36.784692 ], [ 127.136309, 36.784678 ], [ 127.136301, 36.784676 ], [ 127.136311, 36.784663 ], [ 127.136306, 36.784654 ], [ 127.136293, 36.784668 ], [ 127.136286, 36.784663 ], [ 127.136267, 36.784683 ], [ 127.13627, 36.784699 ], [ 127.136259, 36.784707 ], [ 127.136264, 36.784726 ], [ 127.136243, 36.784729 ], [ 127.136199, 36.784772 ], [ 127.13617, 36.784782 ], [ 127.136136, 36.78481 ], [ 127.136052, 36.784837 ], [ 127.136052, 36.784888 ], [ 127.136074, 36.784885 ], [ 127.136064, 36.784905 ], [ 127.13598, 36.784936 ], [ 127.135929, 36.784977 ], [ 127.135902, 36.784984 ], [ 127.135897, 36.784996 ], [ 127.135841, 36.784994 ], [ 127.1358, 36.785022 ], [ 127.13571, 36.785046 ], [ 127.135708, 36.785052 ], [ 127.135538, 36.78509 ], [ 127.135375, 36.785136 ], [ 127.13535, 36.785136 ], [ 127.135312, 36.785154 ], [ 127.135194, 36.785185 ], [ 127.135193, 36.785208 ], [ 127.135305, 36.785213 ], [ 127.135324, 36.785197 ], [ 127.135346, 36.785193 ], [ 127.135472, 36.785195 ], [ 127.135648, 36.785152 ], [ 127.13567, 36.785136 ], [ 127.13571, 36.785132 ], [ 127.136045, 36.785045 ], [ 127.136172, 36.785025 ], [ 127.136162, 36.785039 ], [ 127.135843, 36.785135 ], [ 127.135784, 36.785136 ], [ 127.135768, 36.785149 ], [ 127.135709, 36.78517 ], [ 127.13546, 36.785237 ], [ 127.135405, 36.785249 ], [ 127.135331, 36.785251 ], [ 127.13535, 36.785266 ], [ 127.13542, 36.785265 ], [ 127.135436, 36.785274 ], [ 127.135541, 36.785278 ], [ 127.135667, 36.785295 ], [ 127.135722, 36.785293 ], [ 127.13579, 36.785279 ], [ 127.13601, 36.785208 ], [ 127.136053, 36.785205 ], [ 127.136053, 36.785194 ], [ 127.13612, 36.785186 ], [ 127.136144, 36.785177 ], [ 127.136178, 36.785178 ], [ 127.136207, 36.785156 ], [ 127.136387, 36.785105 ], [ 127.136498, 36.785082 ], [ 127.136525, 36.785069 ], [ 127.136602, 36.785056 ], [ 127.136627, 36.78506 ], [ 127.136674, 36.785047 ], [ 127.136695, 36.785032 ], [ 127.136721, 36.785034 ], [ 127.136805, 36.785014 ], [ 127.136852, 36.784995 ], [ 127.136869, 36.78498 ], [ 127.136918, 36.784974 ], [ 127.136928, 36.784964 ], [ 127.136989, 36.784943 ], [ 127.137074, 36.784926 ], [ 127.137105, 36.784909 ], [ 127.137159, 36.784904 ], [ 127.137253, 36.784869 ], [ 127.137261, 36.784876 ], [ 127.137299, 36.784865 ], [ 127.137313, 36.784858 ], [ 127.137305, 36.784857 ], [ 127.137312, 36.784843 ], [ 127.13734, 36.784838 ], [ 127.137339, 36.784847 ], [ 127.137348, 36.784849 ], [ 127.13736, 36.784837 ], [ 127.137399, 36.784837 ], [ 127.137637, 36.784773 ], [ 127.137739, 36.784736 ], [ 127.137781, 36.784732 ], [ 127.137935, 36.784688 ], [ 127.137991, 36.784682 ], [ 127.138117, 36.784632 ], [ 127.138117, 36.784622 ], [ 127.138132, 36.784622 ], [ 127.138144, 36.784612 ], [ 127.138251, 36.784521 ], [ 127.138266, 36.784498 ], [ 127.138352, 36.784457 ], [ 127.138512, 36.784353 ], [ 127.138502, 36.784323 ], [ 127.138471, 36.784306 ], [ 127.138506, 36.784298 ], [ 127.138485, 36.784296 ], [ 127.138364, 36.784337 ], [ 127.138282, 36.784347 ], [ 127.138128, 36.784389 ], [ 127.138108, 36.784403 ], [ 127.138116, 36.784407 ], [ 127.138116, 36.784418 ], [ 127.1381, 36.784415 ], [ 127.138094, 36.784434 ], [ 127.138078, 36.784441 ], [ 127.138037, 36.784445 ], [ 127.138049, 36.784422 ], [ 127.138017, 36.784422 ], [ 127.137801, 36.784477 ], [ 127.137772, 36.784486 ], [ 127.137772, 36.784492 ], [ 127.137621, 36.784525 ], [ 127.137422, 36.784581 ], [ 127.137364, 36.784577 ], [ 127.137344, 36.784586 ], [ 127.137279, 36.784569 ], [ 127.137236, 36.784547 ], [ 127.137159, 36.784486 ], [ 127.137111, 36.784423 ], [ 127.137092, 36.784409 ], [ 127.137084, 36.784411 ], [ 127.137084, 36.784389 ], [ 127.136987, 36.784252 ], [ 127.136973, 36.784202 ], [ 127.136985, 36.784195 ], [ 127.136995, 36.784158 ], [ 127.136976, 36.784132 ], [ 127.136898, 36.78409 ], [ 127.136883, 36.78405 ], [ 127.13682, 36.784005 ], [ 127.13675, 36.783915 ], [ 127.136739, 36.783878 ], [ 127.136721, 36.783865 ], [ 127.136682, 36.783796 ], [ 127.136651, 36.783766 ], [ 127.136636, 36.783729 ], [ 127.136639, 36.783708 ], [ 127.136618, 36.783696 ], [ 127.136519, 36.783534 ], [ 127.136523, 36.7835 ], [ 127.136497, 36.783433 ], [ 127.136453, 36.783393 ], [ 127.136413, 36.783327 ], [ 127.13638, 36.783313 ], [ 127.136364, 36.783295 ], [ 127.136328, 36.783217 ], [ 127.136305, 36.783196 ], [ 127.136299, 36.783156 ], [ 127.136259, 36.783119 ], [ 127.136227, 36.783034 ], [ 127.136209, 36.783008 ], [ 127.136189, 36.782997 ], [ 127.13615, 36.782929 ], [ 127.13612, 36.782911 ], [ 127.136063, 36.782809 ], [ 127.136049, 36.782803 ], [ 127.136049, 36.782783 ], [ 127.136041, 36.782783 ] ] ] } },
{ "type": "Feature", "properties": { "id": 85579, "model": "road", "type": "1", "accuracy": "96.21", "area": "721.21", "address": "충청남도 천안시 동남구 삼룡동 270-19", "region_code": "4413111000", "memo": "" }, "geometry": { "type": "Polygon", "coordinates": [ [ [ 127.167363, 36.784396 ], [ 127.16726, 36.784303 ], [ 127.167197, 36.78429 ], [ 127.167197, 36.784404 ], [ 127.167137, 36.784404 ], [ 127.167168, 36.784588 ], [ 127.167172, 36.784551 ], [ 127.167198, 36.784552 ], [ 127.167198, 36.784464 ], [ 127.16722, 36.784447 ], [ 127.167265, 36.78446 ], [ 127.167281, 36.784473 ], [ 127.167286, 36.784499 ], [ 127.167277, 36.784537 ], [ 127.167296, 36.784559 ], [ 127.167313, 36.784563 ], [ 127.167323, 36.784573 ], [ 127.16735, 36.784582 ], [ 127.167412, 36.784583 ], [ 127.167426, 36.784577 ], [ 127.167436, 36.784556 ], [ 127.167457, 36.784556 ], [ 127.167454, 36.784519 ], [ 127.167441, 36.784495 ], [ 127.16741, 36.784478 ], [ 127.167398, 36.784478 ], [ 127.16739, 36.784502 ], [ 127.167371, 36.784502 ], [ 127.167354, 36.784489 ], [ 127.167372, 36.784463 ], [ 127.167411, 36.784451 ], [ 127.167363, 36.784396 ] ] ] } },
{ "type": "Feature", "properties": { "id": 85580, "model": "road", "type": "1", "accuracy": "95.98", "area": "239.94", "address": "충청남도 아산시 배방읍 세교리 1650", "region_code": "4420025329", "memo": "" }, "geometry": { "type": "Polygon", "coordinates": [ [ [ 127.102665, 36.784422 ], [ 127.10264, 36.784417 ], [ 127.102619, 36.784398 ], [ 127.102583, 36.784394 ], [ 127.10257, 36.784385 ], [ 127.102549, 36.784391 ], [ 127.1025, 36.784378 ], [ 127.102425, 36.784381 ], [ 127.10233, 36.784371 ], [ 127.102264, 36.784376 ], [ 127.102279, 36.784391 ], [ 127.102306, 36.784392 ], [ 127.102327, 36.784404 ], [ 127.102639, 36.78445 ], [ 127.102673, 36.78445 ], [ 127.102665, 36.784422 ] ] ] } },
{ "type": "Feature", "properties": { "id": 85581, "model": "road", "type": "1", "accuracy": "95.29", "area": "424.76", "address": "충청남도 아산시 배방읍 장재리 2154", "region_code": "4420025331", "memo": "" }, "geometry": { "type": "Polygon", "coordinates": [ [ [ 127.100638, 36.78432 ], [ 127.101117, 36.784358 ], [ 127.101222, 36.784353 ], [ 127.101312, 36.784361 ], [ 127.101326, 36.784355 ], [ 127.101312, 36.78434 ], [ 127.101161, 36.78433 ], [ 127.101082, 36.784332 ], [ 127.101063, 36.784324 ], [ 127.100965, 36.784324 ], [ 127.100811, 36.784306 ], [ 127.100722, 36.784308 ], [ 127.10069, 36.784297 ], [ 127.100636, 36.784299 ], [ 127.100573, 36.784289 ], [ 127.100431, 36.784285 ], [ 127.100431, 36.784277 ], [ 127.100382, 36.784279 ], [ 127.100312, 36.784264 ], [ 127.100197, 36.784256 ], [ 127.100142, 36.784261 ], [ 127.100094, 36.784242 ], [ 127.100074, 36.784242 ], [ 127.100122, 36.784262 ], [ 127.100144, 36.784262 ], [ 127.100156, 36.784274 ], [ 127.100199, 36.784276 ], [ 127.100218, 36.784288 ], [ 127.100247, 36.784284 ], [ 127.100431, 36.784305 ], [ 127.100474, 36.784301 ], [ 127.100638, 36.78432 ] ] ] } },
{ "type": "Feature", "properties": { "id": 85582, "model": "road", "type": "2", "accuracy": "95.35", "area": "92.47", "address": "충청남도 천안시 동남구 신방동 136", "region_code": "4413111600", "memo": "" }, "geometry": { "type": "Polygon", "coordinates": [ [ [ 127.125518, 36.784298 ], [ 127.125795, 36.784285 ], [ 127.125821, 36.784279 ], [ 127.125795, 36.784266 ], [ 127.125669, 36.784269 ], [ 127.125513, 36.784282 ], [ 127.1255, 36.784291 ], [ 127.125518, 36.784298 ] ] ] } },
{ "type": "Feature", "properties": { "id": 85584, "model": "road", "type": "2", "accuracy": "96.83", "area": "512.76", "address": "충청남도 천안시 동남구 용곡동 183-8", "region_code": "4413111500", "memo": "" }, "geometry": { "type": "Polygon", "coordinates": [ [ [ 127.136225, 36.783958 ], [ 127.136289, 36.784119 ], [ 127.136315, 36.784163 ], [ 127.136328, 36.784216 ], [ 127.136355, 36.784254 ], [ 127.136356, 36.784304 ], [ 127.136391, 36.784305 ], [ 127.136404, 36.784318 ], [ 127.136408, 36.7843 ], [ 127.136386, 36.784204 ], [ 127.13637, 36.784187 ], [ 127.136312, 36.784041 ], [ 127.13625, 36.78392 ], [ 127.136223, 36.78384 ], [ 127.136196, 36.783798 ], [ 127.136131, 36.783642 ], [ 127.136129, 36.783623 ], [ 127.136105, 36.783599 ], [ 127.136084, 36.783617 ], [ 127.136084, 36.783664 ], [ 127.136101, 36.783705 ], [ 127.136122, 36.783719 ], [ 127.136159, 36.783821 ], [ 127.136192, 36.783867 ], [ 127.136208, 36.783909 ], [ 127.136223, 36.783914 ], [ 127.136225, 36.783958 ] ] ] } },
{ "type": "Feature", "properties": { "id": 85585, "model": "road", "type": "1", "accuracy": "96.78", "area": "319.42", "address": "충청남도 천안시 동남구 신방동 832-1", "region_code": "4413111600", "memo": "" }, "geometry": { "type": "Polygon", "coordinates": [ [ [ 127.117458, 36.783852 ], [ 127.117509, 36.783833 ], [ 127.117614, 36.78383 ], [ 127.11762, 36.783815 ], [ 127.117607, 36.783807 ], [ 127.117606, 36.783795 ], [ 127.117583, 36.783789 ], [ 127.117589, 36.783778 ], [ 127.117571, 36.783766 ], [ 127.117603, 36.78376 ], [ 127.117601, 36.783746 ], [ 127.117589, 36.783741 ], [ 127.117547, 36.783747 ], [ 127.117469, 36.783743 ], [ 127.117438, 36.783729 ], [ 127.11739, 36.783753 ], [ 127.117379, 36.7838 ], [ 127.117407, 36.78385 ], [ 127.117458, 36.783852 ] ] ] } },
{ "type": "Feature", "properties": { "id": 85586, "model": "road", "type": "1", "accuracy": "95.88", "area": "130.25", "address": "충청남도 천안시 동남구 신방동 832-1", "region_code": "4413111600", "memo": "" }, "geometry": { "type": "Polygon", "coordinates": [ [ [ 127.118234, 36.78378 ], [ 127.118255, 36.783751 ], [ 127.118247, 36.783715 ], [ 127.118257, 36.783678 ], [ 127.118222, 36.783641 ], [ 127.11818, 36.783638 ], [ 127.118183, 36.783644 ], [ 127.118169, 36.783646 ], [ 127.118188, 36.783655 ], [ 127.118185, 36.783675 ], [ 127.118175, 36.783686 ], [ 127.118176, 36.783705 ], [ 127.118191, 36.783723 ], [ 127.118199, 36.783779 ], [ 127.118234, 36.78378 ] ] ] } },
{ "type": "Feature", "properties": { "id": 85587, "model": "road", "type": "1", "accuracy": "95.14", "area": "288.23", "address": "충청남도 천안시 동남구 신방동 832-7", "region_code": "4413111600", "memo": "" }, "geometry": { "type": "Polygon", "coordinates": [ [ [ 127.118416, 36.783637 ], [ 127.118399, 36.783538 ], [ 127.118373, 36.783537 ], [ 127.118365, 36.783481 ], [ 127.118345, 36.78348 ], [ 127.118332, 36.783504 ], [ 127.118342, 36.783556 ], [ 127.118341, 36.783618 ], [ 127.118357, 36.783637 ], [ 127.118361, 36.783674 ], [ 127.11838, 36.78368 ], [ 127.118359, 36.783714 ], [ 127.118368, 36.78373 ], [ 127.118352, 36.783751 ], [ 127.118352, 36.783784 ], [ 127.118355, 36.783794 ], [ 127.118375, 36.783806 ], [ 127.118376, 36.783828 ], [ 127.118393, 36.783826 ], [ 127.118394, 36.783815 ], [ 127.118417, 36.78382 ], [ 127.118423, 36.78381 ], [ 127.118423, 36.783749 ], [ 127.118411, 36.783714 ], [ 127.118416, 36.783637 ] ] ] } },
{ "type": "Feature", "properties": { "id": 85588, "model": "road", "type": "1", "accuracy": "97.7", "area": "3838.12", "address": "충청남도 천안시 동남구 용곡동 183-9", "region_code": "4413111500", "memo": "" }, "geometry": { "type": "Polygon", "coordinates": [ [ [ 127.135893, 36.782795 ], [ 127.135889, 36.78282 ], [ 127.135901, 36.782836 ], [ 127.135925, 36.782919 ], [ 127.135929, 36.782962 ], [ 127.13596, 36.783026 ], [ 127.135958, 36.78306 ], [ 127.135968, 36.78306 ], [ 127.135966, 36.783092 ], [ 127.135977, 36.783101 ], [ 127.13597, 36.783146 ], [ 127.135983, 36.783162 ], [ 127.136022, 36.783157 ], [ 127.136037, 36.783165 ], [ 127.136074, 36.783223 ], [ 127.136076, 36.783249 ], [ 127.136179, 36.783457 ], [ 127.13619, 36.783475 ], [ 127.136222, 36.783474 ], [ 127.136222, 36.783508 ], [ 127.136242, 36.783518 ], [ 127.136261, 36.783554 ], [ 127.13626, 36.783616 ], [ 127.136325, 36.783766 ], [ 127.136345, 36.783792 ], [ 127.136375, 36.783868 ], [ 127.136404, 36.783906 ], [ 127.136427, 36.783958 ], [ 127.136443, 36.783976 ], [ 127.136476, 36.78399 ], [ 127.136508, 36.784056 ], [ 127.136512, 36.784129 ], [ 127.136561, 36.784165 ], [ 127.136647, 36.784344 ], [ 127.136675, 36.784442 ], [ 127.136676, 36.784582 ], [ 127.136647, 36.784659 ], [ 127.136602, 36.784735 ], [ 127.136648, 36.784714 ], [ 127.136724, 36.784611 ], [ 127.136724, 36.78456 ], [ 127.13674, 36.784544 ], [ 127.136733, 36.784524 ], [ 127.13674, 36.784517 ], [ 127.136728, 36.784502 ], [ 127.136736, 36.784484 ], [ 127.13674, 36.784509 ], [ 127.136761, 36.784497 ], [ 127.136779, 36.784499 ], [ 127.136813, 36.784529 ], [ 127.136848, 36.784538 ], [ 127.136872, 36.784558 ], [ 127.1369, 36.78456 ], [ 127.137012, 36.784594 ], [ 127.137057, 36.784615 ], [ 127.137088, 36.784619 ], [ 127.137177, 36.784656 ], [ 127.137197, 36.784657 ], [ 127.137216, 36.78467 ], [ 127.137261, 36.78467 ], [ 127.137289, 36.784651 ], [ 127.137242, 36.784634 ], [ 127.137084, 36.784597 ], [ 127.13708, 36.784589 ], [ 127.137048, 36.784584 ], [ 127.13692, 36.784538 ], [ 127.13686, 36.784508 ], [ 127.136784, 36.784443 ], [ 127.13674, 36.784358 ], [ 127.13674, 36.784304 ], [ 127.136717, 36.784304 ], [ 127.136697, 36.784268 ], [ 127.136674, 36.784203 ], [ 127.136653, 36.784178 ], [ 127.13659, 36.78405 ], [ 127.136587, 36.784017 ], [ 127.136547, 36.783956 ], [ 127.136404, 36.783654 ], [ 127.136308, 36.783472 ], [ 127.136294, 36.783434 ], [ 127.136319, 36.783408 ], [ 127.136321, 36.783387 ], [ 127.136302, 36.783373 ], [ 127.13625, 36.783356 ], [ 127.136222, 36.783291 ], [ 127.136222, 36.78327 ], [ 127.1362, 36.783246 ], [ 127.136157, 36.783162 ], [ 127.136069, 36.78297 ], [ 127.136049, 36.782951 ], [ 127.136042, 36.782907 ], [ 127.136006, 36.782848 ], [ 127.135929, 36.782677 ], [ 127.135872, 36.782594 ], [ 127.135848, 36.782526 ], [ 127.135836, 36.78252 ], [ 127.135825, 36.782494 ], [ 127.135807, 36.782489 ], [ 127.135801, 36.782535 ], [ 127.135817, 36.782572 ], [ 127.13582, 36.782615 ], [ 127.135893, 36.782795 ] ] ] } },
{ "type": "Feature", "properties": { "id": 85590, "model": "road", "type": "1", "accuracy": "94.58", "area": "128.99", "address": "충청남도 천안시 동남구 신방동 832-1", "region_code": "4413111600", "memo": "" }, "geometry": { "type": "Polygon", "coordinates": [ [ [ 127.117414, 36.783625 ], [ 127.117446, 36.783606 ], [ 127.117436, 36.783563 ], [ 127.117443, 36.783558 ], [ 127.117446, 36.783495 ], [ 127.117362, 36.783495 ], [ 127.11736, 36.783501 ], [ 127.117372, 36.783503 ], [ 127.117389, 36.783524 ], [ 127.117379, 36.783568 ], [ 127.11735, 36.783571 ], [ 127.117337, 36.783581 ], [ 127.117327, 36.783572 ], [ 127.117325, 36.783584 ], [ 127.117329, 36.783592 ], [ 127.117373, 36.783593 ], [ 127.117407, 36.783608 ], [ 127.117414, 36.783625 ] ] ] } },
{ "type": "Feature", "properties": { "id": 85591, "model": "road", "type": "1", "accuracy": "96.8", "area": "115.00", "address": "충청남도 천안시 동남구 신방동 832-1", "region_code": "4413111600", "memo": "" }, "geometry": { "type": "Polygon", "coordinates": [ [ [ 127.118154, 36.783494 ], [ 127.118033, 36.783502 ], [ 127.118104, 36.783568 ], [ 127.118111, 36.783588 ], [ 127.118154, 36.783604 ], [ 127.118154, 36.783494 ] ] ] } },
{ "type": "Feature", "properties": { "id": 85592, "model": "road", "type": "2", "accuracy": "97.47", "area": "386.94", "address": "충청남도 천안시 동남구 용곡동 187-13", "region_code": "4413111500", "memo": "" }, "geometry": { "type": "Polygon", "coordinates": [ [ [ 127.13598, 36.783255 ], [ 127.135962, 36.783113 ], [ 127.135942, 36.78306 ], [ 127.135916, 36.78306 ], [ 127.135911, 36.783087 ], [ 127.135922, 36.783192 ], [ 127.135861, 36.783235 ], [ 127.135861, 36.783256 ], [ 127.135885, 36.783277 ], [ 127.135946, 36.78329 ], [ 127.136014, 36.783474 ], [ 127.136042, 36.783475 ], [ 127.136047, 36.7835 ], [ 127.136065, 36.783505 ], [ 127.136065, 36.783471 ], [ 127.13598, 36.783255 ] ] ] } },
{ "type": "Feature", "properties": { "id": 85593, "model": "road", "type": "2", "accuracy": "96.6", "area": "116.78", "address": "충청남도 천안시 동남구 신방동 716-1", "region_code": "4413111600", "memo": "" }, "geometry": { "type": "Polygon", "coordinates": [ [ [ 127.123832, 36.783289 ], [ 127.1241, 36.783279 ], [ 127.124133, 36.78327 ], [ 127.124136, 36.78326 ], [ 127.124121, 36.783252 ], [ 127.124034, 36.783255 ], [ 127.124003, 36.78325 ], [ 127.123964, 36.783259 ], [ 127.123886, 36.783259 ], [ 127.123834, 36.783281 ], [ 127.123832, 36.783289 ] ] ] } },
{ "type": "Feature", "properties": { "id": 85594, "model": "road", "type": "1", "accuracy": "96.38", "area": "632.89", "address": "충청남도 천안시 동남구 삼룡동 117-5", "region_code": "4413111000", "memo": "" }, "geometry": { "type": "Polygon", "coordinates": [ [ [ 127.170079, 36.783016 ], [ 127.170101, 36.783049 ], [ 127.17012, 36.783051 ], [ 127.17012, 36.783111 ], [ 127.17008, 36.783161 ], [ 127.17008, 36.783185 ], [ 127.17006, 36.783237 ], [ 127.170066, 36.783253 ], [ 127.170107, 36.783239 ], [ 127.170163, 36.783203 ], [ 127.170163, 36.783154 ], [ 127.170254, 36.783154 ], [ 127.170261, 36.78314 ], [ 127.170342, 36.783097 ], [ 127.170409, 36.78305 ], [ 127.170441, 36.783013 ], [ 127.170417, 36.78299 ], [ 127.170372, 36.782985 ], [ 127.170313, 36.783005 ], [ 127.170288, 36.78302 ], [ 127.170274, 36.783039 ], [ 127.170246, 36.783051 ], [ 127.170192, 36.783034 ], [ 127.170179, 36.783003 ], [ 127.170167, 36.783004 ], [ 127.170163, 36.78302 ], [ 127.170137, 36.783033 ], [ 127.17012, 36.783031 ], [ 127.17012, 36.783016 ], [ 127.170079, 36.783016 ] ] ] } },
{ "type": "Feature", "properties": { "id": 85595, "model": "road", "type": "2", "accuracy": "96.27", "area": "264.80", "address": "충청남도 천안시 동남구 삼룡동 314-4", "region_code": "4413111000", "memo": "" }, "geometry": { "type": "Polygon", "coordinates": [ [ [ 127.166141, 36.78316 ], [ 127.166181, 36.783154 ], [ 127.166209, 36.783173 ], [ 127.166243, 36.78315 ], [ 127.166269, 36.783011 ], [ 127.166295, 36.782947 ], [ 127.166289, 36.782918 ], [ 127.166275, 36.782905 ], [ 127.166249, 36.782914 ], [ 127.166228, 36.782947 ], [ 127.166217, 36.782995 ], [ 127.166202, 36.783016 ], [ 127.166204, 36.783047 ], [ 127.16619, 36.783067 ], [ 127.166181, 36.783113 ], [ 127.166164, 36.783129 ], [ 127.166131, 36.783137 ], [ 127.166141, 36.78316 ] ] ] } },
{ "type": "Feature", "properties": { "id": 85596, "model": "road", "type": "2", "accuracy": "96.73", "area": "341.51", "address": "충청남도 천안시 동남구 삼룡동 120-8", "region_code": "4413111000", "memo": "" }, "geometry": { "type": "Polygon", "coordinates": [ [ [ 127.171161, 36.782912 ], [ 127.1712, 36.782907 ], [ 127.171207, 36.782893 ], [ 127.171236, 36.782883 ], [ 127.171262, 36.782849 ], [ 127.171298, 36.78282 ], [ 127.171302, 36.782799 ], [ 127.171324, 36.782791 ], [ 127.171325, 36.782806 ], [ 127.171351, 36.782796 ], [ 127.171356, 36.782781 ], [ 127.171389, 36.782761 ], [ 127.171388, 36.782751 ], [ 127.171404, 36.782737 ], [ 127.171337, 36.782737 ], [ 127.171248, 36.782799 ], [ 127.171073, 36.782936 ], [ 127.171038, 36.782975 ], [ 127.171014, 36.782985 ], [ 127.171006, 36.783002 ], [ 127.170983, 36.783001 ], [ 127.170973, 36.783008 ], [ 127.170975, 36.783057 ], [ 127.170994, 36.783054 ], [ 127.171016, 36.783038 ], [ 127.171024, 36.783014 ], [ 127.171047, 36.783016 ], [ 127.171078, 36.782996 ], [ 127.171108, 36.782955 ], [ 127.171161, 36.782912 ] ] ] } },
{ "type": "Feature", "properties": { "id": 85597, "model": "road", "type": "2", "accuracy": "95.39", "area": "112.28", "address": "충청남도 천안시 동남구 삼룡동 117-5", "region_code": "4413111000", "memo": "" }, "geometry": { "type": "Polygon", "coordinates": [ [ [ 127.170119, 36.782909 ], [ 127.170262, 36.782851 ], [ 127.170268, 36.782842 ], [ 127.170262, 36.782836 ], [ 127.170303, 36.782814 ], [ 127.170321, 36.782772 ], [ 127.170276, 36.782783 ], [ 127.170251, 36.782824 ], [ 127.170168, 36.782847 ], [ 127.170139, 36.78287 ], [ 127.170119, 36.78287 ], [ 127.170119, 36.782909 ] ] ] } },
{ "type": "Feature", "properties": { "id": 85598, "model": "road", "type": "2", "accuracy": "95.75", "area": "144.99", "address": "충청남도 천안시 동남구 삼룡동 121-5", "region_code": "4413111000", "memo": "" }, "geometry": { "type": "Polygon", "coordinates": [ [ [ 127.171573, 36.782595 ], [ 127.17164, 36.78254 ], [ 127.171643, 36.782531 ], [ 127.171631, 36.782532 ], [ 127.17163, 36.782526 ], [ 127.171643, 36.782507 ], [ 127.171667, 36.782493 ], [ 127.171707, 36.782441 ], [ 127.171698, 36.782427 ], [ 127.171662, 36.782446 ], [ 127.17157, 36.782527 ], [ 127.171538, 36.782566 ], [ 127.171528, 36.782593 ], [ 127.17154, 36.782599 ], [ 127.171573, 36.782595 ] ] ] } },
{ "type": "Feature", "properties": { "id": 85599, "model": "road", "type": "1", "accuracy": "96.36", "area": "169.11", "address": "충청남도 천안시 동남구 삼룡동 313-23", "region_code": "4413111000", "memo": "" }, "geometry": { "type": "Polygon", "coordinates": [ [ [ 127.166021, 36.782329 ], [ 127.166014, 36.782309 ], [ 127.165996, 36.782312 ], [ 127.165961, 36.782275 ], [ 127.165967, 36.782262 ], [ 127.165956, 36.782246 ], [ 127.165964, 36.782227 ], [ 127.165936, 36.782201 ], [ 127.165883, 36.78221 ], [ 127.16586, 36.782202 ], [ 127.165839, 36.782218 ], [ 127.165854, 36.782241 ], [ 127.165987, 36.782355 ], [ 127.165988, 36.782329 ], [ 127.166021, 36.782329 ] ] ] } },
{ "type": "Feature", "properties": { "id": 85600, "model": "road", "type": "1", "accuracy": "94.34", "area": "630.39", "address": "충청남도 천안시 동남구 용곡동 591", "region_code": "4413111500", "memo": "" }, "geometry": { "type": "Polygon", "coordinates": [ [ [ 127.139156, 36.781756 ], [ 127.13907, 36.781794 ], [ 127.139053, 36.78182 ], [ 127.139058, 36.781825 ], [ 127.139045, 36.78183 ], [ 127.13905, 36.781834 ], [ 127.139037, 36.781847 ], [ 127.139007, 36.781864 ], [ 127.138999, 36.781877 ], [ 127.138984, 36.781874 ], [ 127.138968, 36.781884 ], [ 127.138963, 36.781913 ], [ 127.138945, 36.781933 ], [ 127.138952, 36.781949 ], [ 127.138892, 36.781949 ], [ 127.138889, 36.781965 ], [ 127.13887, 36.78198 ], [ 127.138873, 36.782013 ], [ 127.138845, 36.782055 ], [ 127.138834, 36.782095 ], [ 127.138858, 36.782093 ], [ 127.138879, 36.782105 ], [ 127.138895, 36.782104 ], [ 127.138901, 36.782075 ], [ 127.138926, 36.782057 ], [ 127.138975, 36.781984 ], [ 127.139014, 36.781954 ], [ 127.139025, 36.781926 ], [ 127.139054, 36.781912 ], [ 127.1391, 36.781864 ], [ 127.139164, 36.781813 ], [ 127.139219, 36.781793 ], [ 127.139254, 36.781764 ], [ 127.139316, 36.781743 ], [ 127.139324, 36.781665 ], [ 127.1393, 36.781666 ], [ 127.139266, 36.781691 ], [ 127.139247, 36.781694 ], [ 127.139227, 36.781722 ], [ 127.139205, 36.78172 ], [ 127.139199, 36.78173 ], [ 127.139176, 36.781732 ], [ 127.139156, 36.781756 ] ] ] } },
{ "type": "Feature", "properties": { "id": 85601, "model": "road", "type": "1", "accuracy": "96.55", "area": "102.80", "address": "충청남도 아산시 배방읍 세교리 1592", "region_code": "4420025329", "memo": "" }, "geometry": { "type": "Polygon", "coordinates": [ [ [ 127.100895, 36.781794 ], [ 127.100897, 36.781695 ], [ 127.100923, 36.781649 ], [ 127.100921, 36.781635 ], [ 127.100907, 36.781624 ], [ 127.100888, 36.781626 ], [ 127.100881, 36.781634 ], [ 127.100849, 36.781707 ], [ 127.100854, 36.781747 ], [ 127.100881, 36.781793 ], [ 127.100895, 36.781794 ] ] ] } },
{ "type": "Feature", "properties": { "id": 85603, "model": "road", "type": "1", "accuracy": "96.16", "area": "189.72", "address": "충청남도 천안시 동남구 청당동 1002", "region_code": "4413111100", "memo": "" }, "geometry": { "type": "Polygon", "coordinates": [ [ [ 127.148077, 36.781305 ], [ 127.148099, 36.781291 ], [ 127.148094, 36.781273 ], [ 127.148114, 36.781261 ], [ 127.148015, 36.781203 ], [ 127.147919, 36.781129 ], [ 127.147919, 36.781206 ], [ 127.147942, 36.781213 ], [ 127.147968, 36.78124 ], [ 127.14803, 36.78128 ], [ 127.148077, 36.781305 ] ] ] } },
{ "type": "Feature", "properties": { "id": 85604, "model": "road", "type": "2", "accuracy": "96.7", "area": "293.66", "address": "충청남도 천안시 동남구 신방동 710-4", "region_code": "4413111600", "memo": "" }, "geometry": { "type": "Polygon", "coordinates": [ [ [ 127.120112, 36.781133 ], [ 127.120412, 36.781145 ], [ 127.120486, 36.781161 ], [ 127.120542, 36.781159 ], [ 127.120577, 36.781146 ], [ 127.120554, 36.781127 ], [ 127.120524, 36.781121 ], [ 127.120374, 36.781112 ], [ 127.120167, 36.781083 ], [ 127.12011, 36.781082 ], [ 127.120094, 36.781092 ], [ 127.120112, 36.781133 ] ] ] } },
{ "type": "Feature", "properties": { "id": 85605, "model": "road", "type": "2", "accuracy": "94.8", "area": "135.07", "address": "충청남도 천안시 동남구 신방동 709-4", "region_code": "4413111600", "memo": "" }, "geometry": { "type": "Polygon", "coordinates": [ [ [ 127.120043, 36.781072 ], [ 127.119887, 36.781063 ], [ 127.119858, 36.781071 ], [ 127.119846, 36.781065 ], [ 127.1198, 36.781099 ], [ 127.119827, 36.781108 ], [ 127.119918, 36.781103 ], [ 127.119948, 36.781093 ], [ 127.119996, 36.781114 ], [ 127.120043, 36.781119 ], [ 127.120043, 36.781072 ] ] ] } },
{ "type": "Feature", "properties": { "id": 85607, "model": "road", "type": "1", "accuracy": "96.98", "area": "181.89", "address": "충청남도 천안시 동남구 신방동 845-66", "region_code": "4413111600", "memo": "" }, "geometry": { "type": "Polygon", "coordinates": [ [ [ 127.118315, 36.78073 ], [ 127.118343, 36.780746 ], [ 127.118372, 36.780743 ], [ 127.118565, 36.780764 ], [ 127.118598, 36.780763 ], [ 127.118619, 36.78075 ], [ 127.118544, 36.780735 ], [ 127.118421, 36.780725 ], [ 127.118366, 36.780711 ], [ 127.1183, 36.780659 ], [ 127.118265, 36.780616 ], [ 127.118242, 36.780617 ], [ 127.118272, 36.78068 ], [ 127.118315, 36.78073 ] ] ] } },
{ "type": "Feature", "properties": { "id": 85608, "model": "road", "type": "1", "accuracy": "91.6", "area": "99.40", "address": "충청남도 아산시 배방읍 휴대리 160-3", "region_code": "4420025330", "memo": "" }, "geometry": { "type": "Polygon", "coordinates": [ [ [ 127.114867, 36.780729 ], [ 127.114965, 36.78072 ], [ 127.115003, 36.780729 ], [ 127.11501, 36.780712 ], [ 127.114992, 36.780699 ], [ 127.115044, 36.780689 ], [ 127.115048, 36.780662 ], [ 127.114929, 36.780666 ], [ 127.114928, 36.780684 ], [ 127.114944, 36.780696 ], [ 127.114914, 36.780711 ], [ 127.114881, 36.78071 ], [ 127.114876, 36.780699 ], [ 127.114875, 36.780722 ], [ 127.114867, 36.780729 ] ] ] } },
{ "type": "Feature", "properties": { "id": 85609, "model": "road", "type": "1", "accuracy": "93.71", "area": "147.92", "address": "충청남도 천안시 동남구 삼룡동 96-2", "region_code": "4413111000", "memo": "" }, "geometry": { "type": "Polygon", "coordinates": [ [ [ 127.171319, 36.780614 ], [ 127.171248, 36.780595 ], [ 127.171175, 36.780538 ], [ 127.171175, 36.780523 ], [ 127.171216, 36.780522 ], [ 127.171121, 36.780455 ], [ 127.171107, 36.780454 ], [ 127.171083, 36.780472 ], [ 127.171079, 36.780483 ], [ 127.171102, 36.780511 ], [ 127.17112, 36.780523 ], [ 127.171137, 36.780523 ], [ 127.171143, 36.780537 ], [ 127.171219, 36.780588 ], [ 127.171256, 36.780626 ], [ 127.171279, 36.78064 ], [ 127.171319, 36.780643 ], [ 127.171319, 36.780614 ] ] ] } },
{ "type": "Feature", "properties": { "id": 85610, "model": "road", "type": "1", "accuracy": "94.88", "area": "134.31", "address": "충청남도 아산시 배방읍 휴대리 437-49", "region_code": "4420025330", "memo": "" }, "geometry": { "type": "Polygon", "coordinates": [ [ [ 127.11668, 36.780579 ], [ 127.116988, 36.780558 ], [ 127.117011, 36.780546 ], [ 127.117041, 36.780544 ], [ 127.117046, 36.780529 ], [ 127.117028, 36.780523 ], [ 127.116916, 36.780541 ], [ 127.116678, 36.780555 ], [ 127.116663, 36.780572 ], [ 127.11668, 36.780579 ] ] ] } },
{ "type": "Feature", "properties": { "id": 85611, "model": "road", "type": "1", "accuracy": "93.23", "area": "119.55", "address": "충청남도 아산시 배방읍 휴대리 437-49", "region_code": "4420025330", "memo": "" }, "geometry": { "type": "Polygon", "coordinates": [ [ [ 127.117117, 36.780531 ], [ 127.11716, 36.780524 ], [ 127.117188, 36.780511 ], [ 127.117207, 36.780513 ], [ 127.117264, 36.780489 ], [ 127.117288, 36.780485 ], [ 127.117321, 36.780456 ], [ 127.117372, 36.780437 ], [ 127.117418, 36.78039 ], [ 127.117399, 36.78039 ], [ 127.117277, 36.780466 ], [ 127.117191, 36.780493 ], [ 127.117067, 36.780519 ], [ 127.117059, 36.780531 ], [ 127.117117, 36.78054 ], [ 127.117117, 36.780531 ] ] ] } },
{ "type": "Feature", "properties": { "id": 85612, "model": "road", "type": "2", "accuracy": "96.41", "area": "115.97", "address": "충청남도 아산시 배방읍 휴대리 437-107", "region_code": "4420025330", "memo": "" }, "geometry": { "type": "Polygon", "coordinates": [ [ [ 127.11422, 36.780404 ], [ 127.114353, 36.780348 ], [ 127.114364, 36.780339 ], [ 127.114364, 36.780295 ], [ 127.114291, 36.780327 ], [ 127.114262, 36.780349 ], [ 127.114196, 36.780372 ], [ 127.114184, 36.780386 ], [ 127.114186, 36.780405 ], [ 127.11422, 36.780404 ] ] ] } },
{ "type": "Feature", "properties": { "id": 85613, "model": "road", "type": "2", "accuracy": "96.89", "area": "143.89", "address": "충청남도 천안시 동남구 청당동 130-1", "region_code": "4413111100", "memo": "" }, "geometry": { "type": "Polygon", "coordinates": [ [ [ 127.154111, 36.780323 ], [ 127.154339, 36.780338 ], [ 127.154347, 36.780329 ], [ 127.154335, 36.780315 ], [ 127.154285, 36.780303 ], [ 127.154248, 36.780284 ], [ 127.154111, 36.780279 ], [ 127.154111, 36.780323 ] ] ] } },
{ "type": "Feature", "properties": { "id": 85617, "model": "road", "type": "2", "accuracy": "97.24", "area": "345.84", "address": "충청남도 천안시 동남구 신방동 689-2", "region_code": "4413111600", "memo": "" }, "geometry": { "type": "Polygon", "coordinates": [ [ [ 127.122259, 36.779697 ], [ 127.1222, 36.779687 ], [ 127.12218, 36.779675 ], [ 127.122106, 36.779664 ], [ 127.121921, 36.77961 ], [ 127.121872, 36.779576 ], [ 127.121839, 36.779522 ], [ 127.121816, 36.7795 ], [ 127.12181, 36.779466 ], [ 127.121795, 36.779459 ], [ 127.121781, 36.779469 ], [ 127.12181, 36.77955 ], [ 127.121858, 36.779609 ], [ 127.121889, 36.779631 ], [ 127.121951, 36.779656 ], [ 127.122099, 36.779692 ], [ 127.122153, 36.779713 ], [ 127.12225, 36.779727 ], [ 127.122318, 36.779752 ], [ 127.122356, 36.779752 ], [ 127.122344, 36.779759 ], [ 127.122367, 36.779774 ], [ 127.12239, 36.779766 ], [ 127.122387, 36.779752 ], [ 127.122357, 36.779736 ], [ 127.122259, 36.779697 ] ] ] } },
{ "type": "Feature", "properties": { "id": 85619, "model": "road", "type": "2", "accuracy": "97.19", "area": "160.06", "address": "충청남도 아산시 배방읍 휴대리 438-3", "region_code": "4420025330", "memo": "" }, "geometry": { "type": "Polygon", "coordinates": [ [ [ 127.113132, 36.779762 ], [ 127.113067, 36.779677 ], [ 127.112997, 36.77962 ], [ 127.112986, 36.7796 ], [ 127.112926, 36.779538 ], [ 127.112895, 36.779519 ], [ 127.112861, 36.779522 ], [ 127.112862, 36.779532 ], [ 127.112916, 36.77957 ], [ 127.112966, 36.779633 ], [ 127.112986, 36.779636 ], [ 127.112986, 36.779654 ], [ 127.113078, 36.779729 ], [ 127.113098, 36.779762 ], [ 127.113132, 36.779762 ] ] ] } },
{ "type": "Feature", "properties": { "id": 85621, "model": "road", "type": "2", "accuracy": "96.76", "area": "290.17", "address": "충청남도 천안시 동남구 신방동 687-1", "region_code": "4413111600", "memo": "" }, "geometry": { "type": "Polygon", "coordinates": [ [ [ 127.123516, 36.778818 ], [ 127.124029, 36.778821 ], [ 127.124067, 36.778835 ], [ 127.12414, 36.778837 ], [ 127.124169, 36.778834 ], [ 127.124169, 36.778805 ], [ 127.123833, 36.778789 ], [ 127.123825, 36.778789 ], [ 127.123825, 36.778798 ], [ 127.123677, 36.778789 ], [ 127.123572, 36.778795 ], [ 127.123513, 36.778785 ], [ 127.123485, 36.778794 ], [ 127.123504, 36.778816 ], [ 127.123516, 36.778818 ] ] ] } },
{ "type": "Feature", "properties": { "id": 85622, "model": "road", "type": "1", "accuracy": "94.87", "area": "1548.07", "address": "충청남도 천안시 동남구 청당동 389-65", "region_code": "4413111100", "memo": "" }, "geometry": { "type": "Polygon", "coordinates": [ [ [ 127.145971, 36.778567 ], [ 127.145115, 36.778646 ], [ 127.145114, 36.778675 ], [ 127.1451, 36.778681 ], [ 127.145069, 36.778675 ], [ 127.145071, 36.778665 ], [ 127.145049, 36.778653 ], [ 127.144963, 36.778655 ], [ 127.144817, 36.778672 ], [ 127.144811, 36.778712 ], [ 127.144705, 36.778717 ], [ 127.14471, 36.778683 ], [ 127.144702, 36.778682 ], [ 127.14467, 36.778687 ], [ 127.144672, 36.778714 ], [ 127.144663, 36.778717 ], [ 127.144655, 36.778713 ], [ 127.144659, 36.778699 ], [ 127.144653, 36.77869 ], [ 127.144603, 36.77869 ], [ 127.144594, 36.778697 ], [ 127.144607, 36.778714 ], [ 127.144594, 36.778727 ], [ 127.144567, 36.778735 ], [ 127.144563, 36.778745 ], [ 127.144575, 36.77876 ], [ 127.144571, 36.778768 ], [ 127.144592, 36.778771 ], [ 127.145338, 36.778707 ], [ 127.145381, 36.778697 ], [ 127.145399, 36.778641 ], [ 127.145439, 36.778666 ], [ 127.145443, 36.778689 ], [ 127.14551, 36.778693 ], [ 127.145682, 36.778675 ], [ 127.145849, 36.778648 ], [ 127.145974, 36.77864 ], [ 127.146009, 36.778634 ], [ 127.146026, 36.778622 ], [ 127.146016, 36.778614 ], [ 127.14592, 36.778619 ], [ 127.145892, 36.778608 ], [ 127.145891, 36.778589 ], [ 127.145958, 36.778583 ], [ 127.145977, 36.77857 ], [ 127.145971, 36.778567 ] ] ] } },
{ "type": "Feature", "properties": { "id": 85623, "model": "road", "type": "1", "accuracy": "96.3", "area": "663.18", "address": "충청남도 천안시 동남구 신방동 197-6", "region_code": "4413111600", "memo": "" }, "geometry": { "type": "Polygon", "coordinates": [ [ [ 127.138281, 36.778564 ], [ 127.138299, 36.778544 ], [ 127.13829, 36.778516 ], [ 127.138267, 36.778484 ], [ 127.138239, 36.778463 ], [ 127.138236, 36.778448 ], [ 127.138259, 36.778441 ], [ 127.138268, 36.778408 ], [ 127.138247, 36.778393 ], [ 127.138219, 36.778394 ], [ 127.138165, 36.778416 ], [ 127.138166, 36.778457 ], [ 127.138141, 36.778452 ], [ 127.138143, 36.778471 ], [ 127.138134, 36.778484 ], [ 127.138004, 36.77849 ], [ 127.137985, 36.778505 ], [ 127.138023, 36.778582 ], [ 127.138009, 36.778618 ], [ 127.138021, 36.778679 ], [ 127.138102, 36.778818 ], [ 127.138106, 36.778646 ], [ 127.138071, 36.778619 ], [ 127.138066, 36.778587 ], [ 127.138106, 36.778572 ], [ 127.138106, 36.778546 ], [ 127.13816, 36.778544 ], [ 127.138197, 36.778562 ], [ 127.138235, 36.778551 ], [ 127.138265, 36.778553 ], [ 127.138281, 36.778564 ] ] ] } },
{ "type": "Feature", "properties": { "id": 85626, "model": "road", "type": "1", "accuracy": "96.09", "area": "319.09", "address": "충청남도 천안시 동남구 신방동 201-5", "region_code": "4413111600", "memo": "" }, "geometry": { "type": "Polygon", "coordinates": [ [ [ 127.140093, 36.778067 ], [ 127.140093, 36.77804 ], [ 127.140045, 36.777968 ], [ 127.140039, 36.777943 ], [ 127.139996, 36.777871 ], [ 127.139938, 36.777819 ], [ 127.139921, 36.777757 ], [ 127.139883, 36.777746 ], [ 127.139876, 36.777768 ], [ 127.139922, 36.777823 ], [ 127.139917, 36.77784 ], [ 127.139976, 36.77797 ], [ 127.139976, 36.778003 ], [ 127.139988, 36.778016 ], [ 127.139984, 36.778029 ], [ 127.139998, 36.778054 ], [ 127.140031, 36.778069 ], [ 127.140082, 36.778072 ], [ 127.140093, 36.778067 ] ] ] } },
{ "type": "Feature", "properties": { "id": 85627, "model": "road", "type": "1", "accuracy": "97.83", "area": "266.46", "address": "충청남도 천안시 동남구 청당동 50-1", "region_code": "4413111100", "memo": "" }, "geometry": { "type": "Polygon", "coordinates": [ [ [ 127.158236, 36.777841 ], [ 127.157955, 36.777774 ], [ 127.157892, 36.777773 ], [ 127.157892, 36.777812 ], [ 127.158236, 36.77789 ], [ 127.158236, 36.777841 ] ] ] } },
{ "type": "Feature", "properties": { "id": 85631, "model": "road", "type": "1", "accuracy": "96.43", "area": "192.90", "address": "충청남도 천안시 동남구 청당동 438", "region_code": "4413111100", "memo": "" }, "geometry": { "type": "Polygon", "coordinates": [ [ [ 127.140051, 36.777569 ], [ 127.140296, 36.777482 ], [ 127.140321, 36.777468 ], [ 127.140321, 36.77746 ], [ 127.14031, 36.777454 ], [ 127.140283, 36.777459 ], [ 127.140174, 36.7775 ], [ 127.140169, 36.777468 ], [ 127.140149, 36.777471 ], [ 127.140046, 36.777504 ], [ 127.140032, 36.777518 ], [ 127.14004, 36.777561 ], [ 127.140051, 36.777569 ] ] ] } },
{ "type": "Feature", "properties": { "id": 85633, "model": "road", "type": "1", "accuracy": "95.89", "area": "278.73", "address": "충청남도 천안시 동남구 신방동 202-2", "region_code": "4413111600", "memo": "" }, "geometry": { "type": "Polygon", "coordinates": [ [ [ 127.139548, 36.777146 ], [ 127.139836, 36.777655 ], [ 127.139873, 36.777657 ], [ 127.139712, 36.77738 ], [ 127.139689, 36.777325 ], [ 127.139666, 36.777297 ], [ 127.139652, 36.777293 ], [ 127.139651, 36.777265 ], [ 127.139575, 36.777135 ], [ 127.139552, 36.777109 ], [ 127.13954, 36.77711 ], [ 127.139548, 36.777146 ] ] ] } },
{ "type": "Feature", "properties": { "id": 85634, "model": "road", "type": "1", "accuracy": "95.9", "area": "181.44", "address": "충청남도 천안시 동남구 청당동 1012", "region_code": "4413111100", "memo": "" }, "geometry": { "type": "Polygon", "coordinates": [ [ [ 127.146048, 36.777304 ], [ 127.146066, 36.777292 ], [ 127.146018, 36.777271 ], [ 127.145946, 36.777257 ], [ 127.145903, 36.777259 ], [ 127.145785, 36.777282 ], [ 127.145773, 36.777313 ], [ 127.14575, 36.777329 ], [ 127.145746, 36.777343 ], [ 127.145773, 36.777355 ], [ 127.145841, 36.777308 ], [ 127.145902, 36.777295 ], [ 127.145966, 36.777296 ], [ 127.146009, 36.777309 ], [ 127.146048, 36.777304 ] ] ] } },
{ "type": "Feature", "properties": { "id": 85636, "model": "road", "type": "2", "accuracy": "96.01", "area": "466.67", "address": "충청남도 아산시 배방읍 휴대리 96", "region_code": "4420025330", "memo": "" }, "geometry": { "type": "Polygon", "coordinates": [ [ [ 127.115384, 36.777324 ], [ 127.115272, 36.777362 ], [ 127.115236, 36.777364 ], [ 127.115163, 36.777354 ], [ 127.115136, 36.77736 ], [ 127.115099, 36.77734 ], [ 127.115096, 36.777331 ], [ 127.11506, 36.777323 ], [ 127.114998, 36.777273 ], [ 127.114978, 36.777276 ], [ 127.114965, 36.77726 ], [ 127.114945, 36.777252 ], [ 127.114952, 36.777293 ], [ 127.11497, 36.777282 ], [ 127.114964, 36.777293 ], [ 127.114972, 36.777304 ], [ 127.115027, 36.777322 ], [ 127.11505, 36.777361 ], [ 127.115049, 36.777382 ], [ 127.115072, 36.77738 ], [ 127.115099, 36.777365 ], [ 127.115113, 36.777377 ], [ 127.115142, 36.777375 ], [ 127.115221, 36.777397 ], [ 127.115284, 36.777388 ], [ 127.115385, 36.777352 ], [ 127.115392, 36.777342 ], [ 127.115525, 36.777297 ], [ 127.115721, 36.777201 ], [ 127.115885, 36.777055 ], [ 127.115889, 36.777044 ], [ 127.115876, 36.777035 ], [ 127.115901, 36.77703 ], [ 127.115901, 36.777024 ], [ 127.115895, 36.777019 ], [ 127.115882, 36.777022 ], [ 127.115868, 36.777038 ], [ 127.115848, 36.777047 ], [ 127.115764, 36.777118 ], [ 127.115729, 36.777161 ], [ 127.115697, 36.777181 ], [ 127.11558, 36.777242 ], [ 127.115384, 36.777324 ] ] ] } },
{ "type": "Feature", "properties": { "id": 85639, "model": "road", "type": "1", "accuracy": "92.7", "area": "145.93", "address": "충청남도 천안시 동남구 청당동 311-31", "region_code": "4413111100", "memo": "" }, "geometry": { "type": "Polygon", "coordinates": [ [ [ 127.146654, 36.777031 ], [ 127.146695, 36.777016 ], [ 127.146724, 36.777022 ], [ 127.146738, 36.777009 ], [ 127.146744, 36.77694 ], [ 127.146727, 36.776904 ], [ 127.146741, 36.776876 ], [ 127.146731, 36.77685 ], [ 127.146717, 36.776851 ], [ 127.146707, 36.776871 ], [ 127.146694, 36.776875 ], [ 127.146693, 36.776929 ], [ 127.14667, 36.776959 ], [ 127.146662, 36.777011 ], [ 127.146642, 36.777024 ], [ 127.146654, 36.777031 ] ] ] } },
{ "type": "Feature", "properties": { "id": 85640, "model": "road", "type": "2", "accuracy": "95.09", "area": "96.02", "address": "충청남도 천안시 동남구 신방동 218-3", "region_code": "4413111600", "memo": "" }, "geometry": { "type": "Polygon", "coordinates": [ [ [ 127.138993, 36.776801 ], [ 127.139024, 36.776791 ], [ 127.139036, 36.776794 ], [ 127.139139, 36.776775 ], [ 127.139173, 36.776753 ], [ 127.13917, 36.776739 ], [ 127.139159, 36.77673 ], [ 127.139103, 36.776737 ], [ 127.139066, 36.77675 ], [ 127.139061, 36.776771 ], [ 127.138998, 36.776769 ], [ 127.138993, 36.776778 ], [ 127.138972, 36.776781 ], [ 127.138975, 36.776791 ], [ 127.138993, 36.776801 ] ] ] } },
{ "type": "Feature", "properties": { "id": 85641, "model": "road", "type": "2", "accuracy": "96.6", "area": "320.27", "address": "충청남도 천안시 동남구 청당동 431", "region_code": "4413111100", "memo": "" }, "geometry": { "type": "Polygon", "coordinates": [ [ [ 127.13947, 36.776882 ], [ 127.139508, 36.776878 ], [ 127.139508, 36.776854 ], [ 127.139486, 36.776805 ], [ 127.139501, 36.7768 ], [ 127.139515, 36.776737 ], [ 127.139532, 36.776721 ], [ 127.139532, 36.776708 ], [ 127.139518, 36.776699 ], [ 127.139498, 36.776702 ], [ 127.139459, 36.77666 ], [ 127.13939, 36.776658 ], [ 127.1394, 36.776704 ], [ 127.139369, 36.776705 ], [ 127.139351, 36.77672 ], [ 127.139353, 36.776756 ], [ 127.139355, 36.776749 ], [ 127.139377, 36.776759 ], [ 127.139405, 36.776751 ], [ 127.139413, 36.776756 ], [ 127.139401, 36.776773 ], [ 127.139411, 36.776796 ], [ 127.139458, 36.776828 ], [ 127.139454, 36.776852 ], [ 127.139465, 36.776876 ], [ 127.13947, 36.776882 ] ] ] } },
{ "type": "Feature", "properties": { "id": 85643, "model": "road", "type": "1", "accuracy": "95.14", "area": "93.30", "address": "충청남도 천안시 동남구 청당동 1009", "region_code": "4413111100", "memo": "" }, "geometry": { "type": "Polygon", "coordinates": [ [ [ 127.159259, 36.776729 ], [ 127.159375, 36.776722 ], [ 127.159365, 36.776719 ], [ 127.15938, 36.77671 ], [ 127.159368, 36.776706 ], [ 127.159372, 36.7767 ], [ 127.159274, 36.776699 ], [ 127.159274, 36.776682 ], [ 127.159283, 36.776678 ], [ 127.159203, 36.776675 ], [ 127.159201, 36.776707 ], [ 127.15921, 36.776723 ], [ 127.159259, 36.776729 ] ] ] } },
{ "type": "Feature", "properties": { "id": 85645, "model": "road", "type": "2", "accuracy": "96.7", "area": "401.12", "address": "충청남도 아산시 배방읍 휴대리 89-2", "region_code": "4420025330", "memo": "" }, "geometry": { "type": "Polygon", "coordinates": [ [ [ 127.114535, 36.776491 ], [ 127.114585, 36.776522 ], [ 127.114623, 36.776533 ], [ 127.114823, 36.776629 ], [ 127.114875, 36.776675 ], [ 127.114955, 36.776808 ], [ 127.11498, 36.776868 ], [ 127.114996, 36.776962 ], [ 127.115011, 36.776985 ], [ 127.115023, 36.776986 ], [ 127.115023, 36.776922 ], [ 127.11499, 36.776812 ], [ 127.114938, 36.776714 ], [ 127.114901, 36.776664 ], [ 127.114889, 36.776654 ], [ 127.114874, 36.776658 ], [ 127.114868, 36.776629 ], [ 127.114825, 36.776599 ], [ 127.114775, 36.776577 ], [ 127.114731, 36.776577 ], [ 127.114716, 36.776552 ], [ 127.114612, 36.776503 ], [ 127.114506, 36.776442 ], [ 127.11446, 36.776432 ], [ 127.114439, 36.776436 ], [ 127.114417, 36.776422 ], [ 127.114378, 36.776415 ], [ 127.11434, 36.776425 ], [ 127.114358, 36.776437 ], [ 127.114358, 36.776456 ], [ 127.114413, 36.776448 ], [ 127.114535, 36.776491 ] ] ] } },
{ "type": "Feature", "properties": { "id": 85646, "model": "road", "type": "1", "accuracy": "95.02", "area": "110.54", "address": "충청남도 천안시 동남구 청당동 1012", "region_code": "4413111100", "memo": "" }, "geometry": { "type": "Polygon", "coordinates": [ [ [ 127.145721, 36.776625 ], [ 127.145764, 36.776597 ], [ 127.145767, 36.776582 ], [ 127.145758, 36.77658 ], [ 127.14574, 36.776596 ], [ 127.145656, 36.776594 ], [ 127.145626, 36.77658 ], [ 127.145615, 36.776543 ], [ 127.145547, 36.776543 ], [ 127.145592, 36.776593 ], [ 127.14563, 36.77662 ], [ 127.145665, 36.776629 ], [ 127.145721, 36.776625 ] ] ] } },
{ "type": "Feature", "properties": { "id": 85647, "model": "road", "type": "1", "accuracy": "95.29", "area": "183.86", "address": "충청남도 천안시 동남구 청당동 1012", "region_code": "4413111100", "memo": "" }, "geometry": { "type": "Polygon", "coordinates": [ [ [ 127.145752, 36.776543 ], [ 127.145744, 36.776575 ], [ 127.145751, 36.77657 ], [ 127.145783, 36.776571 ], [ 127.14579, 36.77656 ], [ 127.14579, 36.77643 ], [ 127.14576, 36.776324 ], [ 127.145741, 36.776312 ], [ 127.145733, 36.776293 ], [ 127.145718, 36.776292 ], [ 127.14572, 36.776334 ], [ 127.145704, 36.776373 ], [ 127.145725, 36.776388 ], [ 127.145748, 36.776433 ], [ 127.145752, 36.776543 ] ] ] } },
{ "type": "Feature", "properties": { "id": 85648, "model": "road", "type": "1", "accuracy": "97.64", "area": "3200.72", "address": "충청남도 천안시 동남구 구룡동 562", "region_code": "4413112000", "memo": "" }, "geometry": { "type": "Polygon", "coordinates": [ [ [ 127.139674, 36.775905 ], [ 127.139558, 36.775929 ], [ 127.139502, 36.775931 ], [ 127.139479, 36.775957 ], [ 127.139479, 36.775969 ], [ 127.139398, 36.775997 ], [ 127.139354, 36.775997 ], [ 127.139353, 36.776026 ], [ 127.139365, 36.776038 ], [ 127.139366, 36.776065 ], [ 127.139385, 36.776097 ], [ 127.139391, 36.776126 ], [ 127.139387, 36.776164 ], [ 127.139344, 36.776206 ], [ 127.139328, 36.776235 ], [ 127.139318, 36.776344 ], [ 127.139351, 36.776374 ], [ 127.13935, 36.776434 ], [ 127.139332, 36.776447 ], [ 127.139329, 36.776461 ], [ 127.13935, 36.776524 ], [ 127.139348, 36.77655 ], [ 127.139371, 36.77655 ], [ 127.139387, 36.776568 ], [ 127.139429, 36.77655 ], [ 127.139429, 36.776529 ], [ 127.139414, 36.776422 ], [ 127.139386, 36.776412 ], [ 127.139382, 36.776397 ], [ 127.139391, 36.776387 ], [ 127.139378, 36.776374 ], [ 127.139402, 36.776374 ], [ 127.13941, 36.77636 ], [ 127.139423, 36.776358 ], [ 127.139415, 36.776353 ], [ 127.139441, 36.776352 ], [ 127.139499, 36.776367 ], [ 127.139546, 36.7764 ], [ 127.139553, 36.776439 ], [ 127.139545, 36.776479 ], [ 127.139563, 36.776497 ], [ 127.139576, 36.776626 ], [ 127.139588, 36.776661 ], [ 127.139591, 36.776747 ], [ 127.139618, 36.776904 ], [ 127.139617, 36.776919 ], [ 127.139599, 36.776922 ], [ 127.139594, 36.776961 ], [ 127.139627, 36.776966 ], [ 127.139652, 36.777137 ], [ 127.139663, 36.777143 ], [ 127.139668, 36.777167 ], [ 127.139695, 36.777204 ], [ 127.139738, 36.777245 ], [ 127.139749, 36.777233 ], [ 127.139743, 36.777182 ], [ 127.139685, 36.776793 ], [ 127.139694, 36.776716 ], [ 127.139716, 36.776688 ], [ 127.139755, 36.776679 ], [ 127.139791, 36.776651 ], [ 127.139831, 36.776656 ], [ 127.139851, 36.776631 ], [ 127.139851, 36.776618 ], [ 127.139878, 36.776618 ], [ 127.139881, 36.776604 ], [ 127.139873, 36.776596 ], [ 127.1398, 36.776598 ], [ 127.139698, 36.77661 ], [ 127.139672, 36.776608 ], [ 127.139658, 36.776595 ], [ 127.139651, 36.776586 ], [ 127.139649, 36.776444 ], [ 127.13963, 36.776404 ], [ 127.139598, 36.776256 ], [ 127.139544, 36.776156 ], [ 127.139548, 36.776106 ], [ 127.139557, 36.776082 ], [ 127.139569, 36.776081 ], [ 127.139564, 36.776058 ], [ 127.13955, 36.776034 ], [ 127.139534, 36.776031 ], [ 127.13949, 36.776044 ], [ 127.139479, 36.77603 ], [ 127.139481, 36.776016 ], [ 127.139513, 36.775996 ], [ 127.13954, 36.775996 ], [ 127.139581, 36.775979 ], [ 127.139627, 36.775975 ], [ 127.139716, 36.775944 ], [ 127.139789, 36.775894 ], [ 127.139788, 36.775885 ], [ 127.13976, 36.775869 ], [ 127.139754, 36.775855 ], [ 127.139737, 36.775853 ], [ 127.139726, 36.775861 ], [ 127.139719, 36.775852 ], [ 127.139703, 36.775826 ], [ 127.139702, 36.77579 ], [ 127.139666, 36.775768 ], [ 127.139678, 36.775745 ], [ 127.139668, 36.775727 ], [ 127.139649, 36.775727 ], [ 127.139643, 36.775852 ], [ 127.13965, 36.775868 ], [ 127.139677, 36.775868 ], [ 127.139693, 36.775878 ], [ 127.139674, 36.775905 ] ] ] } },
{ "type": "Feature", "properties": { "id": 85649, "model": "road", "type": "2", "accuracy": "93.63", "area": "79.18", "address": "충청남도 아산시 배방읍 휴대리 89-2", "region_code": "4420025330", "memo": "" }, "geometry": { "type": "Polygon", "coordinates": [ [ [ 127.114327, 36.776432 ], [ 127.114323, 36.776416 ], [ 127.114297, 36.776401 ], [ 127.114207, 36.776384 ], [ 127.114191, 36.776371 ], [ 127.114171, 36.776368 ], [ 127.114163, 36.776354 ], [ 127.11411, 36.776341 ], [ 127.114108, 36.77635 ], [ 127.114123, 36.776352 ], [ 127.114135, 36.776368 ], [ 127.114198, 36.776403 ], [ 127.114211, 36.776402 ], [ 127.114241, 36.776419 ], [ 127.11428, 36.776422 ], [ 127.11431, 36.776438 ], [ 127.114327, 36.776432 ] ] ] } },
{ "type": "Feature", "properties": { "id": 85650, "model": "road", "type": "1", "accuracy": "96.01", "area": "190.68", "address": "충청남도 천안시 동남구 신방동 945-1", "region_code": "4413111600", "memo": "" }, "geometry": { "type": "Polygon", "coordinates": [ [ [ 127.138872, 36.776396 ], [ 127.139101, 36.776369 ], [ 127.139181, 36.776377 ], [ 127.139196, 36.776366 ], [ 127.139168, 36.77635 ], [ 127.139152, 36.776331 ], [ 127.139144, 36.776332 ], [ 127.139134, 36.776355 ], [ 127.139134, 36.776321 ], [ 127.139101, 36.776319 ], [ 127.139035, 36.776327 ], [ 127.138992, 36.776345 ], [ 127.138856, 36.776379 ], [ 127.138847, 36.776388 ], [ 127.138851, 36.776394 ], [ 127.138872, 36.776396 ] ] ] } },
{ "type": "Feature", "properties": { "id": 85651, "model": "road", "type": "2", "accuracy": "94.73", "area": "454.15", "address": "충청남도 천안시 동남구 청당동 1015", "region_code": "4413111100", "memo": "" }, "geometry": { "type": "Polygon", "coordinates": [ [ [ 127.144303, 36.776291 ], [ 127.14437, 36.776287 ], [ 127.144386, 36.77628 ], [ 127.144386, 36.776287 ], [ 127.144445, 36.776284 ], [ 127.144507, 36.776292 ], [ 127.144523, 36.776284 ], [ 127.144573, 36.776288 ], [ 127.144803, 36.77628 ], [ 127.144846, 36.776263 ], [ 127.144848, 36.776269 ], [ 127.144874, 36.776269 ], [ 127.144887, 36.776254 ], [ 127.144889, 36.776229 ], [ 127.144858, 36.77622 ], [ 127.144684, 36.776223 ], [ 127.144676, 36.776233 ], [ 127.144686, 36.776256 ], [ 127.144641, 36.776264 ], [ 127.144617, 36.776253 ], [ 127.144617, 36.776243 ], [ 127.144601, 36.776259 ], [ 127.14459, 36.776257 ], [ 127.144597, 36.776239 ], [ 127.144609, 36.776233 ], [ 127.144625, 36.776236 ], [ 127.144624, 36.776227 ], [ 127.144597, 36.776226 ], [ 127.144588, 36.776245 ], [ 127.144555, 36.776248 ], [ 127.144506, 36.776228 ], [ 127.144421, 36.77622 ], [ 127.144372, 36.776238 ], [ 127.144381, 36.776267 ], [ 127.144343, 36.776258 ], [ 127.144346, 36.776244 ], [ 127.144325, 36.776233 ], [ 127.144296, 36.776232 ], [ 127.144293, 36.776285 ], [ 127.144303, 36.776291 ] ] ] } },
{ "type": "Feature", "properties": { "id": 85653, "model": "road", "type": "2", "accuracy": "97.35", "area": "666.63", "address": "충청남도 천안시 동남구 신방동 2115", "region_code": "4413111600", "memo": "" }, "geometry": { "type": "Polygon", "coordinates": [ [ [ 127.139337, 36.776113 ], [ 127.139349, 36.776078 ], [ 127.139346, 36.775997 ], [ 127.139306, 36.775997 ], [ 127.139306, 36.776135 ], [ 127.139208, 36.776135 ], [ 127.139225, 36.776158 ], [ 127.13922, 36.776182 ], [ 127.139213, 36.776193 ], [ 127.139199, 36.776197 ], [ 127.139197, 36.776213 ], [ 127.139157, 36.776214 ], [ 127.139153, 36.776233 ], [ 127.139165, 36.776227 ], [ 127.139169, 36.776244 ], [ 127.13916, 36.776253 ], [ 127.13914, 36.776259 ], [ 127.139133, 36.776219 ], [ 127.139088, 36.776244 ], [ 127.139025, 36.776252 ], [ 127.138982, 36.776245 ], [ 127.138916, 36.776258 ], [ 127.138879, 36.776271 ], [ 127.138883, 36.776282 ], [ 127.138867, 36.776288 ], [ 127.13886, 36.776302 ], [ 127.138876, 36.77631 ], [ 127.138879, 36.776319 ], [ 127.138887, 36.776314 ], [ 127.138974, 36.776317 ], [ 127.139, 36.776308 ], [ 127.139059, 36.776307 ], [ 127.139078, 36.776299 ], [ 127.139211, 36.77629 ], [ 127.139266, 36.776277 ], [ 127.139316, 36.776246 ], [ 127.139353, 36.77619 ], [ 127.139337, 36.776113 ] ] ] } },
{ "type": "Feature", "properties": { "id": 85654, "model": "road", "type": "1", "accuracy": "93.88", "area": "129.05", "address": "충청남도 천안시 동남구 청당동 1015", "region_code": "4413111100", "memo": "" }, "geometry": { "type": "Polygon", "coordinates": [ [ [ 127.144492, 36.776201 ], [ 127.144675, 36.776197 ], [ 127.144663, 36.776193 ], [ 127.144669, 36.776183 ], [ 127.144661, 36.776177 ], [ 127.144671, 36.776168 ], [ 127.144663, 36.776149 ], [ 127.144621, 36.776139 ], [ 127.144532, 36.776144 ], [ 127.144512, 36.77617 ], [ 127.14452, 36.776183 ], [ 127.144516, 36.776197 ], [ 127.144492, 36.776201 ] ] ] } },
{ "type": "Feature", "properties": { "id": 85655, "model": "road", "type": "1", "accuracy": "98.14", "area": "660.76", "address": "충청남도 천안시 동남구 청당동 1015", "region_code": "4413111100", "memo": "" }, "geometry": { "type": "Polygon", "coordinates": [ [ [ 127.145195, 36.776193 ], [ 127.145234, 36.776198 ], [ 127.145299, 36.77619 ], [ 127.1455, 36.776196 ], [ 127.1455, 36.776128 ], [ 127.145328, 36.776128 ], [ 127.145328, 36.776098 ], [ 127.144984, 36.776107 ], [ 127.144984, 36.776194 ], [ 127.145195, 36.776193 ] ] ] } },
{ "type": "Feature", "properties": { "id": 85656, "model": "road", "type": "1", "accuracy": "96.4", "area": "92.40", "address": "충청남도 천안시 동남구 청당동 1015", "region_code": "4413111100", "memo": "" }, "geometry": { "type": "Polygon", "coordinates": [ [ [ 127.146702, 36.776114 ], [ 127.146682, 36.7761 ], [ 127.146624, 36.776097 ], [ 127.146633, 36.776086 ], [ 127.146626, 36.776083 ], [ 127.146532, 36.776084 ], [ 127.146532, 36.776126 ], [ 127.146706, 36.776126 ], [ 127.146702, 36.776114 ] ] ] } },
{ "type": "Feature", "properties": { "id": 85657, "model": "road", "type": "2", "accuracy": "96.44", "area": "322.67", "address": "충청남도 아산시 배방읍 휴대리 115", "region_code": "4420025330", "memo": "" }, "geometry": { "type": "Polygon", "coordinates": [ [ [ 127.118014, 36.776128 ], [ 127.118097, 36.776103 ], [ 127.118202, 36.776086 ], [ 127.118238, 36.776067 ], [ 127.118323, 36.776053 ], [ 127.118352, 36.776038 ], [ 127.118393, 36.776035 ], [ 127.118402, 36.776026 ], [ 127.118395, 36.776019 ], [ 127.118487, 36.776002 ], [ 127.118487, 36.775973 ], [ 127.11841, 36.775986 ], [ 127.11836, 36.776003 ], [ 127.118266, 36.776016 ], [ 127.118243, 36.776031 ], [ 127.118145, 36.776047 ], [ 127.118061, 36.776073 ], [ 127.117973, 36.776112 ], [ 127.117941, 36.776116 ], [ 127.117929, 36.776123 ], [ 127.117926, 36.776134 ], [ 127.117956, 36.77614 ], [ 127.117971, 36.77613 ], [ 127.118014, 36.776128 ] ] ] } },
{ "type": "Feature", "properties": { "id": 85658, "model": "road", "type": "2", "accuracy": "95.93", "area": "89.95", "address": "충청남도 천안시 동남구 청당동 433-11", "region_code": "4413111100", "memo": "" }, "geometry": { "type": "Polygon", "coordinates": [ [ [ 127.145509, 36.776063 ], [ 127.145538, 36.776049 ], [ 127.145574, 36.776015 ], [ 127.145576, 36.776003 ], [ 127.145615, 36.775984 ], [ 127.145658, 36.775946 ], [ 127.145625, 36.775943 ], [ 127.145543, 36.775994 ], [ 127.145491, 36.776041 ], [ 127.145487, 36.776065 ], [ 127.145509, 36.776063 ] ] ] } },
{ "type": "Feature", "properties": { "id": 85665, "model": "road", "type": "1", "accuracy": "97.53", "area": "179.27", "address": "충청남도 천안시 동남구 구룡동 563-3", "region_code": "4413112000", "memo": "" }, "geometry": { "type": "Polygon", "coordinates": [ [ [ 127.140246, 36.775524 ], [ 127.140224, 36.775478 ], [ 127.140234, 36.775454 ], [ 127.140224, 36.775427 ], [ 127.140201, 36.775393 ], [ 127.140165, 36.775371 ], [ 127.140165, 36.775539 ], [ 127.14018, 36.775536 ], [ 127.140207, 36.77558 ], [ 127.140246, 36.77558 ], [ 127.140238, 36.775557 ], [ 127.140246, 36.775524 ] ] ] } }
]
}
